Mineprep:0.5 | 时间戳1789889184.6354427,中文,English,繁體中文,,,"② *生成器过滤类型{1:'👤', 2:'🟩' , 3:'🟥', 4:'🟨', 5:'🌊', 6:'📸', 7:'💡', 8:'👪', 9:'✨', 10:'🧱', 11:'𝓕', 12:'🔧'}",<2:放置生物>,<2:Mobs>,<2:放置生物>,,,,③,<3:预设素材>,<3:Preset>,<3:預設素材>,,,④,<4:附加组件>,<4:Attach>,<4:附加組件>,,,⑤,<5:枚举选项>,<5:Enum Options>,<5:枚舉選項>,,,,⑥,<6:放置方块>,<6:Blocks>,<6:放置方塊>,,,,⑦,<7:放置物品>,<7:Items>,<7:放置物品>
0,准备场景,Prep Scene,準備場景,,,👤,Steve,Steve,Steve,,,,🟥,VFX下界传送门,VFX Nether Portal,VFX地獄傳送門,,,🔧,拴绳,Lead,牽繩(拴繩),,,,"低
中
高
极高","Low
Medium
High
Epic","低 
中
高
極高",,,,👤🟩,金合欢木按钮,acacia_button,相思木按鈕,,,,👤🟩🌊,金合欢木船,acacia_boat,相思木船
1,更换材质,Swap Texture,更換材質,,,👤,Alex (细手臂),Alex (slim),Alex (細手臂),,,,🌊,可交互2D水面,Interactive 2D Water,可交互2D水面,,,✨🟨,末影粒子,Ender Particles,末影粒子,,,,"8bit 4:2:0#8bit420
8bit 4:2:2#8bit422
8bit 4:4:4#8bit444
10bit 4:2:0#10bit420
10bit 4:2:2#10bit422
10bit 4:4:4#10bit444
12bit 4:2:0#12bit420
12bit 4:2:2#12bit422
12bit 4:4:4#12bit444","8bit 4:2:0#8bit420
8bit 4:2:2#8bit422
8bit 4:4:4#8bit444
10bit 4:2:0#10bit420
10bit 4:2:2#10bit422
10bit 4:4:4#10bit444
12bit 4:2:0#12bit420
12bit 4:2:2#12bit422
12bit 4:4:4#12bit444","8bit 4:2:0#8bit420
8bit 4:2:2#8bit422
8bit 4:4:4#8bit444
10bit 4:2:0#10bit420
10bit 4:2:2#10bit422
10bit 4:4:4#10bit444
12bit 4:2:0#12bit420
12bit 4:2:2#12bit422
12bit 4:4:4#12bit444",,,,👤🟩,金合欢木按钮 [物品栏],acacia_button_inventory,相思木按鈕 [物品欄],,,,👤🟩🌊,金合欢木运输船,acacia_chest_boat,儲物箱相思木船
2,批量处理对象 :,Target :,批量處理對象：,,,👤,Steve+表情,Steve_face,Steve+表情,,,,🌊,可交互3D水池,Interactive 3D Water Pool,可交互3D水池,,,✨,爆炸粒子,Explosion Particles,爆炸粒子,,,,"2K_120.mp4
2K_120_HDR.mp4
2K_透明_Prores.mov
2K_3D.mp4
4K_VR全景.mp4
2K_HDR.png
2K_HDR.exr
512x512_动图.gif
512x512_动图.webp
默认","2K_120.mp4
2K_120_HDR.mp4
2K_Transparent_Prores.mov
2K_3D.mp4
4K_VR_Panorama.mp4
2K_HDR.png
2K_HDR.exr
512x512_Animated.gif
512x512_Animated.webp
Default","2K_120.mp4
2K_120_HDR.mp4
2K_透明_Prores.mov
2K_3D.mp4
4K_VR全景.mp4
2K_HDR.png
2K_HDR.exr
512x512_動圖.gif
512x512_動圖.webp
缺省",,,,👤🟩,金合欢木按钮 [按下],acacia_button_pressed,相思木按鈕 [按下],,,,👤🟩,金合欢木门,acacia_door,相思木門
3,视口选中项,Viewport selected,視口選中項,,,👤,Alex (细手臂+表情),Alex (slim)_face,Alex (細手臂+表情),,,,📸,摇臂摄像机,Crane Camera,搖臂攝像機,,,🔧,“通用跟踪目标” tag,“Followed Target”  tag,“通用跟踪目標” tag,,,,"普通 (sRGB)
HDR (Rec2100 PQ)
ACEScg
线性 (linear)","sRGB
HDR (Rec2100 PQ)
ACEScg
linear","普通 (sRGB)
HDR (Rec2100 PQ)
ACEScg
綫性 (linear)",,,,👤🟩,金合欢木门 [底部左],acacia_door_bottom_left,相思木門 [底部左],,,,👤🟩,悬挂式金合欢木告示牌,acacia_hanging_sign,相思木吊牌 (懸掛式相思木告示牌)
4,内容浏览器选中项,Content Browser Selected,内容瀏覽器選中項,,,👤,Steve 模块化IK绑定,Steve_modular IK rig,Steve 模塊化IK綁定,,,,✨,曲线引导粒子,Curve Guide Particles,曲線引導粒子,,,🔧,“碰撞” tag,“collider”  tag,“碰撞” tag,,,,"720p#1280x720
1080p#1920x1080
2K#2560x1440
4K#3840x2160
VR_4K (2:1)#4096x2048
VR_8K (2:1)#8192x4096
DCI_2K (1.89:1)#2048x1080
DCI_4K (1.89:1)#4096x2160
老电影 4:3#1920x1440
宽屏 2.39:1#3440x1440
方形 512x512#512x512
竖屏 9:16#1080x1920","720p#1280x720
1080p#1920x1080
2K#2560x1440
4K#3840x2160
VR_4K (2:1)#4096x2048
VR_8K (2:1)#8192x4096
DCI_2K (1.89:1)#2048x1080
DCI_4K (1.89:1)#4096x2160
Classic film 4:3#1920x1440
Widescreen 2.39:1#3440x1440
Square 512x512#512x512
Portrait 9:16#1080x1920","720p#1280x720
1080p#1920x1080
2K#2560x1440
4K#3840x2160
VR_4K (2:1)#4096x2048
VR_8K (2:1)#8192x4096
DCI_2K (1.89:1)#2048x1080
DCI_4K (1.89:1)#4096x2160
老電影 4:3#1920x1440
寬屏 2.39:1#3440x1440
方形 512x512#512x512
竪屏 9:16#1080x1920",,,,👤🟩,金合欢木门 [底部左打开],acacia_door_bottom_left_open,相思木門 [底部左打開],,,,👤🟩,金合欢木告示牌,acacia_sign,相思木指示牌 (相思木告示牌)
5,Blender路径,Blender path,Blender路徑,,,👤,Steve 直角弯折,Steve_angular bent,Steve 直角彎折,,,,🟩,滚动方块,Rolling Block,滾動方塊,,,📸,同步摄像机,Sync Camera,同步攝像機,,,,"无
模拟运行
第一人称
第三人称
FPV飞行","None
Run Simulation
First-person
Third-person
FPV Drone","無
模擬運行
第一人稱
第三人稱
FPV飛行",,,,👤🟩,金合欢木门 [底部右],acacia_door_bottom_right,相思木門 [底部右],,,,👤🟩,悦灵刷怪蛋,allay_spawn_egg,悦靈生成蛋 (悅靈生怪蛋)
6,"勾选框：是否将此参数用于准备场景、更换材质和应用所选参数按钮📥
按住左键可批量刷选","Checkbox: Whether to use this param for Prep Scene, Swap Texture and “Apply Selected Params” button 📥
Hold Left Mouse Button to batch-check the boxes.","勾選框：是否將此參數用於準備場景、更換材質和套用所選參數按鈕 📥
按住左鍵可批量刷選",,,👤,Steve [NPC],Steve [NPC],Steve [NPC],,,,✨,粒子自碰撞,Self-collision Particles,粒子自碰撞,,,🔧,骑乘上一个选中项,Ride Previous-Selected Actors,騎乘上一個選中項,,,,"CPU (慢)#CPU
Nvidia GPU#Nvidia
Intel GPU#Intel
AMD GPU#AMD
Apple GPU#Apple
Vulkan#Vulkan","CPU (slow)#CPU
Nvidia GPU#Nvidia
Intel GPU#Intel
AMD GPU#AMD
Apple GPU#Apple
Vulkan#Vulkan","CPU (慢)#CPU
Nvidia GPU#Nvidia
Intel GPU#Intel
AMD GPU#AMD
Apple GPU#Apple
Vulkan#Vulkan",,,,👤🟩,金合欢木门 [底部右打开],acacia_door_bottom_right_open,相思木門 [底部右打開],,,,🟩,紫水晶碎片,amethyst_shard,紫水晶碎片
7,"点击解锁滑条的范围限制（*你始终可以通过键盘输入超出范围的值）
按住左键可批量刷选","Click to unlock the slider’s range limit (*You can always enter values beyond the limit using keyboard)
Hold Left Mouse Button to batch-unlock this function.","點擊以解鎖滑條的範圍限制（*你始終可以透過鍵盤輸入超出範圍的數值）
按住左鍵可批量刷選",,,👤,Steve 高级运动匹配NPC,Advanced NPC,Steve 高級運動匹配NPC,,,,✨,落叶粒子,Falling Leaves,落葉粒子,,,✨,脚步粒子,Footstep Particles,脚步粒子,,,,"无#No
动图.gif#gif
动图.webp#webp
HDR/序列帧.png#png
HDR/动图.avif#avif
HDR/动图.jxl#jxl","None#No
Anim.gif#gif
Anim.webp#webp
HDR/Sequence.png#png
HDR/Anim.avif#avif
HDR/Anim.jxl#jxl","無#No
動圖.gif#gif
動圖.webp#webp
HDR/序列幀.png#png
HDR/動圖.avif#avif
HDR/動圖.jxl#jxl",,,,👤🟩,金合欢木门 [顶部左],acacia_door_top_left,相思木門 [頂部左],,,,👤🟩,垂钓纹样陶片,angler_pottery_sherd,垂釣陶罐碎片 (垂釣陶器碎片)
8,"实时同步，修改参数值能直接应用于选中项
按住左键可批量刷选","Live Link: modifying the param will be directly applied to selected actors.
Hold Left Mouse Button to batch-enable this function.","即時同步：修改參數值會直接套用到選中的項目
按住左鍵可批量刷選",,,🟩,僵尸,Zombie,喪屍(殭屍),,,,📸,飞行摄像机,FPV Flying Camera,飛行攝像機,,,🔧,阻隔（渲染为透明）,Alpha Holdout,阻隔（渲染為透明）,,,,"两组独立输出
左右并排 FSBS
上下并列 FTB
红蓝滤色","Two Seperate Outputs
Full Side By Side
Full Top Bottom
Red-Cyan Anaglyph","兩組獨立輸出
左右並排 FSBS
上下並列 FTB
紅藍濾色",,,,👤🟩,金合欢木门 [顶部左打开],acacia_door_top_left_open,相思木門 [頂部左打開],,,,🟩,苹果,apple,蘋果
9,"关键帧按钮，左键对所有选中项添加关键帧，若参数名不存在则跳过
右键/中键会先应用参数值，再添加关键帧","Keyframe button: Left‑click to add keyframes to all selected actors; skip if the param name does not exist.
Right‑click / Middle‑click will apply the param value first, then add keyframes.","關鍵幀按鈕，左鍵為所有選中項添加關鍵幀，若參數名稱不存在則跳過
右鍵/中鍵會先套用參數值，再添加關鍵幀",,,🟩👤,僵尸 [NPC],Zombie [NPC],喪屍(殭屍) [NPC],,,,✨🌊,下雨粒子,Rain Particles,下雨粒子,,,📸,nDisplay 3D摄像机组,nDisplay 3D Camera Rig,nDisplay 3D攝像機組,,,,"CPU（实例）
GPU（PCG）
GPU（粒子）","CPU (Instances)
GPU (PCG)
GPU (Particles)","CPU（實例）
GPU（PCG）
GPU（粒子）",,,,👤🟩,金合欢木门 [顶部右],acacia_door_top_right,相思木門 [頂部右],,,,👤🟩,弓箭纹样陶片,archer_pottery_sherd,弓箭陶罐碎片 (弓箭陶器碎片)
10,植物摇摆,Sway,植物搖擺,,,🟩,尸壳,Husk,屍殼,,,,✨🌊,下雪粒子,Snow Particles,下雪粒子,,,💡,局部调色遮罩(2D),Color Correction Window(2D),局部調色遮罩(2D),,,,,,,,,,👤🟩,金合欢木门 [顶部右打开],acacia_door_top_right_open,相思木門 [頂部右打開],,,,🟩,犰狳鳞甲,armadillo_scute,犰狳鱗甲
11,应用所选参数,Apply Selected Params,套用所選參數,,,🟩👤,尸壳 [NPC],Husk [NPC],屍殼 [NPC],,,,✨,爆炸粒子,Explosion Particles,爆炸粒子,,,💡,局部调色区域(3D),Color Correction Region(3D),局部調色區域(3D),,,,,,,,,,👤🟩,金合欢木栅栏门,acacia_fence_gate,相思木閘門 (相思木柵欄門),,,,👤🟩,犰狳刷怪蛋,armadillo_spawn_egg,犰狳生成蛋 (犰狳生怪蛋)
12,按动态材质等级过滤参数,Filter params based on dynamic level,按動態材質等級過濾參數,,,🟩🌊,溺尸,Drowned,溺屍(沉屍),,,,👤,软体史蒂夫,Soft Body Steve,軟體史蒂夫,,,🔧,绑定父级至最后选中项,Set Parent to the last selected one,綁定父級至最後選中項,,,,,,,,,,👤🟩,金合欢木栅栏门 [打开],acacia_fence_gate_open,相思木閘門 (相思木柵欄門) [打開],,,,👤🟩,盔甲架,armor_stand,盔甲座
13,加载预设 :,Load Preset :,加載預設：,,,🟩🌊👤,溺尸 [NPC],Drowned [NPC],溺屍(沉屍) [NPC],,,,🔧,MC像素文字,MC Pixel Text,MC像素文字,,,✨𝓕,粒子/材质力场,Particle/Matertial Force Field,粒子/材質力場,,,,,,,,,,👤🟩,金合欢木栅栏门 [墙上],acacia_fence_gate_wall,相思木閘門 (相思木柵欄門) [牆上],,,,👤🟩,举臂纹样陶片,arms_up_pottery_sherd,舉臂陶罐碎片 (人形陶器碎片)
14,倍率,Mult,倍率,,,🟥,猪灵,Piglin,豬人(豬布林),,,,📸,同步玩家摄像机,Sync Player Camera,同步玩家攝像機,,,🔧✨,动态设计效应器,Motion Design Effector,動態設計效應器,,,,,,,,,,👤🟩,金合欢木栅栏门 [墙上打开],acacia_fence_gate_wall_open,相思木閘門 (相思木柵欄門) [牆上打開],,,,🟩,箭,arrow,箭 (箭矢)
15,打开输出文件夹,Open Output Folder,打開輸出資料夾,,,🟥👤,猪灵 [NPC],Piglin [NPC],豬人(豬布林) [NPC],,,,💡,丁达尔体积光,God Rays Light,丁達爾體積光,,,🔧,简单倒角覆层材质,Simple Bevel Overlay Material,簡單倒角覆層材質,,,,,,,,,,👤🟩,金合欢木栅栏 [物品栏],acacia_fence_inventory,相思木欄杆 (相思木柵欄) [物品欄],,,,👤🌊,美西螈桶,axolotl_bucket,墨西哥蠑螈桶 (六角恐龍桶)
16,输出图片序列帧格式,Image sequence :,輸出圖片序列幀格式,,,🟥,猪灵蛮兵,Piglin Brute,殘暴豬人(豬布林蠻兵),,,,💡,动态体积雾,Dynamic Volumetric Fog,動態體積霧,,,🔧,简单跟随路径运动控制器,Simple Follow Path Controller,簡單跟隨路徑運動控制器,,,,,,,,,,👤🟩,金合欢木栅栏 [柱],acacia_fence_post,相思木欄杆 (相思木柵欄) [柱],,,,👤🟩,美西螈刷怪蛋,axolotl_spawn_egg,墨西哥蠑螈生成蛋 (六角恐龍生怪蛋)
17,分辨率,Resolution,分辨率,,,🟥👤,猪灵蛮兵 [NPC],Piglin Brute [NPC],殘暴豬人(豬布林蠻兵) [NPC],,,,📸,导轨摄像机,Rail Camera,導軌攝像機,,,🔧,摇晃振动弹跳轨道,Shake/Vibrate/Bounce Track,搖晃振動彈跳軌道,,,,,,,,,,👤🟩,金合欢木栅栏 [边],acacia_fence_side,相思木欄杆 (相思木柵欄) [邊],,,,🟩,烤马铃薯,baked_potato,焗薯仔 (烤馬鈴薯)
18,采样数,Samples,採樣數,,,🟩,卫道士,Vindicator,衛道士,,,,✨𝓕,粒子交互场,Particle Interaction Field,粒子交互場,,,🔧,空物体,Null Object,空物體,,,,,,,,,,👤🟩,悬挂式金合欢木告示牌 [附着旋转0],acacia_hanging_sign_attached_rot_0,相思木吊牌 (懸掛式相思木告示牌) [附著旋轉0],,,,🟩,竹子,bamboo,竹 (竹子)
19,空间x时间,Spatial x Temporal,空間x時間,,,🟩👤,卫道士 [NPC],Vindicator [NPC],衛道士 [NPC],,,,🧱,堆放方块,Pile Up Blocks,堆放方塊,,,,,,,,,,,,,,,,👤🟩,悬挂式金合欢木告示牌 [附着旋转1],acacia_hanging_sign_attached_rot_1,相思木吊牌 (懸掛式相思木告示牌) [附著旋轉1],,,,👤🟩🌊,运输竹筏,bamboo_chest_raft,儲物箱竹筏
20,色彩管理,Color space,色彩管理,,,🟩,掠夺者,Pillager,掠奪者,,,,🧱👪🟩,背景生物散布器,Background Animal Scatter,背景生物散佈器,,,,,,,,,,,,,,,,👤🟩,悬挂式金合欢木告示牌 [附着旋转2],acacia_hanging_sign_attached_rot_2,相思木吊牌 (懸掛式相思木告示牌) [附著旋轉2],,,,👤🟩,竹门,bamboo_door,竹門
21,全景渲染,VR panorama render,全景渲染,,,🟩👤,掠夺者 [NPC],Pillager [NPC],掠奪者 [NPC],,,,📸,MC摄像机,MC Camera,MC攝像機,,,,,,,,,,,,,,,,👤🟩,悬挂式金合欢木告示牌 [附着旋转3],acacia_hanging_sign_attached_rot_3,相思木吊牌 (懸掛式相思木告示牌) [附著旋轉3],,,,👤🟩,悬挂式竹告示牌,bamboo_hanging_sign,竹吊牌 (懸掛式竹告示牌)
22,输出视频,Output a video,輸出視頻,,,🟩,骷髅,Skeleton,骷髏,,,,✨,礼花粒子,Confetti Particles,禮花粒子,,,,,,,,,,,,,,,,👤🟩,悬挂式金合欢木告示牌 [旋转0],acacia_hanging_sign_rot_0,相思木吊牌 (懸掛式相思木告示牌) [旋轉0],,,,👤🟩🌊,竹筏,bamboo_raft,竹筏
23,视频编码,Encoder,視頻編碼,,,🟩👤,骷髅 [NPC],Skeleton [NPC],骷髏 [NPC],,,,💡,局部调色遮罩(2D),Color Correction Window(2D),局部調色遮罩(2D),,,,,,,,,,,,,,,,👤🟩,悬挂式金合欢木告示牌 [旋转1],acacia_hanging_sign_rot_1,相思木吊牌 (懸掛式相思木告示牌) [旋轉1],,,,👤🟩,竹告示牌,bamboo_sign,竹指示牌 (竹告示牌)
24,硬件加速,Hardware,硬件加速,,,🟥,凋灵骷髅,Wither Skeleton,凋零骷髏,,,,💡,局部调色区域(3D),Color Correction Region(3D),局部調色區域(3D),,,,,,,,,,,,,,,,👤🟩,悬挂式金合欢木告示牌 [旋转2],acacia_hanging_sign_rot_2,相思木吊牌 (懸掛式相思木告示牌) [旋轉2],,,,🟩,屏障,barrier,屏障
25,色度抽样,Color codec,色度抽樣,,,🟥👤,凋灵骷髅 [NPC],Wither Skeleton [NPC],凋零骷髏 [NPC],,,,✨👪🟩,蜘蛛群粒子,Spider Swarm Particles,蜘蛛群粒子,,,,,,,,,,,,,,,,👤🟩,悬挂式金合欢木告示牌 [旋转3],acacia_hanging_sign_rot_3,相思木吊牌 (懸掛式相思木告示牌) [旋轉3],,,,👤🟩,蝙蝠刷怪蛋,bat_spawn_egg,蝙蝠生成蛋 (蝙蝠生怪蛋)
26,编码质量,Codec Quality,編碼質量,,,🟩,流浪者,Stray,流浪者(流髑),,,,✨👪🟩,虫群粒子(蠹虫),Silverfish Swarm Particles,蟲群粒子(蠹魚),,,,,,,,,,,,,,,,🟩,金合欢树叶,acacia_leaves,相思木樹葉,,,,👤🟩,蜜蜂刷怪蛋,bee_spawn_egg,蜜蜂生成蛋 (蜜蜂生怪蛋)
27,是HDR视频,HDR video,是HDR視頻,,,🟩👤,流浪者 [NPC],Stray [NPC],流浪者(流髑) [NPC],,,,✨👪🟨,虫群粒子(末影螨),Endermite Swarm Particles,蟲群粒子(終界蟎),,,,,,,,,,,,,,,,🟩,金合欢原木,acacia_log,相思木原木,,,,🟩,生牛肉,beef,生牛肉
28,更新渲染配置,Update Config,更新渲染配置,,,🟩,沼骸,Bogged,沼骨(沼骸),,,,𝓕,径向力 (全局扩展),Radial Force (+World Field),徑向力 (全局擴展),,,,,,,,,,,,,,,,🟩,金合欢原木 [水平],acacia_log_horizontal,相思木原木 [水平],,,,🟩,甜菜根,beetroot,紅菜頭 (甜菜根)
29,附魔,Enchant,附魔,,,🟩👤,沼骸 [NPC],Bogged [NPC],沼骨(沼骸) [NPC],,,,🧱🔧,距离场碰撞箱包裹器,SDF Collision Wrapper,距離場碰撞箱包裹器,,,,,,,,,,,,,,,,👤🟩,金合欢木板,acacia_planks,相思木板 (相思木材),,,,🟩,甜菜种子,beetroot_seeds,紅菜頭種子 (甜菜種子)
30,祛魔,Disenchant,祛魔,,,🟩,猪,Pig,豬,,,,✨,灰尘粒子,Dust Particles,灰塵粒子,,,,,,,,,,,,,,,,👤🟩,金合欢木压力板,acacia_pressure_plate,相思木壓力板,,,,🟩,甜菜汤,beetroot_soup,紅菜頭湯 (甜菜湯)
31,时间 (h),Time (h),時間 (h),,,🟩👤,猪 [NPC],Pig [NPC],豬 [NPC],,,,🧱👪🟩,观众人群散布器,Spectator Crowd Scatter,觀衆人群散佈器,,,,,,,,,,,,,,,,👤🟩,金合欢木压力板 [按下],acacia_pressure_plate_down,相思木壓力板 [按下],,,,👤🟩,钟,bell,鐘
32,太阳角度,Sun angle,太陽角度,,,🟩,马,Horse,馬,,,,🔧,遮罩层,Mask Layer,遮罩層,,,,,,,,,,,,,,,,🟩,金合欢树苗,acacia_sapling,相思木樹苗,,,,👤🟩🌊,白桦木船,birch_boat,樺木船
33,颜色,Color,顏色,,,🟩👤,马 [NPC],Horse [NPC],馬 [NPC],,,,📸,媒体抠像播放器,Media Keying Player,媒體摳像播放器,,,,,,,,,,,,,,,,👤🟩,金合欢木展示架,acacia_shelf,相思木置物架 (相思木展示架),,,,👤🟩🌊,白桦木运输船,birch_chest_boat,儲物箱樺木船
34,速度,Speed,速度,,,👤,Alex 长发大眼睛高级NPC,Alex (Hair&eyes) Advanced NPC,Alex 長髮大眼睛高級NPC,,,,🧱👪📸,媒体抠像散布器,Media Keying Scatter,媒體摳像散佈器,,,,,,,,,,,,,,,,👤🟩,金合欢木展示架 [中],acacia_shelf_center,相思木置物架 (相思木展示架) [中],,,,👤🟩,白桦木门,birch_door,樺木門
35,缩放,Scale,縮放,,,👤,拖拽布偶史蒂夫,Dragging Ragdoll Steve,拖拽布偶史蒂夫,,,,✨👪📸,媒体抠像粒子,Media Keying Particles,媒體摳像粒子,,,,,,,,,,,,,,,,👤🟩,金合欢木展示架 [物品栏],acacia_shelf_inventory,相思木置物架 (相思木展示架) [物品欄],,,,👤🟩,悬挂式白桦木告示牌,birch_hanging_sign,樺木吊牌 (懸掛式樺木告示牌)
36,对比度,Contrast,對比度,,,🟩,铁傀儡,Iron Golem,鐵魔像(鐵巨人),,,,🔧,空物体,Empty Control,空物體,,,,,,,,,,,,,,,,👤🟩,金合欢木展示架 [左],acacia_shelf_left,相思木置物架 (相思木展示架) [左],,,,👤🟩,白桦木告示牌,birch_sign,樺木指示牌 (樺木告示牌)
37,自定义帧率,Custom FPS,自定義幀率,,,🟩👤,铁傀儡 [NPC],Iron Golem [NPC],鐵魔像(鐵巨人) [NPC],,,,📸,监控摄像机,Monitor Camera,監控攝像機,,,,,,,,,,,,,,,,👤🟩,金合欢木展示架 [右],acacia_shelf_right,相思木置物架 (相思木展示架) [右],,,,👤🟩,黑色收纳袋,black_bundle,黑色收納袋 (黑色束口袋)
38,输出名称,File Name,輸出名稱,,,🟩,牛,Cow,牛,,,,🟩,营火,Campfire,營火,,,,,,,,,,,,,,,,👤🟩,金合欢木展示架 [未连接],acacia_shelf_unconnected,相思木置物架 (相思木展示架) [未連接],,,,👤🟩,黑色收纳袋 [打开背面],black_bundle_open_back,黑色收納袋 (黑色束口袋) [打開背面]
39,启用碰撞,Collision,啟用碰撞,,,🟩👤,牛 [NPC],Cow [NPC],牛 [NPC],,,,✨,营火烟雾粒子,Campfire Smoke Particles,營火烟霧粒子,,,,,,,,,,,,,,,,👤🟩,金合欢木展示架 [未充能],acacia_shelf_unpowered,相思木置物架 (相思木展示架) [未充能],,,,👤🟩,黑色收纳袋 [打开正面],black_bundle_open_front,黑色收納袋 (黑色束口袋) [打開正面]
40,自发光,Glow,自發光,,,🟩,羊,Sheep,羊,,,,✨,爆装备粒子,Loot Drop Particles,爆裝備粒子,,,,,,,,,,,,,,,,👤🟩,金合欢木告示牌 [旋转0],acacia_sign_rot_0,相思木指示牌 (相思木告示牌) [旋轉0],,,,👤🟩,黑色蜡烛,black_candle,黑色蠟燭
41,照明强度,Illuminance,照明強度,,,🟩👤,羊 [NPC],Sheep [NPC],羊 [NPC],,,,✨,爱心粒子,Breeding-Heart Particles,愛心粒子,,,,,,,,,,,,,,,,👤🟩,金合欢木告示牌 [旋转1],acacia_sign_rot_1,相思木指示牌 (相思木告示牌) [旋轉1],,,,👤🟩,黑色染料,black_dye,黑色染料
42,自身亮度,Self-brightness,自身亮度,,,🟩,蠹虫,Silverfish,蠹魚,,,,✨,喷溅药水粒子,Splash Potion Particles,飛濺藥水粒子,,,,,,,,,,,,,,,,👤🟩,金合欢木告示牌 [旋转2],acacia_sign_rot_2,相思木指示牌 (相思木告示牌) [旋轉2],,,,👤🟩,黑色挽具,black_harness,黑色牽引器具 (黑色帽鞍)
43,灯光排除,Light Linking,燈光排除,,,🟨,末影螨,Endermite,終界蟎,,,,🔧,UI界面编辑器,UI Editor,UI界面編輯器,,,,,,,,,,,,,,,,👤🟩,金合欢木告示牌 [旋转3],acacia_sign_rot_3,相思木指示牌 (相思木告示牌) [旋轉3],,,,👤🟩,利刃纹样陶片,blade_pottery_sherd,利刃陶罐碎片 (利刃陶器碎片)
44,灯光组,Light group,燈光組,,,🟩,蜘蛛,Spider,蜘蛛,,,,🧱,远景地形生成器,Distant Landscape Generator,遠景地形生成器,,,,,,,,,,,,,,,,👤🟩,金合欢木台阶,acacia_slab,相思木半磚,,,,🟩,烈焰粉,blaze_powder,烈焰粉
45,网格体距离场分辨率,Distance field resolution,網格體距離場分辨率,,,🟩,洞穴蜘蛛,Cave Spider,洞穴蜘蛛,,,,💡,光照探测器,Light Detector,光照感測器,,,,,,,,,,,,,,,,👤🟩,金合欢木台阶 [顶部],acacia_slab_top,相思木半磚 [頂部],,,,🟩,烈焰棒,blaze_rod,烈焰棒 (烈焰桿)
46,启用Nanite,Enable Nanite,啟用Nanite,,,🟥,恶魂,Ghast,地獄幽靈,,,,🔧,粒子高精度碰撞箱,Particle High-Res Collision Box,粒子高精度碰撞箱,,,,,,,,,,,,,,,,👤🟩,金合欢木楼梯,acacia_stairs,相思木樓梯 (相思木階梯),,,,👤🟩,烈焰人刷怪蛋,blaze_spawn_egg,烈焰使者生成蛋 (烈焰使者生怪蛋)
47,渐变动画纹理,Gradient Animated Texture,漸變動畫紋理,,,🟥,快乐恶魂,Happy Ghast,快樂幽靈,,,,✨👪🟩,萤火虫粒子,Firefly Particles,螢火蟲粒子,,,,,,,,,,,,,,,,👤🟩,金合欢木楼梯 [内角],acacia_stairs_inner,相思木樓梯 (相思木階梯) [內角],,,,👤🟩,蓝色收纳袋,blue_bundle,藍色收納袋 (藍色束口袋)
48,投射阴影,Cast shadow,投射陰影,,,🟥,小恶魂,Ghastling,幽靈仔(小幽靈),,,,𝓕,全局力场,Global Force Field,全局力場,,,,,,,,,,,,,,,,👤🟩,金合欢木楼梯 [外角],acacia_stairs_outer,相思木樓梯 (相思木階梯) [外角],,,,👤🟩,蓝色收纳袋 [打开背面],blue_bundle_open_back,藍色收納袋 (藍色束口袋) [打開背面]
49,材质包路径,Texture pack path,材質包路徑,,,🟩,村民,Villager,村民,,,,𝓕🔧,材质遮罩场,Material Mask Field,材質遮罩場,,,,,,,,,,,,,,,,👤🟩,金合欢木活板门 [底部],acacia_trapdoor_bottom,相思木地板門 [底部],,,,👤🟩,蓝色收纳袋 [打开正面],blue_bundle_open_front,藍色收納袋 (藍色束口袋) [打開正面]
50,放置方块,Block,放置方塊,,,🟩👤,村民 [NPC],Villager [NPC],村民 [NPC],,,,𝓕,力场探测器,Force Field Detector,力場探測器,,,,,,,,,,,,,,,,👤🟩,金合欢木活板门 [打开],acacia_trapdoor_open,相思木地板門 [打開],,,,👤🟩,蓝色蜡烛,blue_candle,藍色蠟燭
51,放置物品,Item,放置物品,,,🟥✨,烈焰人,Blaze,烈焰使者,,,,𝓕,动画偏移场,Anim Offset Field,動畫偏移場,,,,,,,,,,,,,,,,👤🟩,金合欢木活板门 [顶部],acacia_trapdoor_top,相思木地板門 [頂部],,,,👤🟩,蓝色染料,blue_dye,藍色染料
52,搜索名称,Search,搜索名稱,,,🟥,凋灵,Wither,凋零,,,,𝓕,角速度旋转场,Angular Rotation Field,角速度旋轉場,,,,,,,,,,,,,,,,👤🟩,墙上的悬挂式金合欢木告示牌,acacia_wall_hanging_sign,牆上的相思木吊牌 (牆上的懸掛式相思木告示牌),,,,🟩,蓝色鸡蛋,blue_egg,藍色雞蛋
53,辉光,Bloom,輝光,,,🟥,疣猪兽,Hoglin,野豬獸(豬布獸),,,,✨🧱,动态地形粒子,Dynamic Landscape Particles,動態地形粒子,,,,,,,,,,,,,,,,👤🟩,墙上的金合欢木告示牌,acacia_wall_sign,牆上的相思木指示牌 (牆上的相思木告示牌),,,,👤🟩,蓝色挽具,blue_harness,藍色牽引器具 (藍色帽鞍)
54,强度,Intensity,強度,,,🟩,雪傀儡,Snow Golem,雪人,,,,✨🔧,全局粒子生成区域,Global Particle Spawn Area,全局粒子生成區域,,,,,,,,,,,,,,,,🟩,金合欢木,acacia_wood,相思木 (相思木塊),,,,👤🟩,沼骸刷怪蛋,bogged_spawn_egg,沼骨生成蛋 (沼骸生怪蛋)
55,阈值,Threshold,閾值,,,🟩,狼,Wolf,狼,,,,✨👪🟩,鸟群粒子,Bird Flock Particles,鸟群粒子,,,,,,,,,,,,,,,,👤🟩,激活铁轨,activator_rail,觸發路軌 (觸發鐵軌),,,,👤🟩,锻造模板,bolt_armor_trim_smithing_template,鍛造模板
56,动态模糊,Motion Blur,動態模糊,,,🟩,猫,Cat,貓,,,,🌊,水坑贴花,Water Puddle Decal,水坑貼花,,,,,,,,,,,,,,,,👤🟩,激活铁轨 [开启],activator_rail_on,觸發路軌 (觸發鐵軌) [開啟],,,,🟩,骨头,bone,骨頭
57,最大值,Max blur,最大值,,,🟩,悦灵,Allay,悅灵,,,,🌊,高级水体,Advanced Water Body,高級水體,,,,,,,,,,,,,,,,👤🟩,激活铁轨 [开启东北抬高],activator_rail_on_raised_ne,觸發路軌 (觸發鐵軌) [開啟東北抬高],,,,🟩,骨粉,bone_meal,骨粉
58,光程,Light Paths,光程,,,🟩,流浪商人,Wandering Trader,流浪商人,,,,✨👪🟩,观众人群粒子,Spectator Crowd Particles,觀衆人群粒子,,,,,,,,,,,,,,,,👤🟩,激活铁轨 [开启西南抬高],activator_rail_on_raised_sw,觸發路軌 (觸發鐵軌) [開啟西南抬高],,,,👤🟩,书,book,書
59,反射次数,Reflection,反射次數,,,🟩👤,流浪商人 [NPC],Wandering Trader [NPC],流浪商人 [NPC],,,,✨👪🟩🌊,鱼群粒子,Fish School Particles,魚群粒子,,,,,,,,,,,,,,,,👤🟩,激活铁轨 [东北抬高],activator_rail_raised_ne,觸發路軌 (觸發鐵軌) [東北抬高],,,,👤🟩,波纹边旗帜图案,bordure_indented_banner_pattern,鋸齒邊橫額圖案 (鋸齒框邊旗幟圖案)
60,折射次数,Refraction,折射次數,,,🟩,豹猫,Ocelot,豹貓(山貓),,,,👤,通用像素物品,Generic Pixel Item,通用像素物品,,,,,,,,,,,,,,,,👤🟩,激活铁轨 [西南抬高],activator_rail_raised_sw,觸發路軌 (觸發鐵軌) [西南抬高],,,,👤🟩,弓,bow,弓
61,色彩管理,Color management,色彩管理,,,🟩👤,豹猫 [NPC],Ocelot [NPC],豹貓(山貓) [NPC],,,,𝓕,粒子转向场,Particle Steering Field,粒子轉向場,,,,,,,,,,,,,,,,🟩,空气,air,空氣,,,,👤🟩,弓 [拉弓0],bow_pulling_0,弓 [拉弓0]
62,自动曝光,Auto exposure,自動曝光,,,🟩👤,蠹虫 [NPC],Silverfish [NPC],蠹魚 [NPC],,,,𝓕,线性速度场,Linear Velocity Field,綫性速度場,,,,,,,,,,,,,,,,🟩,绒球葱,allium,絨球葱 (紫紅球花),,,,👤🟩,弓 [拉弓1],bow_pulling_1,弓 [拉弓1]
63,曝光补偿,Exposure,曝光補償,,,🟨👤,末影螨 [NPC],Endermite [NPC],終界蟎 [NPC],,,,,,,,,,,,,,,,,,,,,,,🟩,紫水晶块,amethyst_block,紫水晶磚 (紫水晶方塊),,,,👤🟩,弓 [拉弓2],bow_pulling_2,弓 [拉弓2]
64,阴影对比度,Shadow,陰影對比度,,,🟩👤,蜘蛛 [NPC],Spider [NPC],蜘蛛 [NPC],,,,,,,,,,,,,,,,,,,,,,,🟩💡,紫水晶簇,amethyst_cluster,紫水晶簇 (紫水晶晶簇),,,,👤🟩,碗,bowl,碗
65,高光对比度,Highlight,高光對比度,,,🟩👤,洞穴蜘蛛 [NPC],Cave Spider [NPC],洞穴蜘蛛 [NPC],,,,,,,,,,,,,,,,,,,,,,,🟥,远古残骸,ancient_debris,遠古殘骸 (遠古遺骸),,,,🟩,面包,bread,麪包 (麵包)
66,红蓝3D叠加输出,3D red-cyan anaglyph,紅藍3D疊加輸出,,,🟥👤,恶魂 [NPC],Ghast [NPC],地獄幽靈 [NPC],,,,,,,,,,,,,,,,,,,,,,,🟩,安山岩,andesite,安山巖 (安山岩),,,,🟩,旋风棒,breeze_rod,旋風棒 (旋風桿)
67,锐化,Sharpen,銳化,,,🟥👤,快乐恶魂 [NPC],Happy Ghast [NPC],快樂幽靈 [NPC],,,,,,,,,,,,,,,,,,,,,,,👤🟩,安山岩台阶,andesite_slab,安山巖半磚 (安山岩半磚),,,,👤🟩,旋风人刷怪蛋,breeze_spawn_egg,旋風使者生成蛋 (旋風使者生怪蛋)
68,附加组件,Append,附加組件,,,🟥👤,小恶魂 [NPC],Ghastling [NPC],幽靈仔(小幽靈) [NPC],,,,,,,,,,,,,,,,,,,,,,,👤🟩,安山岩台阶 [顶部],andesite_slab_top,安山巖半磚 (安山岩半磚) [頂部],,,,👤🟩,佳酿纹样陶片,brewer_pottery_sherd,佳釀陶罐碎片 (釀造陶器碎片)
69,放置生物,Mobs,放置生物,,,🟥✨👤,烈焰人 [NPC],Blaze [NPC],烈焰使者 [NPC],,,,,,,,,,,,,,,,,,,,,,,👤🟩,安山岩楼梯,andesite_stairs,安山巖樓梯 (安山岩階梯),,,,👤🟩,酿造台,brewing_stand,釀造台
70,预设素材,Preset,預設素材,,,🟥👤,凋灵 [NPC],Wither [NPC],凋零 [NPC],,,,,,,,,,,,,,,,,,,,,,,👤🟩,安山岩楼梯 [内角],andesite_stairs_inner,安山巖樓梯 (安山岩階梯) [內角],,,,👤🟩,红砖,brick,紅磚頭
71,生成 MC 天空,Create MC Sky,生成 MC 天空,,,🟥👤,疣猪兽 [NPC],Hoglin [NPC],野豬獸(豬布獸) [NPC],,,,,,,,,,,,,,,,,,,,,,,👤🟩,安山岩楼梯 [外角],andesite_stairs_outer,安山巖樓梯 (安山岩階梯) [外角],,,,👤🟩,棕色收纳袋,brown_bundle,啡色收納袋 (棕色束口袋)
72,光线追踪半透明,RT Translucency,光綫追蹤半透明,,,🟩👤,雪傀儡 [NPC],Snow Golem [NPC],雪人 [NPC],,,,,,,,,,,,,,,,,,,,,,,👤🟩,安山岩墙 [物品栏],andesite_wall_inventory,安山巖牆 (安山岩牆) [物品欄],,,,👤🟩,棕色收纳袋 [打开背面],brown_bundle_open_back,啡色收納袋 (棕色束口袋) [打開背面]
73,卷积辉光,Convolution Bloom,捲積輝光,,,🟩👤,狼 [NPC],Wolf [NPC],狼 [NPC],,,,,,,,,,,,,,,,,,,,,,,👤🟩,安山岩墙 [柱],andesite_wall_post,安山巖牆 (安山岩牆) [柱],,,,👤🟩,棕色收纳袋 [打开正面],brown_bundle_open_front,啡色收納袋 (棕色束口袋) [打開正面]
74,卷积阈值,Conv-Threshold,捲積閾值,,,🟩👤,猫 [NPC],Cat [NPC],貓 [NPC],,,,,,,,,,,,,,,,,,,,,,,👤🟩,安山岩墙 [边],andesite_wall_side,安山巖牆 (安山岩牆) [邊],,,,👤🟩,棕色蜡烛,brown_candle,啡色蠟燭 (棕色蠟燭)
75,卷积倍率,Conv-Mult,捲積倍率,,,🟩👤,悦灵 [NPC],Allay [NPC],悅灵 [NPC],,,,,,,,,,,,,,,,,,,,,,,👤🟩,安山岩墙 [边高],andesite_wall_side_tall,安山巖牆 (安山岩牆) [邊高],,,,👤🟩,棕色染料,brown_dye,啡色染料 (棕色染料)
76,仅复杂碰撞,Complex Only,僅複雜碰撞,,,🟩,苦力怕,Creeper,苦力怕,,,,,,,,,,,,,,,,,,,,,,,👤🟩,铁砧,anvil,鐵砧,,,,🟩,棕色鸡蛋,brown_egg,啡色雞蛋 (棕色雞蛋)
77,材质,Material,材質,,,🟩👤,苦力怕 [NPC],Creeper [NPC],苦力怕 [NPC],,,,,,,,,,,,,,,,,,,,,,,🟩,结果的西瓜茎,attached_melon_stem,連接的西瓜莖 (連接的西瓜梗),,,,👤🟩,棕色挽具,brown_harness,啡色牽引器具 (棕色帽鞍)
78,覆层材质,Overlay,覆層材質,,,🟩,鹦鹉,Parrot,鸚鵡,,,,,,,,,,,,,,,,,,,,,,,🟩,结果的南瓜茎,attached_pumpkin_stem,連接的南瓜莖 (連接的南瓜梗),,,,👤🟩,刷子,brush,毛刷 (刷子)
79,物理材质,Physics,物理材質,,,🟩👤,鹦鹉 [NPC],Parrot [NPC],鸚鵡 [NPC],,,,,,,,,,,,,,,,,,,,,,,🟩,杜鹃花丛,azalea,杜鵑叢,,,,👤🟩,铁桶,bucket,鐵桶
80,重载材质,Replace Material,重載材質,,,🟩,焦骸,Parched,旱骨/枯骸,,,,,,,,,,,,,,,,,,,,,,,🟩,杜鹃树叶,azalea_leaves,杜鵑樹葉 (杜鵑葉),,,,👤🟩,收纳袋,bundle,收納袋 (束口袋)
81,处理录制的动画,Process Recording,處理錄製的動畫,,,🟩👤,焦骸 [NPC],Parched [NPC],旱骨/枯骸 [NPC],,,,,,,,,,,,,,,,,,,,,,,🟩,蓝花美耳草,azure_bluet,藍花美耳草 (雛草),,,,👤🟩,收纳袋 [打开背面],bundle_open_back,收納袋 (束口袋) [打開背面]
82,漫反射增强,Diffuse Boost,漫反射增強,,,🟩,骆驼,Camel,駱駝,,,,,,,,,,,,,,,,,,,,,,,🟩,竹子 [变体1年龄0],bamboo1_age0,竹 (竹子) [變體1年齡0],,,,👤🟩,收纳袋 [打开正面],bundle_open_front,收納袋 (束口袋) [打開正面]
83,暖场帧,Warm-up Frames,暖場幀,,,🟩👤,骆驼 [NPC],Camel [NPC],駱駝 [NPC],,,,,,,,,,,,,,,,,,,,,,,🟩,竹子 [变体1年龄1],bamboo1_age1,竹 (竹子) [變體1年齡1],,,,👤🟩,烈焰纹样陶片,burn_pottery_sherd,烈焰陶罐碎片 (烈焰陶器碎片)
84,双击可立即运行此项,Double-click to run this immediately,雙擊可立即運行此項,,,🟩,骆驼尸壳,Camel Husk,駱駝屍殼,,,,,,,,,,,,,,,,,,,,,,,🟩,竹子 [变体2年龄0],bamboo2_age0,竹 (竹子) [變體2年齡0],,,,👤🟩,蛋糕,cake,蛋糕
85,次表面散射,Subsurface,次表面散射,,,🟩👤,骆驼尸壳 [NPC],Camel Husk [NPC],駱駝屍殼 [NPC],,,,,,,,,,,,,,,,,,,,,,,🟩,竹子 [变体2年龄1],bamboo2_age1,竹 (竹子) [變體2年齡1],,,,👤🟩,骆驼尸壳刷怪蛋,camel_husk_spawn_egg,駱駝屍殼生成蛋 (駱駝屍殼生怪蛋)
86,高级设置,Settings,高級設置,,,🟩🌊,鳕鱼,Cod fish,鱈魚,,,,,,,,,,,,,,,,,,,,,,,🟩,竹子 [变体3年龄0],bamboo3_age0,竹 (竹子) [變體3年齡0],,,,👤🟩,骆驼刷怪蛋,camel_spawn_egg,駱駝生成蛋 (駱駝生怪蛋)
87,渲染输出,Render Output,渲染輸出,,,🟩🌊,鲑鱼,Salmon fish,三文魚(鮭魚),,,,,,,,,,,,,,,,,,,,,,,🟩,竹子 [变体3年龄1],bamboo3_age1,竹 (竹子) [變體3年齡1],,,,👤🟩💡,营火,campfire,營火
88,生成器,Spawner,生成器,,,🟩🌊,热带鱼,Tropical fish,熱帶魚,,,,,,,,,,,,,,,,,,,,,,,🟩,竹子 [变体4年龄0],bamboo4_age0,竹 (竹子) [變體4年齡0],,,,👤🟩,蜡烛,candle,蠟燭
89,其他功能,Other Tools,其他功能,,,🟩🌊,鳕鱼 [NPC],Cod fish [NPC],鱈魚 [NPC],,,,,,,,,,,,,,,,,,,,,,,🟩,竹子 [变体4年龄1],bamboo4_age1,竹 (竹子) [變體4年齡1],,,,🟩,胡萝卜,carrot,紅蘿蔔 (胡蘿蔔)
90,右键显示参数,Right-click to show parameters,右鍵顯示參數,,,🟩🌊,鲑鱼 [NPC],Salmon fish [NPC],三文魚(鮭魚) [NPC],,,,,,,,,,,,,,,,,,,,,,,🟩,竹块,bamboo_block,竹塊 (竹方塊),,,,🟩,胡萝卜钓竿,carrot_on_a_stick,紅蘿蔔魚竿 (胡蘿蔔釣竿)
91,室内天空光照,Indoor Skylight,室内天空光照,,,🟩🌊,热带鱼 [NPC],Tropical fish [NPC],熱帶魚 [NPC],,,,,,,,,,,,,,,,,,,,,,,🟩,竹块 [X轴],bamboo_block_x,竹塊 (竹方塊) [X軸],,,,👤🟩,猫刷怪蛋,cat_spawn_egg,貓生成蛋 (貓生怪蛋)
92,全语言搜索,Search all languages,全語言搜索,,,,,,,,,,,,,,,,,,,,,,,,,,,,,🟩,竹块 [Y轴],bamboo_block_y,竹塊 (竹方塊) [Y軸],,,,👤🟩,炼药锅,cauldron,鍋 (鍋釜)
93,一键渲染动画 !,Render Animation !,一鍵渲染動畫 !,,,,,,,,,,,,,,,,,,,,,,,,,,,,,🟩,竹块 [Z轴],bamboo_block_z,竹塊 (竹方塊) [Z軸],,,,👤🟩,洞穴蜘蛛刷怪蛋,cave_spider_spawn_egg,洞穴蜘蛛生成蛋 (洞穴蜘蛛生怪蛋)
94,重新初始化插件,Reinitialize Plugin,重新初始化插件,,,,,,,,,,,,,,,,,,,,,,,,,,,,,👤🟩,竹按钮,bamboo_button,竹按鈕,,,,👤🟩,锁链靴子,chainmail_boots,鎖鏈靴 (鎖鏈靴子)
95,UI界面缩放,UI Scale,UI界面縮放,,,,,,,,,,,,,,,,,,,,,,,,,,,,,👤🟩,竹按钮 [物品栏],bamboo_button_inventory,竹按鈕 [物品欄],,,,👤🟩,锁链胸甲,chainmail_chestplate,鎖鏈胸甲
96,朗读鼠标下文本,Text To Speech,朗讀鼠標下文本,,,,,,,,,,,,,,,,,,,,,,,,,,,,,👤🟩,竹按钮 [按下],bamboo_button_pressed,竹按鈕 [按下],,,,👤🟩,锁链头盔,chainmail_helmet,鎖鏈頭盔
97,内存预加载,Memory Pre-load,内存預加載,,,,,,,,,,,,,,,,,,,,,,,,,,,,,👤🟩,竹门 [底部左],bamboo_door_bottom_left,竹門 [底部左],,,,👤🟩,锁链护腿,chainmail_leggings,鎖鏈護腳 (鎖鏈護腿)
98,运行时按键映射,Runtime Key mapping,運行時按鍵映射,,,,,,,,,,,,,,,,,,,,,,,,,,,,,👤🟩,竹门 [底部左打开],bamboo_door_bottom_left_open,竹門 [底部左打開],,,,🟩,木炭,charcoal,木炭
99,编辑器HDR亮度,Editor Brightness,編輯器HDR亮度,,,,,,,,,,,,,,,,,,,,,,,,,,,,,👤🟩,竹门 [底部右],bamboo_door_bottom_right,竹門 [底部右],,,,👤🟩🌊,樱花木船,cherry_boat,櫻花木船
100,调色示波器,Color Scopes,調色示波器,,,,,,,,,,,,,,,,,,,,,,,,,,,,,👤🟩,竹门 [底部右打开],bamboo_door_bottom_right_open,竹門 [底部右打開],,,,👤🟩🌊,樱花木运输船,cherry_chest_boat,儲物箱櫻花木船
101,采样步长,Sample Steps,采樣步長,,,,,,,,,,,,,,,,,,,,,,,,,,,,,👤🟩,竹门 [顶部左],bamboo_door_top_left,竹門 [頂部左],,,,👤🟩,樱花木门,cherry_door,櫻花木門
102,波形图亮度,Scope Brightness,波形圖亮度,,,,,,,,,,,,,,,,,,,,,,,,,,,,,👤🟩,竹门 [顶部左打开],bamboo_door_top_left_open,竹門 [頂部左打開],,,,👤🟩,悬挂式樱花木告示牌,cherry_hanging_sign,櫻花木吊牌 (懸掛式櫻花木告示牌)
103,编辑器快捷键,Editor Shortcuts,編輯器快捷鍵,,,,,,,,,,,,,,,,,,,,,,,,,,,,,👤🟩,竹门 [顶部右],bamboo_door_top_right,竹門 [頂部右],,,,👤🟩,樱花木告示牌,cherry_sign,櫻花木指示牌 (櫻花木告示牌)
104,打开引擎快捷键菜单,Open Engine Shortcuts Menu,打開引擎快捷鍵菜單,,,,,,,,,,,,,,,,,,,,,,,,,,,,,👤🟩,竹门 [顶部右打开],bamboo_door_top_right_open,竹門 [頂部右打開],,,,👤🟩,运输矿车,chest_minecart,儲物箱礦車
105,打开快捷键事件蓝图,Open Shortcut Events Blueprint,打開快捷鍵事件藍圖,,,,,,,,,,,,,,,,,,,,,,,,,,,,,👤🟩,竹栅栏门,bamboo_fence_gate,竹閘門 (竹柵欄門),,,,🟩,生鸡肉,chicken,生雞肉
106,环境光遮蔽,Ambient Occlusion,環境光遮蔽,,,,,,,,,,,,,,,,,,,,,,,,,,,,,👤🟩,竹栅栏门 [打开],bamboo_fence_gate_open,竹閘門 (竹柵欄門) [打開],,,,👤🟩,鸡刷怪蛋,chicken_spawn_egg,雞生成蛋 (雞生怪蛋)
107,距离,Distance,距離,,,,,,,,,,,,,,,,,,,,,,,,,,,,,👤🟩,竹栅栏门 [墙上],bamboo_fence_gate_wall,竹閘門 (竹柵欄門) [牆上],,,,🟨,紫颂果,chorus_fruit,歌萊果
108,平滑滚动面板,Smooth Rolling,平滑滾動面板,,,,,,,,,,,,,,,,,,,,,,,,,,,,,👤🟩,竹栅栏门 [墙上打开],bamboo_fence_gate_wall_open,竹閘門 (竹柵欄門) [牆上打開],,,,🟩,黏土球,clay_ball,黏土球
109,输出音频,Audio,輸出音頻,,,,,,,,,,,,,,,,,,,,,,,,,,,,,👤🟩,竹栅栏 [物品栏],bamboo_fence_inventory,竹欄杆 (竹柵欄) [物品欄],,,,👤🟩,时钟 [00],clock_00,時鐘 [00]
110,鼠标悬停时打开此面板,Show Panels When Hovering,鼠標懸停時打開此面板,,,,,,,,,,,,,,,,,,,,,,,,,,,,,👤🟩,竹栅栏 [柱],bamboo_fence_post,竹欄杆 (竹柵欄) [柱],,,,👤🟩,时钟 [01],clock_01,時鐘 [01]
111,静态材质,Static,靜態材質,,,,,,,,,,,,,,,,,,,,,,,,,,,,,👤🟩,竹栅栏 [边东],bamboo_fence_side_east,竹欄杆 (竹柵欄) [邊東],,,,👤🟩,时钟 [02],clock_02,時鐘 [02]
112,动态材质,Dynamic,動態材質,,,,,,,,,,,,,,,,,,,,,,,,,,,,,👤🟩,竹栅栏 [边北],bamboo_fence_side_north,竹欄杆 (竹柵欄) [邊北],,,,👤🟩,时钟 [03],clock_03,時鐘 [03]
113,交互强度,Interaction,交互强度,,,,,,,,,,,,,,,,,,,,,,,,,,,,,👤🟩,竹栅栏 [边南],bamboo_fence_side_south,竹欄杆 (竹柵欄) [邊南],,,,👤🟩,时钟 [04],clock_04,時鐘 [04]
114,动态间接光照,Dynamic Indirect Lighting,動態間接光照,,,,,,,,,,,,,,,,,,,,,,,,,,,,,👤🟩,竹栅栏 [边西],bamboo_fence_side_west,竹欄杆 (竹柵欄) [邊西],,,,👤🟩,时钟 [05],clock_05,時鐘 [05]
115,尝试放置生物宝宝,Try spawn baby mobs,嘗試放置生物寶寶,,,,,,,,,,,,,,,,,,,,,,,,,,,,,👤🟩,悬挂式竹告示牌 [附着旋转0],bamboo_hanging_sign_attached_rot_0,竹吊牌 (懸掛式竹告示牌) [附著旋轉0],,,,👤🟩,时钟 [06],clock_06,時鐘 [06]
116,"过滤特定种类
*左键选择此类，中键仅选择此类，右键排除此类","Filter Types
Left-click to include this type;
Middle-click to only select this type;
Right-click to exclude this type.","過濾特定種類
*左鍵選擇此類，中鍵進選擇此類，右鍵排除此類",,,,,,,,,,,,,,,,,,,,,,,,,,,,,👤🟩,悬挂式竹告示牌 [附着旋转1],bamboo_hanging_sign_attached_rot_1,竹吊牌 (懸掛式竹告示牌) [附著旋轉1],,,,👤🟩,时钟 [07],clock_07,時鐘 [07]
117,选择透明图片，导入为3D模型,"Select a transparent image, import as 3D model",選擇透明圖片，導入為3D模型,,,,,,,,,,,,,,,,,,,,,,,,,,,,,👤🟩,悬挂式竹告示牌 [附着旋转2],bamboo_hanging_sign_attached_rot_2,竹吊牌 (懸掛式竹告示牌) [附著旋轉2],,,,👤🟩,时钟 [08],clock_08,時鐘 [08]
118,右键开始录制选中对象的动画,Right-click to record animation for selected actors,右鍵開始錄製選中對象的動畫,,,,,,,,,,,,,,,,,,,,,,,,,,,,,👤🟩,悬挂式竹告示牌 [附着旋转3],bamboo_hanging_sign_attached_rot_3,竹吊牌 (懸掛式竹告示牌) [附著旋轉3],,,,👤🟩,时钟 [09],clock_09,時鐘 [09]
119,右键打开调色面板,Right-click to open color grading panel,右鍵打開調色面板,,,,,,,,,,,,,,,,,,,,,,,,,,,,,👤🟩,悬挂式竹告示牌 [旋转0],bamboo_hanging_sign_rot_0,竹吊牌 (懸掛式竹告示牌) [旋轉0],,,,👤🟩,时钟 [10],clock_10,時鐘 [10]
120,右键在MC场景编辑器模式和普通选择模式之间切换,Right-click to switch between MC World Editor mode and default selection mode,右鍵在MC場景編輯器模式和普通選擇模式之間切換,,,,,,,,,,,,,,,,,,,,,,,,,,,,,👤🟩,悬挂式竹告示牌 [旋转1],bamboo_hanging_sign_rot_1,竹吊牌 (懸掛式竹告示牌) [旋轉1],,,,👤🟩,时钟 [11],clock_11,時鐘 [11]
121,使用当前时间线,Use Current Timeline,使用當前時間線,,,,,,,,,,,,,,,,,,,,,,,,,,,,,👤🟩,悬挂式竹告示牌 [旋转2],bamboo_hanging_sign_rot_2,竹吊牌 (懸掛式竹告示牌) [旋轉2],,,,👤🟩,时钟 [12],clock_12,時鐘 [12]
122,创建副本,Create a Copy,創建副本,,,,,,,,,,,,,,,,,,,,,,,,,,,,,👤🟩,悬挂式竹告示牌 [旋转3],bamboo_hanging_sign_rot_3,竹吊牌 (懸掛式竹告示牌) [旋轉3],,,,👤🟩,时钟 [13],clock_13,時鐘 [13]
123,直接录制动画到对象上,Directly Record on Actors,直接錄制動畫到對象上,,,,,,,,,,,,,,,,,,,,,,,,,,,,,🟩,竹子 [大叶],bamboo_large_leaves,竹 (竹子) [大葉],,,,👤🟩,时钟 [14],clock_14,時鐘 [14]
124,每个对象创建子序列,Create Subsequences,每個對象創建子序列,,,,,,,,,,,,,,,,,,,,,,,,,,,,,🟩,竹马赛克,bamboo_mosaic,竹拼塊,,,,👤🟩,时钟 [15],clock_15,時鐘 [15]
125,录制帧率,Frame Rate,錄制幀率,,,,,,,,,,,,,,,,,,,,,,,,,,,,,👤🟩,竹马赛克台阶,bamboo_mosaic_slab,竹拼半磚,,,,👤🟩,时钟 [16],clock_16,時鐘 [16]
126,录制前倒计时,Countdown,錄制前倒計時,,,,,,,,,,,,,,,,,,,,,,,,,,,,,👤🟩,竹马赛克台阶 [顶部],bamboo_mosaic_slab_top,竹拼半磚 [頂部],,,,👤🟩,时钟 [17],clock_17,時鐘 [17]
127,游戏模式,Game Mode,遊戲模式,,,,,,,,,,,,,,,,,,,,,,,,,,,,,👤🟩,竹马赛克楼梯,bamboo_mosaic_stairs,竹拼樓梯 (竹拼階梯),,,,👤🟩,时钟 [18],clock_18,時鐘 [18]
128,"调整定向光源(日月)阴影模式
默认(白色)：Megalights光追阴影
左键(绿色)：Megalights虚拟阴影贴图，质量好性能差
右键(红色)：禁用Megalights，退回Lumen","Adjust the directional light (Sun/Moon) shadow mode
Default (White): Megalights Raytraced shadow
Left Click (Green): Megalights VSM — higher quality, lower performance
Right Click (Red): Disable Megalights and fall back to Lumen","調整定向光源(日/月)陰影模式
預設(白色)：Megalights光線追蹤陰影
左鍵(綠色)：Megalights虛擬陰影貼圖，品質高但效能差
右鍵(紅色)：停用Megalights，回退至Lumen",,,,,,,,,,,,,,,,,,,,,,,,,,,,,👤🟩,竹马赛克楼梯 [内角],bamboo_mosaic_stairs_inner,竹拼樓梯 (竹拼階梯) [內角],,,,👤🟩,时钟 [19],clock_19,時鐘 [19]
129,HDR渲染亮度倍率,Render Brightness Mult,HDR渲染亮度倍率,,,,,,,,,,,,,,,,,,,,,,,,,,,,,👤🟩,竹马赛克楼梯 [外角],bamboo_mosaic_stairs_outer,竹拼樓梯 (竹拼階梯) [外角],,,,👤🟩,时钟 [20],clock_20,時鐘 [20]
130,图片转码,Image Transcode,圖片轉碼,,,,,,,,,,,,,,,,,,,,,,,,,,,,,👤🟩,竹板,bamboo_planks,竹板 (竹材),,,,👤🟩,时钟 [21],clock_21,時鐘 [21]
131,3D格式,3D Format,3D格式,,,,,,,,,,,,,,,,,,,,,,,,,,,,,👤🟩,竹压力板,bamboo_pressure_plate,竹壓力板,,,,👤🟩,时钟 [22],clock_22,時鐘 [22]
132,渲染结束打开文件夹,Open Folder After Render,渲染結束打開文件夾,,,,,,,,,,,,,,,,,,,,,,,,,,,,,👤🟩,竹压力板 [按下],bamboo_pressure_plate_down,竹壓力板 [按下],,,,👤🟩,时钟 [23],clock_23,時鐘 [23]
133,渲染结束提示音,Render Finish Sound,渲染結束提示音,,,,,,,,,,,,,,,,,,,,,,,,,,,,,🟩,竹笋,bamboo_sapling,竹筍,,,,👤🟩,时钟 [24],clock_24,時鐘 [24]
134,删除原图,Delete Source Sequence,刪除原圖,,,,,,,,,,,,,,,,,,,,,,,,,,,,,👤🟩,竹展示架,bamboo_shelf,竹置物架 (竹展示架),,,,👤🟩,时钟 [25],clock_25,時鐘 [25]
135,生成模式,Backend,生成模式,,,,,,,,,,,,,,,,,,,,,,,,,,,,,👤🟩,竹展示架 [中],bamboo_shelf_center,竹置物架 (竹展示架) [中],,,,👤🟩,时钟 [26],clock_26,時鐘 [26]
136,导入世界,Import World,導入世界,,,,,,,,,,,,,,,,,,,,,,,,,,,,,👤🟩,竹展示架 [物品栏],bamboo_shelf_inventory,竹置物架 (竹展示架) [物品欄],,,,👤🟩,时钟 [27],clock_27,時鐘 [27]
137,自动准备场景,Run Prep Scene,自動準備場景,,,,,,,,,,,,,,,,,,,,,,,,,,,,,👤🟩,竹展示架 [左],bamboo_shelf_left,竹置物架 (竹展示架) [左],,,,👤🟩,时钟 [28],clock_28,時鐘 [28]
138,平直着色（重置法线）,Shade Flat (Reset Normal),平直著色（重置法綫）,,,,,,,,,,,,,,,,,,,,,,,,,,,,,👤🟩,竹展示架 [右],bamboo_shelf_right,竹置物架 (竹展示架) [右],,,,👤🟩,时钟 [29],clock_29,時鐘 [29]
139,左键打开插件面板本地化文件，右键打开Actor细节面板本地化文件,Left‑click to open the localization file for plugin panel; right‑click to open the localization file for Actor details panel.,左鍵打開插件面板的本地化文件，右鍵開啟 Actor 細節面板的本地化文件,,,,,,,,,,,,,,,,,,,,,,,,,,,,,👤🟩,竹展示架 [未连接],bamboo_shelf_unconnected,竹置物架 (竹展示架) [未連接],,,,👤🟩,时钟 [30],clock_30,時鐘 [30]
140,半透明,Translucent,半透明,,,,,,,,,,,,,,,,,,,,,,,,,,,,,👤🟩,竹展示架 [未充能],bamboo_shelf_unpowered,竹置物架 (竹展示架) [未充能],,,,👤🟩,时钟 [31],clock_31,時鐘 [31]
141,"点击后应用此参数至选中项
双击时应用参数并保存更改","Click to apply this param to the selected actors.
Double‑click to apply the param then save the changes.","點擊後將此參數套用至選中項
雙擊時套用參數並保存變更",,,,,,,,,,,,,,,,,,,,,,,,,,,,,👤🟩,竹告示牌 [旋转0],bamboo_sign_rot_0,竹指示牌 (竹告示牌) [旋轉0],,,,👤🟩,时钟 [32],clock_32,時鐘 [32]
142,方块,Block,方塊,,,,,,,,,,,,,,,,,,,,,,,,,,,,,👤🟩,竹告示牌 [旋转1],bamboo_sign_rot_1,竹指示牌 (竹告示牌) [旋轉1],,,,👤🟩,时钟 [33],clock_33,時鐘 [33]
143,生物,Mob,生物,,,,,,,,,,,,,,,,,,,,,,,,,,,,,👤🟩,竹告示牌 [旋转2],bamboo_sign_rot_2,竹指示牌 (竹告示牌) [旋轉2],,,,👤🟩,时钟 [34],clock_34,時鐘 [34]
144,自定义参数名,Custom Param Name,自定義參數名,,,,,,,,,,,,,,,,,,,,,,,,,,,,,👤🟩,竹告示牌 [旋转3],bamboo_sign_rot_3,竹指示牌 (竹告示牌) [旋轉3],,,,👤🟩,时钟 [35],clock_35,時鐘 [35]
145,更换模型（实例化）,Mesh Swap,更換模型（實例化）,,,,,,,,,,,,,,,,,,,,,,,,,,,,,👤🟩,竹台阶,bamboo_slab,竹半磚,,,,👤🟩,时钟 [36],clock_36,時鐘 [36]
146,分割不相邻方块的距离,Split Distance,分割不相鄰方塊的距離,,,,,,,,,,,,,,,,,,,,,,,,,,,,,👤🟩,竹台阶 [顶部],bamboo_slab_top,竹半磚 [頂部],,,,👤🟩,时钟 [37],clock_37,時鐘 [37]
147,生成辅助灯光,Spawn Assistant Lights,生成輔助燈光,,,,,,,,,,,,,,,,,,,,,,,,,,,,,🟩,竹子 [小叶],bamboo_small_leaves,竹 (竹子) [小葉],,,,👤🟩,时钟 [38],clock_38,時鐘 [38]
148,自发光光源,Self-Emissive Source,自發光光源,,,,,,,,,,,,,,,,,,,,,,,,,,,,,👤🟩,竹楼梯,bamboo_stairs,竹樓梯 (竹階梯),,,,👤🟩,时钟 [39],clock_39,時鐘 [39]
149,分割为独立的Actors,Split to Individual Actors,分割為獨立的Actors,,,,,,,,,,,,,,,,,,,,,,,,,,,,,👤🟩,竹楼梯 [内角],bamboo_stairs_inner,竹樓梯 (竹階梯) [內角],,,,👤🟩,时钟 [40],clock_40,時鐘 [40]
150,分层渲染,Render Layers,分層渲染,,,,,,,,,,,,,,,,,,,,,,,,,,,,,👤🟩,竹楼梯 [外角],bamboo_stairs_outer,竹樓梯 (竹階梯) [外角],,,,👤🟩,时钟 [41],clock_41,時鐘 [41]
151,"在渲染开始前提前运行几帧
CPU暖场：只运行程序，不渲染画面，例如NPC移动和物理模拟
GPU暖场：渲染画面（将额外占用一些显存），例如调整曝光、积累光线追踪缓存
通常需要一些GPU暖场使画面变得稳定，否则前一秒的画面可能会较暗","Run a few frames before rendering starts
CPU Warmup: Running logic without rendering images, such as NPC movement and physics simulation.
GPU Warmup: Rendering images (which needs additional VRAM), such as adjusting exposure and accumulating ray-tracing caches.
Usually, some GPU warmup frames is needed to stabilize the image; otherwise, the first second may appear darker.","在渲染開始前提前運行幾幀
CPU暖場：只運行程式，不渲染畫面，例如NPC移動和物理模擬
GPU暖場：渲染畫面（將額外占用一些顯存），例如調整曝光、積累光線追蹤緩存
通常需要一些GPU暖場使畫面變得穩定，否則前一秒的畫面可能會較暗",,,,,,,,,,,,,,,,,,,,,,,,,,,,,👤🟩,竹活板门 [底部],bamboo_trapdoor_bottom,竹地板門 [底部],,,,👤🟩,时钟 [42],clock_42,時鐘 [42]
152,右键选中导播台,Right-click to select the Director Station,右鍵選中導播臺,,,,,,,,,,,,,,,,,,,,,,,,,,,,,👤🟩,竹活板门 [打开],bamboo_trapdoor_open,竹地板門 [打開],,,,👤🟩,时钟 [43],clock_43,時鐘 [43]
153,Python工具提示,Python Tooltips,Python工具提示,,,,,,,,,,,,,,,,,,,,,,,,,,,,,👤🟩,竹活板门 [顶部],bamboo_trapdoor_top,竹地板門 [頂部],,,,👤🟩,时钟 [44],clock_44,時鐘 [44]
154,点击以加载资源并放置到场景中。左键在后台异步加载，右键立即阻塞加载,"Click to load asset and place in scene
Left click loads asynchronously in background, right click loads immediately blocking",點擊以加載資源並放置到場景中。左鍵在後台異步加載，右鍵立即阻塞加載,,,,,,,,,,,,,,,,,,,,,,,,,,,,,👤🟩,墙上的悬挂式竹告示牌,bamboo_wall_hanging_sign,牆上的竹吊牌 (牆上的懸掛式竹告示牌),,,,👤🟩,时钟 [45],clock_45,時鐘 [45]
155,导入到世界原点,Import to World Origin,導入到世界原點,,,,,,,,,,,,,,,,,,,,,,,,,,,,,👤🟩,墙上的竹告示牌,bamboo_wall_sign,牆上的竹指示牌 (牆上的竹告示牌),,,,👤🟩,时钟 [46],clock_46,時鐘 [46]
156,剔除内部方块,Culling,剔除内部方塊,,,,,,,,,,,,,,,,,,,,,,,,,,,,,👤🟩,旗帜（父模型）,banner,旗幟（父模型）,,,,👤🟩,时钟 [47],clock_47,時鐘 [47]
157,强制重新导入模型,Force Reimport Models,强制重新導入模型,,,,,,,,,,,,,,,,,,,,,,,,,,,,,👤🟩,木桶,barrel,木桶,,,,👤🟩,时钟 [48],clock_48,時鐘 [48]
158,合并方块,Merge Blocks,合并方塊,,,,,,,,,,,,,,,,,,,,,,,,,,,,,👤🟩,木桶 [打开],barrel_open,木桶 [打開],,,,👤🟩,时钟 [49],clock_49,時鐘 [49]
,,,,,,,,,,,,,,,,,,,,,,,,,,,,,,,,🟩,屏障,barrier,屏障,,,,👤🟩,时钟 [50],clock_50,時鐘 [50]
,,,,,,,,,,,,,,,,,,,,,,,,,,,,,,,,🟥,玄武岩,basalt,玄武巖 (玄武岩),,,,👤🟩,时钟 [51],clock_51,時鐘 [51]
,,,,,,,,,,,,,,,,,,,,,,,,,,,,,,,,🟩💡,信标,beacon,燈標 (烽火台),,,,👤🟩,时钟 [52],clock_52,時鐘 [52]
,,,,,,,,,,,,,,,,,,,,,,,,,,,,,,,,👤🟩,基岩,bedrock,基巖 (基岩),,,,👤🟩,时钟 [53],clock_53,時鐘 [53]
,,,,,,,,,,,,,,,,,,,,,,,,,,,,,,,,👤🟩,基岩 [镜像],bedrock_mirrored,基巖 (基岩) [鏡像],,,,👤🟩,时钟 [54],clock_54,時鐘 [54]
,,,,,,,,,,,,,,,,,,,,,,,,,,,,,,,,🟩,蜂巢 [空],bee_nest_empty,蜂巢 (蜂窩) [空],,,,👤🟩,时钟 [55],clock_55,時鐘 [55]
,,,,,,,,,,,,,,,,,,,,,,,,,,,,,,,,🟩,蜂巢 [蜂蜜],bee_nest_honey,蜂巢 (蜂窩) [蜂蜜],,,,👤🟩,时钟 [56],clock_56,時鐘 [56]
,,,,,,,,,,,,,,,,,,,,,,,,,,,,,,,,🟩,蜂箱 [空],beehive_empty,蜂箱 [空],,,,👤🟩,时钟 [57],clock_57,時鐘 [57]
,,,,,,,,,,,,,,,,,,,,,,,,,,,,,,,,🟩,蜂箱 [蜂蜜],beehive_honey,蜂箱 [蜂蜜],,,,👤🟩,时钟 [58],clock_58,時鐘 [58]
,,,,,,,,,,,,,,,,,,,,,,,,,,,,,,,,🟩,甜菜根 [阶段0],beetroots_stage0,紅菜頭 (甜菜根) [階段0],,,,👤🟩,时钟 [59],clock_59,時鐘 [59]
,,,,,,,,,,,,,,,,,,,,,,,,,,,,,,,,🟩,甜菜根 [阶段1],beetroots_stage1,紅菜頭 (甜菜根) [階段1],,,,👤🟩,时钟 [60],clock_60,時鐘 [60]
,,,,,,,,,,,,,,,,,,,,,,,,,,,,,,,,🟩,甜菜根 [阶段2],beetroots_stage2,紅菜頭 (甜菜根) [階段2],,,,👤🟩,时钟 [61],clock_61,時鐘 [61]
,,,,,,,,,,,,,,,,,,,,,,,,,,,,,,,,🟩,甜菜根 [阶段3],beetroots_stage3,紅菜頭 (甜菜根) [階段3],,,,👤🟩,时钟 [62],clock_62,時鐘 [62]
,,,,,,,,,,,,,,,,,,,,,,,,,,,,,,,,👤🟩,钟 [两墙之间],bell_between_walls,鐘 [兩牆之間],,,,👤🟩,时钟 [63],clock_63,時鐘 [63]
,,,,,,,,,,,,,,,,,,,,,,,,,,,,,,,,👤🟩,钟 [天花板],bell_ceiling,鐘 [天花板],,,,🟩,煤炭,coal,煤炭
,,,,,,,,,,,,,,,,,,,,,,,,,,,,,,,,👤🟩,钟 [地板],bell_floor,鐘 [地板],,,,👤🟩,锻造模板,coast_armor_trim_smithing_template,鍛造模板
,,,,,,,,,,,,,,,,,,,,,,,,,,,,,,,,👤🟩,钟 [墙上],bell_wall,鐘 [牆上],,,,🟩,可可豆,cocoa_beans,可可豆
,,,,,,,,,,,,,,,,,,,,,,,,,,,,,,,,🟩,大型垂滴叶,big_dripleaf,大懸葉草,,,,🟩🌊,生鳕鱼,cod,生鱈魚
,,,,,,,,,,,,,,,,,,,,,,,,,,,,,,,,🟩,大型垂滴叶 [完全倾斜],big_dripleaf_full_tilt,大懸葉草 [完全傾斜],,,,👤🌊,鳕鱼桶,cod_bucket,鱈魚桶
,,,,,,,,,,,,,,,,,,,,,,,,,,,,,,,,🟩,大型垂滴叶 [部分倾斜],big_dripleaf_partial_tilt,大懸葉草 [部分傾斜],,,,👤🟩,鳕鱼刷怪蛋,cod_spawn_egg,鱈魚生成蛋 (鱈魚生怪蛋)
,,,,,,,,,,,,,,,,,,,,,,,,,,,,,,,,🟩,大型垂滴叶茎,big_dripleaf_stem,大懸葉草葉莖 (大懸葉草葉柄),,,,👤🟩,命令方块矿车,command_block_minecart,命令方塊礦車 (指令方塊礦車)
,,,,,,,,,,,,,,,,,,,,,,,,,,,,,,,,👤🟩,白桦木按钮,birch_button,樺木按鈕,,,,👤🟩,红石比较器,comparator,紅石比較器
,,,,,,,,,,,,,,,,,,,,,,,,,,,,,,,,👤🟩,白桦木按钮 [物品栏],birch_button_inventory,樺木按鈕 [物品欄],,,,👤🟩,指南针 [00],compass_00,指南針 (羅盤) [00]
,,,,,,,,,,,,,,,,,,,,,,,,,,,,,,,,👤🟩,白桦木按钮 [按下],birch_button_pressed,樺木按鈕 [按下],,,,👤🟩,指南针 [01],compass_01,指南針 (羅盤) [01]
,,,,,,,,,,,,,,,,,,,,,,,,,,,,,,,,👤🟩,白桦木门 [底部左],birch_door_bottom_left,樺木門 [底部左],,,,👤🟩,指南针 [02],compass_02,指南針 (羅盤) [02]
,,,,,,,,,,,,,,,,,,,,,,,,,,,,,,,,👤🟩,白桦木门 [底部左打开],birch_door_bottom_left_open,樺木門 [底部左打開],,,,👤🟩,指南针 [03],compass_03,指南針 (羅盤) [03]
,,,,,,,,,,,,,,,,,,,,,,,,,,,,,,,,👤🟩,白桦木门 [底部右],birch_door_bottom_right,樺木門 [底部右],,,,👤🟩,指南针 [04],compass_04,指南針 (羅盤) [04]
,,,,,,,,,,,,,,,,,,,,,,,,,,,,,,,,👤🟩,白桦木门 [底部右打开],birch_door_bottom_right_open,樺木門 [底部右打開],,,,👤🟩,指南针 [05],compass_05,指南針 (羅盤) [05]
,,,,,,,,,,,,,,,,,,,,,,,,,,,,,,,,👤🟩,白桦木门 [顶部左],birch_door_top_left,樺木門 [頂部左],,,,👤🟩,指南针 [06],compass_06,指南針 (羅盤) [06]
,,,,,,,,,,,,,,,,,,,,,,,,,,,,,,,,👤🟩,白桦木门 [顶部左打开],birch_door_top_left_open,樺木門 [頂部左打開],,,,👤🟩,指南针 [07],compass_07,指南針 (羅盤) [07]
,,,,,,,,,,,,,,,,,,,,,,,,,,,,,,,,👤🟩,白桦木门 [顶部右],birch_door_top_right,樺木門 [頂部右],,,,👤🟩,指南针 [08],compass_08,指南針 (羅盤) [08]
,,,,,,,,,,,,,,,,,,,,,,,,,,,,,,,,👤🟩,白桦木门 [顶部右打开],birch_door_top_right_open,樺木門 [頂部右打開],,,,👤🟩,指南针 [09],compass_09,指南針 (羅盤) [09]
,,,,,,,,,,,,,,,,,,,,,,,,,,,,,,,,👤🟩,白桦木栅栏门,birch_fence_gate,樺木閘門 (樺木柵欄門),,,,👤🟩,指南针 [10],compass_10,指南針 (羅盤) [10]
,,,,,,,,,,,,,,,,,,,,,,,,,,,,,,,,👤🟩,白桦木栅栏门 [打开],birch_fence_gate_open,樺木閘門 (樺木柵欄門) [打開],,,,👤🟩,指南针 [11],compass_11,指南針 (羅盤) [11]
,,,,,,,,,,,,,,,,,,,,,,,,,,,,,,,,👤🟩,白桦木栅栏门 [墙上],birch_fence_gate_wall,樺木閘門 (樺木柵欄門) [牆上],,,,👤🟩,指南针 [12],compass_12,指南針 (羅盤) [12]
,,,,,,,,,,,,,,,,,,,,,,,,,,,,,,,,👤🟩,白桦木栅栏门 [墙上打开],birch_fence_gate_wall_open,樺木閘門 (樺木柵欄門) [牆上打開],,,,👤🟩,指南针 [13],compass_13,指南針 (羅盤) [13]
,,,,,,,,,,,,,,,,,,,,,,,,,,,,,,,,👤🟩,白桦木栅栏 [物品栏],birch_fence_inventory,樺木欄杆 (樺木柵欄) [物品欄],,,,👤🟩,指南针 [14],compass_14,指南針 (羅盤) [14]
,,,,,,,,,,,,,,,,,,,,,,,,,,,,,,,,👤🟩,白桦木栅栏 [柱],birch_fence_post,樺木欄杆 (樺木柵欄) [柱],,,,👤🟩,指南针 [15],compass_15,指南針 (羅盤) [15]
,,,,,,,,,,,,,,,,,,,,,,,,,,,,,,,,👤🟩,白桦木栅栏 [边],birch_fence_side,樺木欄杆 (樺木柵欄) [邊],,,,👤🟩,指南针 [16],compass_16,指南針 (羅盤) [16]
,,,,,,,,,,,,,,,,,,,,,,,,,,,,,,,,👤🟩,悬挂式白桦木告示牌 [附着旋转0],birch_hanging_sign_attached_rot_0,樺木吊牌 (懸掛式樺木告示牌) [附著旋轉0],,,,👤🟩,指南针 [17],compass_17,指南針 (羅盤) [17]
,,,,,,,,,,,,,,,,,,,,,,,,,,,,,,,,👤🟩,悬挂式白桦木告示牌 [附着旋转1],birch_hanging_sign_attached_rot_1,樺木吊牌 (懸掛式樺木告示牌) [附著旋轉1],,,,👤🟩,指南针 [18],compass_18,指南針 (羅盤) [18]
,,,,,,,,,,,,,,,,,,,,,,,,,,,,,,,,👤🟩,悬挂式白桦木告示牌 [附着旋转2],birch_hanging_sign_attached_rot_2,樺木吊牌 (懸掛式樺木告示牌) [附著旋轉2],,,,👤🟩,指南针 [19],compass_19,指南針 (羅盤) [19]
,,,,,,,,,,,,,,,,,,,,,,,,,,,,,,,,👤🟩,悬挂式白桦木告示牌 [附着旋转3],birch_hanging_sign_attached_rot_3,樺木吊牌 (懸掛式樺木告示牌) [附著旋轉3],,,,👤🟩,指南针 [20],compass_20,指南針 (羅盤) [20]
,,,,,,,,,,,,,,,,,,,,,,,,,,,,,,,,👤🟩,悬挂式白桦木告示牌 [旋转0],birch_hanging_sign_rot_0,樺木吊牌 (懸掛式樺木告示牌) [旋轉0],,,,👤🟩,指南针 [21],compass_21,指南針 (羅盤) [21]
,,,,,,,,,,,,,,,,,,,,,,,,,,,,,,,,👤🟩,悬挂式白桦木告示牌 [旋转1],birch_hanging_sign_rot_1,樺木吊牌 (懸掛式樺木告示牌) [旋轉1],,,,👤🟩,指南针 [22],compass_22,指南針 (羅盤) [22]
,,,,,,,,,,,,,,,,,,,,,,,,,,,,,,,,👤🟩,悬挂式白桦木告示牌 [旋转2],birch_hanging_sign_rot_2,樺木吊牌 (懸掛式樺木告示牌) [旋轉2],,,,👤🟩,指南针 [23],compass_23,指南針 (羅盤) [23]
,,,,,,,,,,,,,,,,,,,,,,,,,,,,,,,,👤🟩,悬挂式白桦木告示牌 [旋转3],birch_hanging_sign_rot_3,樺木吊牌 (懸掛式樺木告示牌) [旋轉3],,,,👤🟩,指南针 [24],compass_24,指南針 (羅盤) [24]
,,,,,,,,,,,,,,,,,,,,,,,,,,,,,,,,🟩,白桦树叶,birch_leaves,樺木樹葉,,,,👤🟩,指南针 [25],compass_25,指南針 (羅盤) [25]
,,,,,,,,,,,,,,,,,,,,,,,,,,,,,,,,🟩,白桦原木,birch_log,樺木原木,,,,👤🟩,指南针 [26],compass_26,指南針 (羅盤) [26]
,,,,,,,,,,,,,,,,,,,,,,,,,,,,,,,,🟩,白桦原木 [水平],birch_log_horizontal,樺木原木 [水平],,,,👤🟩,指南针 [27],compass_27,指南針 (羅盤) [27]
,,,,,,,,,,,,,,,,,,,,,,,,,,,,,,,,👤🟩,白桦木板,birch_planks,樺木板 (樺木材),,,,👤🟩,指南针 [28],compass_28,指南針 (羅盤) [28]
,,,,,,,,,,,,,,,,,,,,,,,,,,,,,,,,👤🟩,白桦木压力板,birch_pressure_plate,樺木壓力板,,,,👤🟩,指南针 [29],compass_29,指南針 (羅盤) [29]
,,,,,,,,,,,,,,,,,,,,,,,,,,,,,,,,👤🟩,白桦木压力板 [按下],birch_pressure_plate_down,樺木壓力板 [按下],,,,👤🟩,指南针 [30],compass_30,指南針 (羅盤) [30]
,,,,,,,,,,,,,,,,,,,,,,,,,,,,,,,,🟩,白桦树苗,birch_sapling,樺木樹苗,,,,👤🟩,指南针 [31],compass_31,指南針 (羅盤) [31]
,,,,,,,,,,,,,,,,,,,,,,,,,,,,,,,,👤🟩,白桦木展示架,birch_shelf,樺木置物架 (樺木展示架),,,,🟩,牛排,cooked_beef,牛扒 (牛排)
,,,,,,,,,,,,,,,,,,,,,,,,,,,,,,,,👤🟩,白桦木展示架 [中],birch_shelf_center,樺木置物架 (樺木展示架) [中],,,,🟩,熟鸡肉,cooked_chicken,熟雞肉 (烤雞)
,,,,,,,,,,,,,,,,,,,,,,,,,,,,,,,,👤🟩,白桦木展示架 [物品栏],birch_shelf_inventory,樺木置物架 (樺木展示架) [物品欄],,,,🟩🌊,熟鳕鱼,cooked_cod,熟鱈魚 (烤鱈魚)
,,,,,,,,,,,,,,,,,,,,,,,,,,,,,,,,👤🟩,白桦木展示架 [左],birch_shelf_left,樺木置物架 (樺木展示架) [左],,,,🟩,熟羊肉,cooked_mutton,熟羊肉 (烤羊肉)
,,,,,,,,,,,,,,,,,,,,,,,,,,,,,,,,👤🟩,白桦木展示架 [右],birch_shelf_right,樺木置物架 (樺木展示架) [右],,,,🟩,熟猪排,cooked_porkchop,熟豬扒 (烤豬肉)
,,,,,,,,,,,,,,,,,,,,,,,,,,,,,,,,👤🟩,白桦木展示架 [未连接],birch_shelf_unconnected,樺木置物架 (樺木展示架) [未連接],,,,🟩,熟兔肉,cooked_rabbit,熟兔肉 (烤兔肉)
,,,,,,,,,,,,,,,,,,,,,,,,,,,,,,,,👤🟩,白桦木展示架 [未充能],birch_shelf_unpowered,樺木置物架 (樺木展示架) [未充能],,,,🟩🌊,熟鲑鱼,cooked_salmon,熟三文魚 (烤鮭魚)
,,,,,,,,,,,,,,,,,,,,,,,,,,,,,,,,👤🟩,白桦木告示牌 [旋转0],birch_sign_rot_0,樺木指示牌 (樺木告示牌) [旋轉0],,,,🟩,曲奇,cookie,曲奇 (餅乾)
,,,,,,,,,,,,,,,,,,,,,,,,,,,,,,,,👤🟩,白桦木告示牌 [旋转1],birch_sign_rot_1,樺木指示牌 (樺木告示牌) [旋轉1],,,,👤🟩,铜斧,copper_axe,銅斧頭 (銅斧)
,,,,,,,,,,,,,,,,,,,,,,,,,,,,,,,,👤🟩,白桦木告示牌 [旋转2],birch_sign_rot_2,樺木指示牌 (樺木告示牌) [旋轉2],,,,👤🟩,铜靴子,copper_boots,銅靴 (銅製靴子)
,,,,,,,,,,,,,,,,,,,,,,,,,,,,,,,,👤🟩,白桦木告示牌 [旋转3],birch_sign_rot_3,樺木指示牌 (樺木告示牌) [旋轉3],,,,👤🟩,铜链,copper_chain,銅鏈
,,,,,,,,,,,,,,,,,,,,,,,,,,,,,,,,👤🟩,白桦木台阶,birch_slab,樺木半磚,,,,👤🟩,铜胸甲,copper_chestplate,銅胸甲 (銅製胸甲)
,,,,,,,,,,,,,,,,,,,,,,,,,,,,,,,,👤🟩,白桦木台阶 [顶部],birch_slab_top,樺木半磚 [頂部],,,,👤🟩,铜门,copper_door,銅門
,,,,,,,,,,,,,,,,,,,,,,,,,,,,,,,,👤🟩,白桦木楼梯,birch_stairs,樺木樓梯 (樺木階梯),,,,👤🟩,铜傀儡刷怪蛋,copper_golem_spawn_egg,銅人生成蛋 (銅魔像生怪蛋)
,,,,,,,,,,,,,,,,,,,,,,,,,,,,,,,,👤🟩,白桦木楼梯 [内角],birch_stairs_inner,樺木樓梯 (樺木階梯) [內角],,,,👤🟩,铜头盔,copper_helmet,銅頭盔 (銅製頭盔)
,,,,,,,,,,,,,,,,,,,,,,,,,,,,,,,,👤🟩,白桦木楼梯 [外角],birch_stairs_outer,樺木樓梯 (樺木階梯) [外角],,,,👤🟩,铜锄,copper_hoe,銅鋤頭 (銅鋤)
,,,,,,,,,,,,,,,,,,,,,,,,,,,,,,,,👤🟩,白桦木活板门 [底部],birch_trapdoor_bottom,樺木地板門 [底部],,,,👤🟩,铜马铠,copper_horse_armor,銅馬甲 (銅製馬鎧)
,,,,,,,,,,,,,,,,,,,,,,,,,,,,,,,,👤🟩,白桦木活板门 [打开],birch_trapdoor_open,樺木地板門 [打開],,,,👤🟩,铜锭,copper_ingot,銅錠
,,,,,,,,,,,,,,,,,,,,,,,,,,,,,,,,👤🟩,白桦木活板门 [顶部],birch_trapdoor_top,樺木地板門 [頂部],,,,👤🟩💡,铜灯笼,copper_lantern,銅燈籠
,,,,,,,,,,,,,,,,,,,,,,,,,,,,,,,,👤🟩,墙上的悬挂式白桦木告示牌,birch_wall_hanging_sign,牆上的樺木吊牌 (牆上的懸掛式樺木告示牌),,,,👤🟩,铜护腿,copper_leggings,銅護腳 (銅製護腿)
,,,,,,,,,,,,,,,,,,,,,,,,,,,,,,,,👤🟩,墙上的白桦木告示牌,birch_wall_sign,牆上的樺木指示牌 (牆上的樺木告示牌),,,,👤🟩🌊,铜鹦鹉螺铠,copper_nautilus_armor,銅鸚鵡螺甲 (銅製鸚鵡螺鎧)
,,,,,,,,,,,,,,,,,,,,,,,,,,,,,,,,🟩,白桦木,birch_wood,樺木 (樺木塊),,,,👤🟩,铜粒,copper_nugget,銅粒
,,,,,,,,,,,,,,,,,,,,,,,,,,,,,,,,👤🟩,黑色床 [尾],black_bed_foot,黑色牀 (黑色床) [尾],,,,👤🟩,铜镐,copper_pickaxe,銅鎬
,,,,,,,,,,,,,,,,,,,,,,,,,,,,,,,,👤🟩,黑色床 [头],black_bed_head,黑色牀 (黑色床) [頭],,,,👤🟩,铜锹,copper_shovel,銅鏟
,,,,,,,,,,,,,,,,,,,,,,,,,,,,,,,,👤🟩,插上黑色蜡烛的蛋糕,black_candle_cake,插上黑色蠟燭的蛋糕,,,,👤🟩,铜矛,copper_spear,銅矛
,,,,,,,,,,,,,,,,,,,,,,,,,,,,,,,,👤🟩💡,插上黑色蜡烛的蛋糕 [点燃],black_candle_cake_lit,插上黑色蠟燭的蛋糕 [點燃],,,,👤🟩,铜矛 [手持],copper_spear_in_hand,銅矛 [手持]
,,,,,,,,,,,,,,,,,,,,,,,,,,,,,,,,👤🟩,黑色蜡烛 [四支蜡烛],black_candle_four_candles,黑色蠟燭 [四支蠟燭],,,,👤🟩,铜剑,copper_sword,銅劍
,,,,,,,,,,,,,,,,,,,,,,,,,,,,,,,,👤🟩💡,黑色蜡烛 [四支蜡烛点燃],black_candle_four_candles_lit,黑色蠟燭 [四支蠟燭點燃],,,,👤🟩,牛刷怪蛋,cow_spawn_egg,牛生成蛋 (牛生怪蛋)
,,,,,,,,,,,,,,,,,,,,,,,,,,,,,,,,👤🟩,黑色蜡烛 [一支蜡烛],black_candle_one_candle,黑色蠟燭 [一支蠟燭],,,,👤🟩,嘎枝刷怪蛋,creaking_spawn_egg,異響樹妖生成蛋 (嘎枝生怪蛋)
,,,,,,,,,,,,,,,,,,,,,,,,,,,,,,,,👤🟩💡,黑色蜡烛 [一支蜡烛点燃],black_candle_one_candle_lit,黑色蠟燭 [一支蠟燭點燃],,,,👤🟩,旗帜图案,creeper_banner_pattern,橫額圖案 (旗幟圖案)
,,,,,,,,,,,,,,,,,,,,,,,,,,,,,,,,👤🟩,黑色蜡烛 [三支蜡烛],black_candle_three_candles,黑色蠟燭 [三支蠟燭],,,,👤🟩,苦力怕刷怪蛋,creeper_spawn_egg,Creeper 生成蛋 (苦力怕生怪蛋)
,,,,,,,,,,,,,,,,,,,,,,,,,,,,,,,,👤🟩💡,黑色蜡烛 [三支蜡烛点燃],black_candle_three_candles_lit,黑色蠟燭 [三支蠟燭點燃],,,,👤🟥,绯红木门,crimson_door,猩紅菌木門 (緋紅蕈木門)
,,,,,,,,,,,,,,,,,,,,,,,,,,,,,,,,👤🟩,黑色蜡烛 [两支蜡烛],black_candle_two_candles,黑色蠟燭 [兩支蠟燭],,,,👤🟥,悬挂式绯红木告示牌,crimson_hanging_sign,猩紅菌木吊牌 (懸掛式緋紅蕈木告示牌)
,,,,,,,,,,,,,,,,,,,,,,,,,,,,,,,,👤🟩💡,黑色蜡烛 [两支蜡烛点燃],black_candle_two_candles_lit,黑色蠟燭 [兩支蠟燭點燃],,,,👤🟥,绯红木告示牌,crimson_sign,猩紅菌木指示牌 (緋紅蕈木告示牌)
,,,,,,,,,,,,,,,,,,,,,,,,,,,,,,,,👤🟩,黑色地毯,black_carpet,黑色地氈 (黑色地毯),,,,👤🟩,弩 [箭],crossbow_arrow,弩 [箭]
,,,,,,,,,,,,,,,,,,,,,,,,,,,,,,,,👤🟩,黑色混凝土,black_concrete,黑色混凝土,,,,👤🟩💡,弩 [烟花],crossbow_firework,弩 [煙花]
,,,,,,,,,,,,,,,,,,,,,,,,,,,,,,,,👤🟩,黑色混凝土粉末,black_concrete_powder,黑色混凝土粉末,,,,👤🟩,弩 [拉弓0],crossbow_pulling_0,弩 [拉弓0]
,,,,,,,,,,,,,,,,,,,,,,,,,,,,,,,,👤🟩,黑色带釉陶瓦,black_glazed_terracotta,黑色釉陶,,,,👤🟩,弩 [拉弓1],crossbow_pulling_1,弩 [拉弓1]
,,,,,,,,,,,,,,,,,,,,,,,,,,,,,,,,🟨,黑色潜影盒,black_shulker_box,黑色界伏盒,,,,👤🟩,弩 [拉弓2],crossbow_pulling_2,弩 [拉弓2]
,,,,,,,,,,,,,,,,,,,,,,,,,,,,,,,,👤🟩,黑色染色玻璃,black_stained_glass,黑色染色玻璃 (黑色玻璃),,,,👤🟩,弩 [待机],crossbow_standby,弩 [待機]
,,,,,,,,,,,,,,,,,,,,,,,,,,,,,,,,👤🟩,黑色染色玻璃板 [无边],black_stained_glass_pane_noside,黑色染色玻璃片 (黑色玻璃片) [無邊],,,,👤🟩,青色收纳袋,cyan_bundle,青藍色收納袋 (青色束口袋)
,,,,,,,,,,,,,,,,,,,,,,,,,,,,,,,,👤🟩,黑色染色玻璃板 [无边交替],black_stained_glass_pane_noside_alt,黑色染色玻璃片 (黑色玻璃片) [無邊交替],,,,👤🟩,青色收纳袋 [打开背面],cyan_bundle_open_back,青藍色收納袋 (青色束口袋) [打開背面]
,,,,,,,,,,,,,,,,,,,,,,,,,,,,,,,,👤🟩,黑色染色玻璃板 [柱],black_stained_glass_pane_post,黑色染色玻璃片 (黑色玻璃片) [柱],,,,👤🟩,青色收纳袋 [打开正面],cyan_bundle_open_front,青藍色收納袋 (青色束口袋) [打開正面]
,,,,,,,,,,,,,,,,,,,,,,,,,,,,,,,,👤🟩,黑色染色玻璃板 [边],black_stained_glass_pane_side,黑色染色玻璃片 (黑色玻璃片) [邊],,,,👤🟩,青色蜡烛,cyan_candle,青藍色蠟燭 (青色蠟燭)
,,,,,,,,,,,,,,,,,,,,,,,,,,,,,,,,👤🟩,黑色染色玻璃板 [边交替],black_stained_glass_pane_side_alt,黑色染色玻璃片 (黑色玻璃片) [邊交替],,,,👤🟩,青色染料,cyan_dye,青藍色染料 (青色染料)
,,,,,,,,,,,,,,,,,,,,,,,,,,,,,,,,👤🟩,黑色陶瓦,black_terracotta,黑色陶瓦 (黑色陶土),,,,👤🟩,青色挽具,cyan_harness,青藍色牽引器具 (青色帽鞍)
,,,,,,,,,,,,,,,,,,,,,,,,,,,,,,,,👤🟩,黑色羊毛,black_wool,黑色羊毛,,,,👤🟩,危机纹样陶片,danger_pottery_sherd,危機陶罐碎片 (危機陶器碎片)
,,,,,,,,,,,,,,,,,,,,,,,,,,,,,,,,🟥,黑石,blackstone,黑石,,,,👤🟩🌊,深色橡木船,dark_oak_boat,黑橡木船
,,,,,,,,,,,,,,,,,,,,,,,,,,,,,,,,👤🟥,黑石台阶,blackstone_slab,黑石半磚,,,,👤🟩🌊,深色橡木运输船,dark_oak_chest_boat,儲物箱黑橡木船
,,,,,,,,,,,,,,,,,,,,,,,,,,,,,,,,👤🟥,黑石台阶 [顶部],blackstone_slab_top,黑石半磚 [頂部],,,,👤🟩,深色橡木门,dark_oak_door,黑橡木門
,,,,,,,,,,,,,,,,,,,,,,,,,,,,,,,,👤🟥,黑石楼梯,blackstone_stairs,黑石樓梯 (黑石階梯),,,,👤🟩,悬挂式深色橡木告示牌,dark_oak_hanging_sign,黑橡木吊牌 (懸掛式黑橡木告示牌)
,,,,,,,,,,,,,,,,,,,,,,,,,,,,,,,,👤🟥,黑石楼梯 [内角],blackstone_stairs_inner,黑石樓梯 (黑石階梯) [內角],,,,👤🟩,深色橡木告示牌,dark_oak_sign,黑橡木指示牌 (黑橡木告示牌)
,,,,,,,,,,,,,,,,,,,,,,,,,,,,,,,,👤🟥,黑石楼梯 [外角],blackstone_stairs_outer,黑石樓梯 (黑石階梯) [外角],,,,🟩,钻石,diamond,鑽石
,,,,,,,,,,,,,,,,,,,,,,,,,,,,,,,,👤🟥,黑石墙 [物品栏],blackstone_wall_inventory,黑石牆 [物品欄],,,,👤🟩,钻石斧,diamond_axe,鑽石斧頭 (鑽石斧)
,,,,,,,,,,,,,,,,,,,,,,,,,,,,,,,,👤🟥,黑石墙 [柱],blackstone_wall_post,黑石牆 [柱],,,,👤🟩,钻石靴子,diamond_boots,鑽石靴 (鑽石靴子)
,,,,,,,,,,,,,,,,,,,,,,,,,,,,,,,,👤🟥,黑石墙 [边],blackstone_wall_side,黑石牆 [邊],,,,👤🟩,钻石胸甲,diamond_chestplate,鑽石胸甲
,,,,,,,,,,,,,,,,,,,,,,,,,,,,,,,,👤🟥,黑石墙 [边高],blackstone_wall_side_tall,黑石牆 [邊高],,,,👤🟩,钻石头盔,diamond_helmet,鑽石頭盔
,,,,,,,,,,,,,,,,,,,,,,,,,,,,,,,,👤🟩,高炉,blast_furnace,高爐,,,,👤🟩,钻石锄,diamond_hoe,鑽石鋤頭 (鑽石鋤)
,,,,,,,,,,,,,,,,,,,,,,,,,,,,,,,,👤🟩,高炉 [开启],blast_furnace_on,高爐 [開啟],,,,👤🟩,钻石马铠,diamond_horse_armor,鑽石馬甲 (鑽石製馬鎧)
,,,,,,,,,,,,,,,,,,,,,,,,,,,,,,,,#,方块（父模型）,block,方塊（父模型）,,,,👤🟩,钻石护腿,diamond_leggings,鑽石護腳 (鑽石護腿)
,,,,,,,,,,,,,,,,,,,,,,,,,,,,,,,,👤🟩,蓝色床 [尾],blue_bed_foot,藍色牀 (藍色床) [尾],,,,👤🟩🌊,钻石鹦鹉螺铠,diamond_nautilus_armor,鑽石鸚鵡螺甲 (鑽石製鸚鵡螺鎧)
,,,,,,,,,,,,,,,,,,,,,,,,,,,,,,,,👤🟩,蓝色床 [头],blue_bed_head,藍色牀 (藍色床) [頭],,,,👤🟩,钻石镐,diamond_pickaxe,鑽石鎬
,,,,,,,,,,,,,,,,,,,,,,,,,,,,,,,,👤🟩,插上蓝色蜡烛的蛋糕,blue_candle_cake,插上藍色蠟燭的蛋糕,,,,👤🟩,钻石锹,diamond_shovel,鑽石鏟
,,,,,,,,,,,,,,,,,,,,,,,,,,,,,,,,👤🟩💡,插上蓝色蜡烛的蛋糕 [点燃],blue_candle_cake_lit,插上藍色蠟燭的蛋糕 [點燃],,,,👤🟩,钻石矛,diamond_spear,鑽石矛
,,,,,,,,,,,,,,,,,,,,,,,,,,,,,,,,👤🟩,蓝色蜡烛 [四支蜡烛],blue_candle_four_candles,藍色蠟燭 [四支蠟燭],,,,👤🟩,钻石矛 [手持],diamond_spear_in_hand,鑽石矛 [手持]
,,,,,,,,,,,,,,,,,,,,,,,,,,,,,,,,👤🟩💡,蓝色蜡烛 [四支蜡烛点燃],blue_candle_four_candles_lit,藍色蠟燭 [四支蠟燭點燃],,,,👤🟩,钻石剑,diamond_sword,鑽石劍
,,,,,,,,,,,,,,,,,,,,,,,,,,,,,,,,👤🟩,蓝色蜡烛 [一支蜡烛],blue_candle_one_candle,藍色蠟燭 [一支蠟燭],,,,🟩,唱片残片,disc_fragment_5,唱片殘片 (唱片碎片)
,,,,,,,,,,,,,,,,,,,,,,,,,,,,,,,,👤🟩💡,蓝色蜡烛 [一支蜡烛点燃],blue_candle_one_candle_lit,藍色蠟燭 [一支蠟燭點燃],,,,👤🟩,海豚刷怪蛋,dolphin_spawn_egg,海豚生成蛋 (海豚生怪蛋)
,,,,,,,,,,,,,,,,,,,,,,,,,,,,,,,,👤🟩,蓝色蜡烛 [三支蜡烛],blue_candle_three_candles,藍色蠟燭 [三支蠟燭],,,,👤🟩,驴刷怪蛋,donkey_spawn_egg,驢生成蛋 (驢子生怪蛋)
,,,,,,,,,,,,,,,,,,,,,,,,,,,,,,,,👤🟩💡,蓝色蜡烛 [三支蜡烛点燃],blue_candle_three_candles_lit,藍色蠟燭 [三支蠟燭點燃],,,,🟩,龙息,dragon_breath,龍之吐息
,,,,,,,,,,,,,,,,,,,,,,,,,,,,,,,,👤🟩,蓝色蜡烛 [两支蜡烛],blue_candle_two_candles,藍色蠟燭 [兩支蠟燭],,,,🟩🌊,干海带,dried_kelp,乾海帶 (海帶乾)
,,,,,,,,,,,,,,,,,,,,,,,,,,,,,,,,👤🟩💡,蓝色蜡烛 [两支蜡烛点燃],blue_candle_two_candles_lit,藍色蠟燭 [兩支蠟燭點燃],,,,👤🟩,溺尸刷怪蛋,drowned_spawn_egg,沉屍生成蛋 (沉屍生怪蛋)
,,,,,,,,,,,,,,,,,,,,,,,,,,,,,,,,👤🟩,蓝色地毯,blue_carpet,藍色地氈 (藍色地毯),,,,👤🟩,锻造模板,dune_armor_trim_smithing_template,鍛造模板
,,,,,,,,,,,,,,,,,,,,,,,,,,,,,,,,👤🟩,蓝色混凝土,blue_concrete,藍色混凝土,,,,🟩,回响碎片,echo_shard,迴響碎片 (回聲碎片)
,,,,,,,,,,,,,,,,,,,,,,,,,,,,,,,,👤🟩,蓝色混凝土粉末,blue_concrete_powder,藍色混凝土粉末,,,,🟩,鸡蛋,egg,雞蛋
,,,,,,,,,,,,,,,,,,,,,,,,,,,,,,,,👤🟩,蓝色带釉陶瓦,blue_glazed_terracotta,藍色釉陶,,,,👤🟩,远古守卫者刷怪蛋,elder_guardian_spawn_egg,遠古深海守衞生成蛋 (遠古深海守衛生怪蛋)
,,,,,,,,,,,,,,,,,,,,,,,,,,,,,,,,🟩🌊,蓝冰,blue_ice,藍冰,,,,👤🟨,鞘翅,elytra,鞘翅
,,,,,,,,,,,,,,,,,,,,,,,,,,,,,,,,🟩,兰花,blue_orchid,蘭花 (藍色蝴蝶蘭),,,,👤🟨,鞘翅 [破损],elytra_broken,鞘翅 [破損]
,,,,,,,,,,,,,,,,,,,,,,,,,,,,,,,,🟨,蓝色潜影盒,blue_shulker_box,藍色界伏盒,,,,🟩,绿宝石,emerald,綠寶石
,,,,,,,,,,,,,,,,,,,,,,,,,,,,,,,,👤🟩,蓝色染色玻璃,blue_stained_glass,藍色染色玻璃 (藍色玻璃),,,,👤🟩,附魔书,enchanted_book,附魔書
,,,,,,,,,,,,,,,,,,,,,,,,,,,,,,,,👤🟩,蓝色染色玻璃板 [无边],blue_stained_glass_pane_noside,藍色染色玻璃片 (藍色玻璃片) [無邊],,,,🟨,末地水晶,end_crystal,終界水晶
,,,,,,,,,,,,,,,,,,,,,,,,,,,,,,,,👤🟩,蓝色染色玻璃板 [无边交替],blue_stained_glass_pane_noside_alt,藍色染色玻璃片 (藍色玻璃片) [無邊交替],,,,👤🟨,末影龙刷怪蛋,ender_dragon_spawn_egg,終界龍生成蛋 (終界龍生怪蛋)
,,,,,,,,,,,,,,,,,,,,,,,,,,,,,,,,👤🟩,蓝色染色玻璃板 [柱],blue_stained_glass_pane_post,藍色染色玻璃片 (藍色玻璃片) [柱],,,,🟨,末影之眼,ender_eye,終界之眼
,,,,,,,,,,,,,,,,,,,,,,,,,,,,,,,,👤🟩,蓝色染色玻璃板 [边],blue_stained_glass_pane_side,藍色染色玻璃片 (藍色玻璃片) [邊],,,,🟨,末影珍珠,ender_pearl,終界珍珠
,,,,,,,,,,,,,,,,,,,,,,,,,,,,,,,,👤🟩,蓝色染色玻璃板 [边交替],blue_stained_glass_pane_side_alt,藍色染色玻璃片 (藍色玻璃片) [邊交替],,,,👤🟩,末影人刷怪蛋,enderman_spawn_egg,終界使者生成蛋 (終界使者生怪蛋)
,,,,,,,,,,,,,,,,,,,,,,,,,,,,,,,,👤🟩,蓝色陶瓦,blue_terracotta,藍色陶瓦 (藍色陶土),,,,👤🟩,末影螨刷怪蛋,endermite_spawn_egg,終界蟎生成蛋 (終界蟎生怪蛋)
,,,,,,,,,,,,,,,,,,,,,,,,,,,,,,,,👤🟩,蓝色羊毛,blue_wool,藍色羊毛,,,,👤🟩,唤魔者刷怪蛋,evoker_spawn_egg,喚魔者生成蛋 (喚魔者生怪蛋)
,,,,,,,,,,,,,,,,,,,,,,,,,,,,,,,,🟩,骨块,bone_block,骨塊,,,,🟩,附魔之瓶,experience_bottle,附魔之瓶 (經驗瓶)
,,,,,,,,,,,,,,,,,,,,,,,,,,,,,,,,👤🟩,书架,bookshelf,書櫃,,,,👤🟩,探险纹样陶片,explorer_pottery_sherd,探險陶罐碎片 (探險陶器碎片)
,,,,,,,,,,,,,,,,,,,,,,,,,,,,,,,,🟩🌊,脑纹珊瑚,brain_coral,腦珊瑚,,,,👤🟩,斑驳的铜链,exposed_copper_chain,斑駁的銅鏈
,,,,,,,,,,,,,,,,,,,,,,,,,,,,,,,,🟩🌊,脑纹珊瑚块,brain_coral_block,腦珊瑚方塊,,,,👤🟩,斑驳的铜门,exposed_copper_door,斑駁的銅門
,,,,,,,,,,,,,,,,,,,,,,,,,,,,,,,,🟩🌊,脑纹珊瑚扇,brain_coral_fan,扇狀腦珊瑚,,,,👤🟩💡,斑驳的铜灯笼,exposed_copper_lantern,斑駁的銅燈籠
,,,,,,,,,,,,,,,,,,,,,,,,,,,,,,,,👤🟩🌊,墙上的脑纹珊瑚扇,brain_coral_wall_fan,牆上的扇狀腦珊瑚,,,,👤🟩,锻造模板,eye_armor_trim_smithing_template,鍛造模板
,,,,,,,,,,,,,,,,,,,,,,,,,,,,,,,,🟩,酿造台,brewing_stand,釀造台,,,,🟩,羽毛,feather,羽毛
,,,,,,,,,,,,,,,,,,,,,,,,,,,,,,,,🟩,酿造台 [瓶0],brewing_stand_bottle0,釀造台 [瓶0],,,,🟩,发酵蛛眼,fermented_spider_eye,發酵蜘蛛眼
,,,,,,,,,,,,,,,,,,,,,,,,,,,,,,,,🟩,酿造台 [瓶1],brewing_stand_bottle1,釀造台 [瓶1],,,,👤🟩,砖纹旗帜图案,field_masoned_banner_pattern,磚牆花紋橫額圖案 (磚牆花紋旗幟圖案)
,,,,,,,,,,,,,,,,,,,,,,,,,,,,,,,,🟩,酿造台 [瓶2],brewing_stand_bottle2,釀造台 [瓶2],,,,👤🟩,地图,filled_map,地圖
,,,,,,,,,,,,,,,,,,,,,,,,,,,,,,,,🟩,酿造台 [空位0],brewing_stand_empty0,釀造台 [空位0],,,,👤🟩,地图 [标记],filled_map_markings,地圖 [標記]
,,,,,,,,,,,,,,,,,,,,,,,,,,,,,,,,🟩,酿造台 [空位1],brewing_stand_empty1,釀造台 [空位1],,,,🟩💡,火焰弹,fire_charge,火焰彈
,,,,,,,,,,,,,,,,,,,,,,,,,,,,,,,,🟩,酿造台 [空位2],brewing_stand_empty2,釀造台 [空位2],,,,🟩💡,萤火虫灌木丛,firefly_bush,螢火蟲灌木叢
,,,,,,,,,,,,,,,,,,,,,,,,,,,,,,,,👤🟩,红砖台阶,brick_slab,紅磚半磚,,,,🟩💡,烟花火箭,firework_rocket,煙花 (煙火)
,,,,,,,,,,,,,,,,,,,,,,,,,,,,,,,,👤🟩,红砖台阶 [顶部],brick_slab_top,紅磚半磚 [頂部],,,,🟩💡,烟火之星,firework_star,煙花球 (火藥球)
,,,,,,,,,,,,,,,,,,,,,,,,,,,,,,,,👤🟩,红砖楼梯,brick_stairs,紅磚樓梯 (紅磚階梯),,,,🟩💡,烟火之星 [叠加],firework_star_overlay,煙花球 (火藥球) [疊加]
,,,,,,,,,,,,,,,,,,,,,,,,,,,,,,,,👤🟩,红砖楼梯 [内角],brick_stairs_inner,紅磚樓梯 (紅磚階梯) [內角],,,,🟩🌊,钓鱼竿,fishing_rod,魚竿 (釣竿)
,,,,,,,,,,,,,,,,,,,,,,,,,,,,,,,,👤🟩,红砖楼梯 [外角],brick_stairs_outer,紅磚樓梯 (紅磚階梯) [外角],,,,🟩🌊,钓鱼竿 [甩出],fishing_rod_cast,魚竿 (釣竿) [甩出]
,,,,,,,,,,,,,,,,,,,,,,,,,,,,,,,,👤🟩,红砖墙 [物品栏],brick_wall_inventory,紅磚牆 [物品欄],,,,🟩,燧石,flint,燧石
,,,,,,,,,,,,,,,,,,,,,,,,,,,,,,,,👤🟩,红砖墙 [柱],brick_wall_post,紅磚牆 [柱],,,,👤🟩,打火石,flint_and_steel,打火石
,,,,,,,,,,,,,,,,,,,,,,,,,,,,,,,,👤🟩,红砖墙 [边],brick_wall_side,紅磚牆 [邊],,,,👤🟩,锻造模板,flow_armor_trim_smithing_template,鍛造模板
,,,,,,,,,,,,,,,,,,,,,,,,,,,,,,,,👤🟩,红砖墙 [边高],brick_wall_side_tall,紅磚牆 [邊高],,,,👤🟩,旗帜图案,flow_banner_pattern,橫額圖案 (旗幟圖案)
,,,,,,,,,,,,,,,,,,,,,,,,,,,,,,,,👤🟩,红砖块,bricks,紅磚,,,,👤🟩,涡流纹样陶片,flow_pottery_sherd,渦流陶罐碎片 (渦流陶器碎片)
,,,,,,,,,,,,,,,,,,,,,,,,,,,,,,,,👤🟩,棕色床 [尾],brown_bed_foot,啡色牀 (棕色床) [尾],,,,👤🟩,旗帜图案,flower_banner_pattern,橫額圖案 (旗幟圖案)
,,,,,,,,,,,,,,,,,,,,,,,,,,,,,,,,👤🟩,棕色床 [头],brown_bed_head,啡色牀 (棕色床) [頭],,,,👤🟩,花盆,flower_pot,花盆
,,,,,,,,,,,,,,,,,,,,,,,,,,,,,,,,👤🟩,插上棕色蜡烛的蛋糕,brown_candle_cake,插上啡色蠟燭的蛋糕 (插上棕色蠟燭的蛋糕),,,,👤🟩,狐狸刷怪蛋,fox_spawn_egg,狐狸生成蛋 (狐狸生怪蛋)
,,,,,,,,,,,,,,,,,,,,,,,,,,,,,,,,👤🟩💡,插上棕色蜡烛的蛋糕 [点燃],brown_candle_cake_lit,插上啡色蠟燭的蛋糕 (插上棕色蠟燭的蛋糕) [點燃],,,,👤🟩,挚友纹样陶片,friend_pottery_sherd,朋友陶罐碎片 (摯友陶器碎片)
,,,,,,,,,,,,,,,,,,,,,,,,,,,,,,,,👤🟩,棕色蜡烛 [四支蜡烛],brown_candle_four_candles,啡色蠟燭 (棕色蠟燭) [四支蠟燭],,,,👤🟩,青蛙刷怪蛋,frog_spawn_egg,青蛙生成蛋 (青蛙生怪蛋)
,,,,,,,,,,,,,,,,,,,,,,,,,,,,,,,,👤🟩💡,棕色蜡烛 [四支蜡烛点燃],brown_candle_four_candles_lit,啡色蠟燭 (棕色蠟燭) [四支蠟燭點燃],,,,👤🟩,动力矿车,furnace_minecart,熔爐礦車
,,,,,,,,,,,,,,,,,,,,,,,,,,,,,,,,👤🟩,棕色蜡烛 [一支蜡烛],brown_candle_one_candle,啡色蠟燭 (棕色蠟燭) [一支蠟燭],,,,👤🟥,恶魂刷怪蛋,ghast_spawn_egg,地獄幽靈生成蛋 (地獄幽靈生怪蛋)
,,,,,,,,,,,,,,,,,,,,,,,,,,,,,,,,👤🟩💡,棕色蜡烛 [一支蜡烛点燃],brown_candle_one_candle_lit,啡色蠟燭 (棕色蠟燭) [一支蠟燭點燃],,,,🟥,恶魂之泪,ghast_tear,幽靈之淚
,,,,,,,,,,,,,,,,,,,,,,,,,,,,,,,,👤🟩,棕色蜡烛 [三支蜡烛],brown_candle_three_candles,啡色蠟燭 (棕色蠟燭) [三支蠟燭],,,,👤🟩,玻璃瓶,glass_bottle,玻璃樽 (玻璃瓶)
,,,,,,,,,,,,,,,,,,,,,,,,,,,,,,,,👤🟩💡,棕色蜡烛 [三支蜡烛点燃],brown_candle_three_candles_lit,啡色蠟燭 (棕色蠟燭) [三支蠟燭點燃],,,,🟩🌊,闪烁的西瓜片,glistering_melon_slice,鑲金西瓜片
,,,,,,,,,,,,,,,,,,,,,,,,,,,,,,,,👤🟩,棕色蜡烛 [两支蜡烛],brown_candle_two_candles,啡色蠟燭 (棕色蠟燭) [兩支蠟燭],,,,👤🟩,旗帜图案,globe_banner_pattern,橫額圖案 (旗幟圖案)
,,,,,,,,,,,,,,,,,,,,,,,,,,,,,,,,👤🟩💡,棕色蜡烛 [两支蜡烛点燃],brown_candle_two_candles_lit,啡色蠟燭 (棕色蠟燭) [兩支蠟燭點燃],,,,🟩💡,发光浆果,glow_berries,熒光莓 (螢光莓)
,,,,,,,,,,,,,,,,,,,,,,,,,,,,,,,,👤🟩,棕色地毯,brown_carpet,啡色地氈 (棕色地毯),,,,🟩💡,荧光墨囊,glow_ink_sac,熒光墨囊 (螢光墨囊)
,,,,,,,,,,,,,,,,,,,,,,,,,,,,,,,,👤🟩,棕色混凝土,brown_concrete,啡色混凝土 (棕色混凝土),,,,👤🟩💡,荧光物品展示框,glow_item_frame,熒光物品展示框 (螢光物品展示框)
,,,,,,,,,,,,,,,,,,,,,,,,,,,,,,,,👤🟩,棕色混凝土粉末,brown_concrete_powder,啡色混凝土粉末 (棕色混凝土粉末),,,,👤🟩,发光鱿鱼刷怪蛋,glow_squid_spawn_egg,熒光墨魚生成蛋 (螢光魷魚生怪蛋)
,,,,,,,,,,,,,,,,,,,,,,,,,,,,,,,,👤🟩,棕色带釉陶瓦,brown_glazed_terracotta,啡色釉陶 (棕色釉陶),,,,🟩🟥💡,荧石粉,glowstone_dust,熒光石粉 (螢石粉)
,,,,,,,,,,,,,,,,,,,,,,,,,,,,,,,,🟩,棕色蘑菇,brown_mushroom,啡色蘑菇 (棕色蘑菇),,,,👤🟩,山羊角,goat_horn,山羊角
,,,,,,,,,,,,,,,,,,,,,,,,,,,,,,,,🟩,棕色蘑菇方块,brown_mushroom_block,啡色蘑菇方塊 (棕色蘑菇方塊),,,,👤🟩,山羊刷怪蛋,goat_spawn_egg,山羊生成蛋 (山羊生怪蛋)
,,,,,,,,,,,,,,,,,,,,,,,,,,,,,,,,🟩,棕色蘑菇方块 [物品栏],brown_mushroom_block_inventory,啡色蘑菇方塊 (棕色蘑菇方塊) [物品欄],,,,🟩,金锭,gold_ingot,金錠
,,,,,,,,,,,,,,,,,,,,,,,,,,,,,,,,🟨,棕色潜影盒,brown_shulker_box,啡色界伏盒 (棕色界伏盒),,,,🟩,金粒,gold_nugget,金粒
,,,,,,,,,,,,,,,,,,,,,,,,,,,,,,,,👤🟩,棕色染色玻璃,brown_stained_glass,啡色染色玻璃 (棕色玻璃),,,,🟩,金苹果,golden_apple,金蘋果
,,,,,,,,,,,,,,,,,,,,,,,,,,,,,,,,👤🟩,棕色染色玻璃板 [无边],brown_stained_glass_pane_noside,啡色染色玻璃片 (棕色玻璃片) [無邊],,,,👤🟩,金斧,golden_axe,金斧頭 (金斧)
,,,,,,,,,,,,,,,,,,,,,,,,,,,,,,,,👤🟩,棕色染色玻璃板 [无边交替],brown_stained_glass_pane_noside_alt,啡色染色玻璃片 (棕色玻璃片) [無邊交替],,,,👤🟩,金靴子,golden_boots,金靴 (黃金靴子)
,,,,,,,,,,,,,,,,,,,,,,,,,,,,,,,,👤🟩,棕色染色玻璃板 [柱],brown_stained_glass_pane_post,啡色染色玻璃片 (棕色玻璃片) [柱],,,,🟩,金胡萝卜,golden_carrot,金紅蘿蔔 (金胡蘿蔔)
,,,,,,,,,,,,,,,,,,,,,,,,,,,,,,,,👤🟩,棕色染色玻璃板 [边],brown_stained_glass_pane_side,啡色染色玻璃片 (棕色玻璃片) [邊],,,,👤🟩,金胸甲,golden_chestplate,金胸甲 (黃金胸甲)
,,,,,,,,,,,,,,,,,,,,,,,,,,,,,,,,👤🟩,棕色染色玻璃板 [边交替],brown_stained_glass_pane_side_alt,啡色染色玻璃片 (棕色玻璃片) [邊交替],,,,👤🟩,金头盔,golden_helmet,金頭盔 (黃金頭盔)
,,,,,,,,,,,,,,,,,,,,,,,,,,,,,,,,👤🟩,棕色陶瓦,brown_terracotta,啡色陶瓦 (棕色陶土),,,,👤🟩,金锄,golden_hoe,金鋤頭 (金鋤)
,,,,,,,,,,,,,,,,,,,,,,,,,,,,,,,,👤🟩,棕色羊毛,brown_wool,啡色羊毛 (棕色羊毛),,,,👤🟩,金马铠,golden_horse_armor,金馬甲 (黃金製馬鎧)
,,,,,,,,,,,,,,,,,,,,,,,,,,,,,,,,🟩🌊,气泡珊瑚,bubble_coral,氣泡珊瑚,,,,👤🟩,金护腿,golden_leggings,金護腳 (黃金護腿)
,,,,,,,,,,,,,,,,,,,,,,,,,,,,,,,,🟩🌊,气泡珊瑚块,bubble_coral_block,氣泡珊瑚方塊,,,,👤🟩🌊,金鹦鹉螺铠,golden_nautilus_armor,金鸚鵡螺甲 (黃金製鸚鵡螺鎧)
,,,,,,,,,,,,,,,,,,,,,,,,,,,,,,,,🟩🌊,气泡珊瑚扇,bubble_coral_fan,扇狀氣泡珊瑚,,,,👤🟩,金镐,golden_pickaxe,金鎬
,,,,,,,,,,,,,,,,,,,,,,,,,,,,,,,,👤🟩🌊,墙上的气泡珊瑚扇,bubble_coral_wall_fan,牆上的扇狀氣泡珊瑚,,,,👤🟩,金锹,golden_shovel,金鏟
,,,,,,,,,,,,,,,,,,,,,,,,,,,,,,,,🟩,紫水晶母岩,budding_amethyst,紫水晶母巖 (紫水晶芽床),,,,👤🟩,金矛,golden_spear,金矛
,,,,,,,,,,,,,,,,,,,,,,,,,,,,,,,,🟩,灌木丛,bush,灌木叢,,,,👤🟩,金矛 [手持],golden_spear_in_hand,金矛 [手持]
,,,,,,,,,,,,,,,,,,,,,,,,,,,,,,,,👤🟩,按钮（父模型）,button,按鈕（父模型）,,,,👤🟩,金剑,golden_sword,金劍
,,,,,,,,,,,,,,,,,,,,,,,,,,,,,,,,👤🟩,按钮（父模型） [物品栏],button_inventory,按鈕（父模型） [物品欄],,,,👤🟩,灰色收纳袋,gray_bundle,灰色收納袋 (灰色束口袋)
,,,,,,,,,,,,,,,,,,,,,,,,,,,,,,,,👤🟩,按钮（父模型） [按下],button_pressed,按鈕（父模型） [按下],,,,👤🟩,灰色收纳袋 [打开背面],gray_bundle_open_back,灰色收納袋 (灰色束口袋) [打開背面]
,,,,,,,,,,,,,,,,,,,,,,,,,,,,,,,,🟩,仙人掌,cactus,仙人掌,,,,👤🟩,灰色收纳袋 [打开正面],gray_bundle_open_front,灰色收納袋 (灰色束口袋) [打開正面]
,,,,,,,,,,,,,,,,,,,,,,,,,,,,,,,,🟩,仙人掌花,cactus_flower,仙人掌花,,,,👤🟩,灰色蜡烛,gray_candle,灰色蠟燭
,,,,,,,,,,,,,,,,,,,,,,,,,,,,,,,,👤🟩,蛋糕,cake,蛋糕,,,,👤🟩,灰色染料,gray_dye,灰色染料
,,,,,,,,,,,,,,,,,,,,,,,,,,,,,,,,👤🟩🌊,蛋糕 [切片1],cake_slice1,蛋糕 [切片1],,,,👤🟩,灰色挽具,gray_harness,灰色牽引器具 (灰色帽鞍)
,,,,,,,,,,,,,,,,,,,,,,,,,,,,,,,,👤🟩🌊,蛋糕 [切片2],cake_slice2,蛋糕 [切片2],,,,👤🟩,绿色收纳袋,green_bundle,綠色收納袋 (綠色束口袋)
,,,,,,,,,,,,,,,,,,,,,,,,,,,,,,,,👤🟩🌊,蛋糕 [切片3],cake_slice3,蛋糕 [切片3],,,,👤🟩,绿色收纳袋 [打开背面],green_bundle_open_back,綠色收納袋 (綠色束口袋) [打開背面]
,,,,,,,,,,,,,,,,,,,,,,,,,,,,,,,,👤🟩🌊,蛋糕 [切片4],cake_slice4,蛋糕 [切片4],,,,👤🟩,绿色收纳袋 [打开正面],green_bundle_open_front,綠色收納袋 (綠色束口袋) [打開正面]
,,,,,,,,,,,,,,,,,,,,,,,,,,,,,,,,👤🟩🌊,蛋糕 [切片5],cake_slice5,蛋糕 [切片5],,,,👤🟩,绿色蜡烛,green_candle,綠色蠟燭
,,,,,,,,,,,,,,,,,,,,,,,,,,,,,,,,👤🟩🌊,蛋糕 [切片6],cake_slice6,蛋糕 [切片6],,,,👤🟩,绿色染料,green_dye,綠色染料
,,,,,,,,,,,,,,,,,,,,,,,,,,,,,,,,🟩,方解石,calcite,方解石,,,,👤🟩,绿色挽具,green_harness,綠色牽引器具 (綠色帽鞍)
,,,,,,,,,,,,,,,,,,,,,,,,,,,,,,,,🟩,校频幽匿感测体,calibrated_sculk_sensor,校準沉靈傳感器 (校準伏聆振測器),,,,👤🟩,守卫者刷怪蛋,guardian_spawn_egg,深海守衞生成蛋 (深海守衛生怪蛋)
,,,,,,,,,,,,,,,,,,,,,,,,,,,,,,,,🟩,校频幽匿感测体 [激活],calibrated_sculk_sensor_active,校準沉靈傳感器 (校準伏聆振測器) [啟動],,,,🟩,火药,gunpowder,火藥
,,,,,,,,,,,,,,,,,,,,,,,,,,,,,,,,🟩,校频幽匿感测体 [未激活],calibrated_sculk_sensor_inactive,校準沉靈傳感器 (校準伏聆振測器) [未啟動],,,,👤🟩,旗帜图案,guster_banner_pattern,橫額圖案 (旗幟圖案)
,,,,,,,,,,,,,,,,,,,,,,,,,,,,,,,,🟩💡,营火,campfire,營火,,,,👤🟩,旋风纹样陶片,guster_pottery_sherd,旋風陶罐碎片 (狂風陶器碎片)
,,,,,,,,,,,,,,,,,,,,,,,,,,,,,,,,🟩,营火 [关闭],campfire_off,營火 [關閉],,,,👤🟥,快乐恶魂刷怪蛋,happy_ghast_spawn_egg,快樂幽靈生成蛋 (快樂幽靈生怪蛋)
,,,,,,,,,,,,,,,,,,,,,,,,,,,,,,,,👤🟩,插上蜡烛的蛋糕,candle_cake,插上蠟燭的蛋糕,,,,🟩🌊,海洋之心,heart_of_the_sea,海洋之心
,,,,,,,,,,,,,,,,,,,,,,,,,,,,,,,,👤🟩💡,插上蜡烛的蛋糕 [点燃],candle_cake_lit,插上蠟燭的蛋糕 [點燃],,,,👤🟩,爱心纹样陶片,heart_pottery_sherd,愛心陶罐碎片 (愛心陶器碎片)
,,,,,,,,,,,,,,,,,,,,,,,,,,,,,,,,👤🟩,蜡烛 [四支蜡烛],candle_four_candles,蠟燭 [四支蠟燭],,,,👤🟩,心碎纹样陶片,heartbreak_pottery_sherd,心碎陶罐碎片 (心碎陶器碎片)
,,,,,,,,,,,,,,,,,,,,,,,,,,,,,,,,👤🟩💡,蜡烛 [四支蜡烛点燃],candle_four_candles_lit,蠟燭 [四支蠟燭點燃],,,,👤🟥,疣猪兽刷怪蛋,hoglin_spawn_egg,野豬獸生成蛋 (豬布獸生怪蛋)
,,,,,,,,,,,,,,,,,,,,,,,,,,,,,,,,👤🟩,蜡烛 [一支蜡烛],candle_one_candle,蠟燭 [一支蠟燭],,,,🟩,蜂蜜瓶,honey_bottle,蜜糖樽 (蜂蜜瓶)
,,,,,,,,,,,,,,,,,,,,,,,,,,,,,,,,👤🟩💡,蜡烛 [一支蜡烛点燃],candle_one_candle_lit,蠟燭 [一支蠟燭點燃],,,,🟩,蜜脾,honeycomb,蜂巢蜜 (蜂巢)
,,,,,,,,,,,,,,,,,,,,,,,,,,,,,,,,👤🟩,蜡烛 [三支蜡烛],candle_three_candles,蠟燭 [三支蠟燭],,,,👤🟩,漏斗,hopper,漏斗
,,,,,,,,,,,,,,,,,,,,,,,,,,,,,,,,👤🟩💡,蜡烛 [三支蜡烛点燃],candle_three_candles_lit,蠟燭 [三支蠟燭點燃],,,,👤🟩,漏斗矿车,hopper_minecart,漏斗礦車
,,,,,,,,,,,,,,,,,,,,,,,,,,,,,,,,👤🟩,蜡烛 [两支蜡烛],candle_two_candles,蠟燭 [兩支蠟燭],,,,👤🟩,马刷怪蛋,horse_spawn_egg,馬生成蛋 (馬生怪蛋)
,,,,,,,,,,,,,,,,,,,,,,,,,,,,,,,,👤🟩💡,蜡烛 [两支蜡烛点燃],candle_two_candles_lit,蠟燭 [兩支蠟燭點燃],,,,👤🟩,锻造模板,host_armor_trim_smithing_template,鍛造模板
,,,,,,,,,,,,,,,,,,,,,,,,,,,,,,,,👤🟩,地毯（父模型）,carpet,地毯（父模型）,,,,👤🟩,狼嚎纹样陶片,howl_pottery_sherd,狼嚎陶罐碎片 (狼嚎陶器碎片)
,,,,,,,,,,,,,,,,,,,,,,,,,,,,,,,,🟩,胡萝卜 [阶段0],carrots_stage0,紅蘿蔔 (胡蘿蔔) [階段0],,,,👤🟩,尸壳刷怪蛋,husk_spawn_egg,屍殼生成蛋 (屍殼生怪蛋)
,,,,,,,,,,,,,,,,,,,,,,,,,,,,,,,,🟩,胡萝卜 [阶段1],carrots_stage1,紅蘿蔔 (胡蘿蔔) [階段1],,,,🟩,墨囊,ink_sac,墨囊
,,,,,,,,,,,,,,,,,,,,,,,,,,,,,,,,🟩,胡萝卜 [阶段2],carrots_stage2,紅蘿蔔 (胡蘿蔔) [階段2],,,,👤🟩,铁斧,iron_axe,鐵斧頭 (鐵斧)
,,,,,,,,,,,,,,,,,,,,,,,,,,,,,,,,🟩,胡萝卜 [阶段3],carrots_stage3,紅蘿蔔 (胡蘿蔔) [階段3],,,,👤🟩,铁靴子,iron_boots,鐵靴 (鐵製靴子)
,,,,,,,,,,,,,,,,,,,,,,,,,,,,,,,,👤🟩,制图台,cartography_table,製圖台,,,,👤🟩,铁链,iron_chain,鐵鏈
,,,,,,,,,,,,,,,,,,,,,,,,,,,,,,,,🟩,雕刻南瓜,carved_pumpkin,雕刻南瓜 (雕刻過的南瓜),,,,👤🟩,铁胸甲,iron_chestplate,鐵胸甲 (鐵製胸甲)
,,,,,,,,,,,,,,,,,,,,,,,,,,,,,,,,👤🟩,炼药锅,cauldron,鍋 (鍋釜),,,,👤🟩,铁门,iron_door,鐵門
,,,,,,,,,,,,,,,,,,,,,,,,,,,,,,,,🟩,洞穴藤蔓,cave_vines,洞穴藤蔓,,,,👤🟩,铁傀儡刷怪蛋,iron_golem_spawn_egg,鐵人生成蛋 (鐵魔像生怪蛋)
,,,,,,,,,,,,,,,,,,,,,,,,,,,,,,,,🟩💡,洞穴藤蔓 [点燃],cave_vines_lit,洞穴藤蔓 [點燃],,,,👤🟩,铁头盔,iron_helmet,鐵頭盔 (鐵製頭盔)
,,,,,,,,,,,,,,,,,,,,,,,,,,,,,,,,🟩,洞穴藤蔓植株,cave_vines_plant,洞穴藤蔓植株,,,,👤🟩,铁锄,iron_hoe,鐵鋤頭 (鐵鋤)
,,,,,,,,,,,,,,,,,,,,,,,,,,,,,,,,🟩💡,洞穴藤蔓植株 [点燃],cave_vines_plant_lit,洞穴藤蔓植株 [點燃],,,,👤🟩,铁马铠,iron_horse_armor,鐵馬甲 (鐵製馬鎧)
,,,,,,,,,,,,,,,,,,,,,,,,,,,,,,,,👤🟩,连锁型命令方块,chain_command_block,連環型命令方塊 (連鎖式指令方塊),,,,🟩,铁锭,iron_ingot,鐵錠
,,,,,,,,,,,,,,,,,,,,,,,,,,,,,,,,👤🟩,连锁型命令方块 [条件],chain_command_block_conditional,連環型命令方塊 (連鎖式指令方塊) [條件],,,,👤🟩,铁护腿,iron_leggings,鐵護腳 (鐵製護腿)
,,,,,,,,,,,,,,,,,,,,,,,,,,,,,,,,👤🟩,樱花木按钮,cherry_button,櫻花木按鈕,,,,👤🟩🌊,铁鹦鹉螺铠,iron_nautilus_armor,鐵鸚鵡螺甲 (鐵製鸚鵡螺鎧)
,,,,,,,,,,,,,,,,,,,,,,,,,,,,,,,,👤🟩,樱花木按钮 [物品栏],cherry_button_inventory,櫻花木按鈕 [物品欄],,,,🟩,铁粒,iron_nugget,鐵粒
,,,,,,,,,,,,,,,,,,,,,,,,,,,,,,,,👤🟩,樱花木按钮 [按下],cherry_button_pressed,櫻花木按鈕 [按下],,,,👤🟩,铁镐,iron_pickaxe,鐵鎬
,,,,,,,,,,,,,,,,,,,,,,,,,,,,,,,,👤🟩,樱花木门 [底部左],cherry_door_bottom_left,櫻花木門 [底部左],,,,👤🟩,铁锹,iron_shovel,鐵鏟
,,,,,,,,,,,,,,,,,,,,,,,,,,,,,,,,👤🟩,樱花木门 [底部左打开],cherry_door_bottom_left_open,櫻花木門 [底部左打開],,,,👤🟩,铁矛,iron_spear,鐵矛
,,,,,,,,,,,,,,,,,,,,,,,,,,,,,,,,👤🟩,樱花木门 [底部右],cherry_door_bottom_right,櫻花木門 [底部右],,,,👤🟩,铁矛 [手持],iron_spear_in_hand,鐵矛 [手持]
,,,,,,,,,,,,,,,,,,,,,,,,,,,,,,,,👤🟩,樱花木门 [底部右打开],cherry_door_bottom_right_open,櫻花木門 [底部右打開],,,,👤🟩,铁剑,iron_sword,鐵劍
,,,,,,,,,,,,,,,,,,,,,,,,,,,,,,,,👤🟩,樱花木门 [顶部左],cherry_door_top_left,櫻花木門 [頂部左],,,,👤🟩,物品展示框,item_frame,物品展示框
,,,,,,,,,,,,,,,,,,,,,,,,,,,,,,,,👤🟩,樱花木门 [顶部左打开],cherry_door_top_left_open,櫻花木門 [頂部左打開],,,,👤🟩🌊,丛林木船,jungle_boat,叢林木船
,,,,,,,,,,,,,,,,,,,,,,,,,,,,,,,,👤🟩,樱花木门 [顶部右],cherry_door_top_right,櫻花木門 [頂部右],,,,👤🟩🌊,丛林木运输船,jungle_chest_boat,儲物箱叢林木船
,,,,,,,,,,,,,,,,,,,,,,,,,,,,,,,,👤🟩,樱花木门 [顶部右打开],cherry_door_top_right_open,櫻花木門 [頂部右打開],,,,👤🟩,丛林木门,jungle_door,叢林木門
,,,,,,,,,,,,,,,,,,,,,,,,,,,,,,,,👤🟩,樱花木栅栏门,cherry_fence_gate,櫻花木閘門 (櫻花木柵欄門),,,,👤🟩,悬挂式丛林木告示牌,jungle_hanging_sign,叢林木吊牌 (懸掛式叢林木告示牌)
,,,,,,,,,,,,,,,,,,,,,,,,,,,,,,,,👤🟩,樱花木栅栏门 [打开],cherry_fence_gate_open,櫻花木閘門 (櫻花木柵欄門) [打開],,,,👤🟩,丛林木告示牌,jungle_sign,叢林木指示牌 (叢林木告示牌)
,,,,,,,,,,,,,,,,,,,,,,,,,,,,,,,,👤🟩,樱花木栅栏门 [墙上],cherry_fence_gate_wall,櫻花木閘門 (櫻花木柵欄門) [牆上],,,,🟩🌊,海带,kelp,海帶
,,,,,,,,,,,,,,,,,,,,,,,,,,,,,,,,👤🟩,樱花木栅栏门 [墙上打开],cherry_fence_gate_wall_open,櫻花木閘門 (櫻花木柵欄門) [牆上打開],,,,👤🟩,知识之书,knowledge_book,知識之書
,,,,,,,,,,,,,,,,,,,,,,,,,,,,,,,,👤🟩,樱花木栅栏 [物品栏],cherry_fence_inventory,櫻花木欄杆 (櫻花木柵欄) [物品欄],,,,🟩💡,灯笼,lantern,燈籠
,,,,,,,,,,,,,,,,,,,,,,,,,,,,,,,,👤🟩,樱花木栅栏 [柱],cherry_fence_post,櫻花木欄杆 (櫻花木柵欄) [柱],,,,🟩,青金石,lapis_lazuli,青金石
,,,,,,,,,,,,,,,,,,,,,,,,,,,,,,,,👤🟩,樱花木栅栏 [边],cherry_fence_side,櫻花木欄杆 (櫻花木柵欄) [邊],,,,👤🟩,熔岩桶,lava_bucket,熔巖桶 (熔岩桶)
,,,,,,,,,,,,,,,,,,,,,,,,,,,,,,,,👤🟩,悬挂式樱花木告示牌 [附着旋转0],cherry_hanging_sign_attached_rot_0,櫻花木吊牌 (懸掛式櫻花木告示牌) [附著旋轉0],,,,👤🟩,拴绳,lead,牽繩 (拴繩)
,,,,,,,,,,,,,,,,,,,,,,,,,,,,,,,,👤🟩,悬挂式樱花木告示牌 [附着旋转1],cherry_hanging_sign_attached_rot_1,櫻花木吊牌 (懸掛式櫻花木告示牌) [附著旋轉1],,,,🟩💡,枯叶堆,leaf_litter,枯葉
,,,,,,,,,,,,,,,,,,,,,,,,,,,,,,,,👤🟩,悬挂式樱花木告示牌 [附着旋转2],cherry_hanging_sign_attached_rot_2,櫻花木吊牌 (懸掛式櫻花木告示牌) [附著旋轉2],,,,🟩,皮革,leather,皮革
,,,,,,,,,,,,,,,,,,,,,,,,,,,,,,,,👤🟩,悬挂式樱花木告示牌 [附着旋转3],cherry_hanging_sign_attached_rot_3,櫻花木吊牌 (懸掛式櫻花木告示牌) [附著旋轉3],,,,👤🟩,皮革靴子,leather_boots,皮革靴 (皮革靴子)
,,,,,,,,,,,,,,,,,,,,,,,,,,,,,,,,👤🟩,悬挂式樱花木告示牌 [旋转0],cherry_hanging_sign_rot_0,櫻花木吊牌 (懸掛式櫻花木告示牌) [旋轉0],,,,👤🟩,皮革靴子 [叠加],leather_boots_overlay,皮革靴 (皮革靴子) [疊加]
,,,,,,,,,,,,,,,,,,,,,,,,,,,,,,,,👤🟩,悬挂式樱花木告示牌 [旋转1],cherry_hanging_sign_rot_1,櫻花木吊牌 (懸掛式櫻花木告示牌) [旋轉1],,,,👤🟩,皮革外套,leather_chestplate,皮革衫 (皮革上衣)
,,,,,,,,,,,,,,,,,,,,,,,,,,,,,,,,👤🟩,悬挂式樱花木告示牌 [旋转2],cherry_hanging_sign_rot_2,櫻花木吊牌 (懸掛式櫻花木告示牌) [旋轉2],,,,👤🟩,皮革外套 [叠加],leather_chestplate_overlay,皮革衫 (皮革上衣) [疊加]
,,,,,,,,,,,,,,,,,,,,,,,,,,,,,,,,👤🟩,悬挂式樱花木告示牌 [旋转3],cherry_hanging_sign_rot_3,櫻花木吊牌 (懸掛式櫻花木告示牌) [旋轉3],,,,👤🟩,皮革帽子,leather_helmet,皮革帽 (皮革帽子)
,,,,,,,,,,,,,,,,,,,,,,,,,,,,,,,,🟩,樱花树叶,cherry_leaves,櫻花木樹葉,,,,👤🟩,皮革帽子 [叠加],leather_helmet_overlay,皮革帽 (皮革帽子) [疊加]
,,,,,,,,,,,,,,,,,,,,,,,,,,,,,,,,🟩,樱花原木,cherry_log,櫻花木原木,,,,👤🟩,皮革马铠,leather_horse_armor,皮革馬甲 (皮革製馬鎧)
,,,,,,,,,,,,,,,,,,,,,,,,,,,,,,,,🟩,樱花原木 [X轴],cherry_log_x,櫻花木原木 [X軸],,,,👤🟩,皮革马铠 [叠加],leather_horse_armor_overlay,皮革馬甲 (皮革製馬鎧) [疊加]
,,,,,,,,,,,,,,,,,,,,,,,,,,,,,,,,🟩,樱花原木 [Y轴],cherry_log_y,櫻花木原木 [Y軸],,,,👤🟩,皮革裤子,leather_leggings,皮革褲 (皮革褲子)
,,,,,,,,,,,,,,,,,,,,,,,,,,,,,,,,🟩,樱花原木 [Z轴],cherry_log_z,櫻花木原木 [Z軸],,,,👤🟩,皮革裤子 [叠加],leather_leggings_overlay,皮革褲 (皮革褲子) [疊加]
,,,,,,,,,,,,,,,,,,,,,,,,,,,,,,,,👤🟩,樱花木板,cherry_planks,櫻花木板 (櫻花木材),,,,🟩,光源方块,light,光 (光源)
,,,,,,,,,,,,,,,,,,,,,,,,,,,,,,,,👤🟩,樱花木压力板,cherry_pressure_plate,櫻花木壓力板,,,,🟩💡,光源方块 [00],light_00,光 (光源) [00]
,,,,,,,,,,,,,,,,,,,,,,,,,,,,,,,,👤🟩,樱花木压力板 [按下],cherry_pressure_plate_down,櫻花木壓力板 [按下],,,,🟩💡,光源方块 [01],light_01,光 (光源) [01]
,,,,,,,,,,,,,,,,,,,,,,,,,,,,,,,,🟩,樱花树苗,cherry_sapling,櫻花木樹苗,,,,🟩💡,光源方块 [02],light_02,光 (光源) [02]
,,,,,,,,,,,,,,,,,,,,,,,,,,,,,,,,👤🟩,樱花木展示架,cherry_shelf,櫻花木置物架 (櫻花木展示架),,,,🟩💡,光源方块 [03],light_03,光 (光源) [03]
,,,,,,,,,,,,,,,,,,,,,,,,,,,,,,,,👤🟩,樱花木展示架 [中],cherry_shelf_center,櫻花木置物架 (櫻花木展示架) [中],,,,🟩💡,光源方块 [04],light_04,光 (光源) [04]
,,,,,,,,,,,,,,,,,,,,,,,,,,,,,,,,👤🟩,樱花木展示架 [物品栏],cherry_shelf_inventory,櫻花木置物架 (櫻花木展示架) [物品欄],,,,🟩💡,光源方块 [05],light_05,光 (光源) [05]
,,,,,,,,,,,,,,,,,,,,,,,,,,,,,,,,👤🟩,樱花木展示架 [左],cherry_shelf_left,櫻花木置物架 (櫻花木展示架) [左],,,,🟩💡,光源方块 [06],light_06,光 (光源) [06]
,,,,,,,,,,,,,,,,,,,,,,,,,,,,,,,,👤🟩,樱花木展示架 [右],cherry_shelf_right,櫻花木置物架 (櫻花木展示架) [右],,,,🟩💡,光源方块 [07],light_07,光 (光源) [07]
,,,,,,,,,,,,,,,,,,,,,,,,,,,,,,,,👤🟩,樱花木展示架 [未连接],cherry_shelf_unconnected,櫻花木置物架 (櫻花木展示架) [未連接],,,,🟩💡,光源方块 [08],light_08,光 (光源) [08]
,,,,,,,,,,,,,,,,,,,,,,,,,,,,,,,,👤🟩,樱花木展示架 [未充能],cherry_shelf_unpowered,櫻花木置物架 (櫻花木展示架) [未充能],,,,🟩💡,光源方块 [09],light_09,光 (光源) [09]
,,,,,,,,,,,,,,,,,,,,,,,,,,,,,,,,👤🟩,樱花木告示牌 [旋转0],cherry_sign_rot_0,櫻花木指示牌 (櫻花木告示牌) [旋轉0],,,,🟩💡,光源方块 [10],light_10,光 (光源) [10]
,,,,,,,,,,,,,,,,,,,,,,,,,,,,,,,,👤🟩,樱花木告示牌 [旋转1],cherry_sign_rot_1,櫻花木指示牌 (櫻花木告示牌) [旋轉1],,,,🟩💡,光源方块 [11],light_11,光 (光源) [11]
,,,,,,,,,,,,,,,,,,,,,,,,,,,,,,,,👤🟩,樱花木告示牌 [旋转2],cherry_sign_rot_2,櫻花木指示牌 (櫻花木告示牌) [旋轉2],,,,🟩💡,光源方块 [12],light_12,光 (光源) [12]
,,,,,,,,,,,,,,,,,,,,,,,,,,,,,,,,👤🟩,樱花木告示牌 [旋转3],cherry_sign_rot_3,櫻花木指示牌 (櫻花木告示牌) [旋轉3],,,,🟩💡,光源方块 [13],light_13,光 (光源) [13]
,,,,,,,,,,,,,,,,,,,,,,,,,,,,,,,,👤🟩,樱花木台阶,cherry_slab,櫻花木半磚,,,,🟩💡,光源方块 [14],light_14,光 (光源) [14]
,,,,,,,,,,,,,,,,,,,,,,,,,,,,,,,,👤🟩,樱花木台阶 [顶部],cherry_slab_top,櫻花木半磚 [頂部],,,,🟩💡,光源方块 [15],light_15,光 (光源) [15]
,,,,,,,,,,,,,,,,,,,,,,,,,,,,,,,,👤🟩,樱花木楼梯,cherry_stairs,櫻花木樓梯 (櫻花木階梯),,,,👤🟩,淡蓝色收纳袋,light_blue_bundle,淺藍色收納袋 (淺藍色束口袋)
,,,,,,,,,,,,,,,,,,,,,,,,,,,,,,,,👤🟩,樱花木楼梯 [内角],cherry_stairs_inner,櫻花木樓梯 (櫻花木階梯) [內角],,,,👤🟩,淡蓝色收纳袋 [打开背面],light_blue_bundle_open_back,淺藍色收納袋 (淺藍色束口袋) [打開背面]
,,,,,,,,,,,,,,,,,,,,,,,,,,,,,,,,👤🟩,樱花木楼梯 [外角],cherry_stairs_outer,櫻花木樓梯 (櫻花木階梯) [外角],,,,👤🟩,淡蓝色收纳袋 [打开正面],light_blue_bundle_open_front,淺藍色收納袋 (淺藍色束口袋) [打開正面]
,,,,,,,,,,,,,,,,,,,,,,,,,,,,,,,,👤🟩,樱花木活板门 [底部],cherry_trapdoor_bottom,櫻花木地板門 [底部],,,,👤🟩,淡蓝色蜡烛,light_blue_candle,淺藍色蠟燭
,,,,,,,,,,,,,,,,,,,,,,,,,,,,,,,,👤🟩,樱花木活板门 [打开],cherry_trapdoor_open,櫻花木地板門 [打開],,,,👤🟩,淡蓝色染料,light_blue_dye,淺藍色染料
,,,,,,,,,,,,,,,,,,,,,,,,,,,,,,,,👤🟩,樱花木活板门 [顶部],cherry_trapdoor_top,櫻花木地板門 [頂部],,,,👤🟩,淡蓝色挽具,light_blue_harness,淺藍色牽引器具 (淺藍色帽鞍)
,,,,,,,,,,,,,,,,,,,,,,,,,,,,,,,,👤🟩,墙上的悬挂式樱花木告示牌,cherry_wall_hanging_sign,牆上的櫻花木吊牌 (牆上的懸掛式櫻花木告示牌),,,,👤🟩,淡灰色收纳袋,light_gray_bundle,淺灰色收納袋 (淺灰色束口袋)
,,,,,,,,,,,,,,,,,,,,,,,,,,,,,,,,👤🟩,墙上的樱花木告示牌,cherry_wall_sign,牆上的櫻花木指示牌 (牆上的櫻花木告示牌),,,,👤🟩,淡灰色收纳袋 [打开背面],light_gray_bundle_open_back,淺灰色收納袋 (淺灰色束口袋) [打開背面]
,,,,,,,,,,,,,,,,,,,,,,,,,,,,,,,,🟩,樱花木,cherry_wood,櫻花木 (櫻花木塊),,,,👤🟩,淡灰色收纳袋 [打开正面],light_gray_bundle_open_front,淺灰色收納袋 (淺灰色束口袋) [打開正面]
,,,,,,,,,,,,,,,,,,,,,,,,,,,,,,,,👤🟩,箱子,chest,儲物箱,,,,👤🟩,淡灰色蜡烛,light_gray_candle,淺灰色蠟燭
,,,,,,,,,,,,,,,,,,,,,,,,,,,,,,,,👤🟩,开裂的铁砧,chipped_anvil,開裂的鐵砧 (微損的鐵砧),,,,👤🟩,淡灰色染料,light_gray_dye,淺灰色染料
,,,,,,,,,,,,,,,,,,,,,,,,,,,,,,,,👤🟩,雕纹书架,chiseled_bookshelf,浮雕書櫃,,,,👤🟩,淡灰色挽具,light_gray_harness,淺灰色牽引器具 (淺灰色帽鞍)
,,,,,,,,,,,,,,,,,,,,,,,,,,,,,,,,👤🟩,雕纹书架 [空槽底部左],chiseled_bookshelf_empty_slot_bottom_left,浮雕書櫃 [空槽底部左],,,,👤🟩,黄绿色收纳袋,lime_bundle,淺綠色收納袋 (淺綠色束口袋)
,,,,,,,,,,,,,,,,,,,,,,,,,,,,,,,,👤🟩,雕纹书架 [空槽底部中],chiseled_bookshelf_empty_slot_bottom_mid,浮雕書櫃 [空槽底部中],,,,👤🟩,黄绿色收纳袋 [打开背面],lime_bundle_open_back,淺綠色收納袋 (淺綠色束口袋) [打開背面]
,,,,,,,,,,,,,,,,,,,,,,,,,,,,,,,,👤🟩,雕纹书架 [空槽底部右],chiseled_bookshelf_empty_slot_bottom_right,浮雕書櫃 [空槽底部右],,,,👤🟩,黄绿色收纳袋 [打开正面],lime_bundle_open_front,淺綠色收納袋 (淺綠色束口袋) [打開正面]
,,,,,,,,,,,,,,,,,,,,,,,,,,,,,,,,👤🟩,雕纹书架 [空槽顶部左],chiseled_bookshelf_empty_slot_top_left,浮雕書櫃 [空槽頂部左],,,,👤🟩,黄绿色蜡烛,lime_candle,淺綠色蠟燭
,,,,,,,,,,,,,,,,,,,,,,,,,,,,,,,,👤🟩,雕纹书架 [空槽顶部中],chiseled_bookshelf_empty_slot_top_mid,浮雕書櫃 [空槽頂部中],,,,👤🟩,黄绿色染料,lime_dye,淺綠色染料
,,,,,,,,,,,,,,,,,,,,,,,,,,,,,,,,👤🟩,雕纹书架 [空槽顶部右],chiseled_bookshelf_empty_slot_top_right,浮雕書櫃 [空槽頂部右],,,,👤🟩,黄绿色挽具,lime_harness,淺綠色牽引器具 (淺綠色帽鞍)
,,,,,,,,,,,,,,,,,,,,,,,,,,,,,,,,👤🟩,雕纹书架 [物品栏],chiseled_bookshelf_inventory,浮雕書櫃 [物品欄],,,,🟩,滞留药水,lingering_potion,滯留藥水
,,,,,,,,,,,,,,,,,,,,,,,,,,,,,,,,👤🟩,雕纹书架 [占用槽底部左],chiseled_bookshelf_occupied_slot_bottom_left,浮雕書櫃 [佔用槽底部左],,,,👤🟩,羊驼刷怪蛋,llama_spawn_egg,羊駝生成蛋 (駱馬生怪蛋)
,,,,,,,,,,,,,,,,,,,,,,,,,,,,,,,,👤🟩,雕纹书架 [占用槽底部中],chiseled_bookshelf_occupied_slot_bottom_mid,浮雕書櫃 [佔用槽底部中],,,,👤🟩,重锤,mace,重錘
,,,,,,,,,,,,,,,,,,,,,,,,,,,,,,,,👤🟩,雕纹书架 [占用槽底部右],chiseled_bookshelf_occupied_slot_bottom_right,浮雕書櫃 [佔用槽底部右],,,,👤🟩,品红色收纳袋,magenta_bundle,紫紅色收納袋 (洋紅色束口袋)
,,,,,,,,,,,,,,,,,,,,,,,,,,,,,,,,👤🟩,雕纹书架 [占用槽顶部左],chiseled_bookshelf_occupied_slot_top_left,浮雕書櫃 [佔用槽頂部左],,,,👤🟩,品红色收纳袋 [打开背面],magenta_bundle_open_back,紫紅色收納袋 (洋紅色束口袋) [打開背面]
,,,,,,,,,,,,,,,,,,,,,,,,,,,,,,,,👤🟩,雕纹书架 [占用槽顶部中],chiseled_bookshelf_occupied_slot_top_mid,浮雕書櫃 [佔用槽頂部中],,,,👤🟩,品红色收纳袋 [打开正面],magenta_bundle_open_front,紫紅色收納袋 (洋紅色束口袋) [打開正面]
,,,,,,,,,,,,,,,,,,,,,,,,,,,,,,,,👤🟩,雕纹书架 [占用槽顶部右],chiseled_bookshelf_occupied_slot_top_right,浮雕書櫃 [佔用槽頂部右],,,,👤🟩,品红色蜡烛,magenta_candle,紫紅色蠟燭 (洋紅色蠟燭)
,,,,,,,,,,,,,,,,,,,,,,,,,,,,,,,,👤🟩,雕纹朱砂,chiseled_cinnabar,浮雕朱砂 (浮雕硃砂),,,,👤🟩,品红色染料,magenta_dye,紫紅色染料 (洋紅色染料)
,,,,,,,,,,,,,,,,,,,,,,,,,,,,,,,,👤🟩,雕纹铜块,chiseled_copper,浮雕銅磚 (浮雕銅方塊),,,,👤🟩,品红色挽具,magenta_harness,紫紅色牽引器具 (洋紅色帽鞍)
,,,,,,,,,,,,,,,,,,,,,,,,,,,,,,,,👤🟩,雕纹深板岩,chiseled_deepslate,浮雕深板巖 (浮雕深板岩),,,,🟥💡,岩浆膏,magma_cream,巖漿球 (岩漿球)
,,,,,,,,,,,,,,,,,,,,,,,,,,,,,,,,👤🟥,雕纹下界砖块,chiseled_nether_bricks,浮雕地獄磚,,,,👤🟥💡,岩浆怪刷怪蛋,magma_cube_spawn_egg,巖漿史萊姆生成蛋 (岩漿立方怪生怪蛋)
,,,,,,,,,,,,,,,,,,,,,,,,,,,,,,,,👤🟥,雕纹磨制黑石,chiseled_polished_blackstone,浮雕拋光黑石,,,,👤🟩🌊,红树木船,mangrove_boat,紅樹木船 (紅樹林木船)
,,,,,,,,,,,,,,,,,,,,,,,,,,,,,,,,👤🟥,雕纹石英块,chiseled_quartz_block,浮雕石英磚 (浮雕石英方塊),,,,👤🟩🌊,红树木运输船,mangrove_chest_boat,儲物箱紅樹木船 (儲物箱紅樹林木船)
,,,,,,,,,,,,,,,,,,,,,,,,,,,,,,,,👤🟩,雕纹红砂岩,chiseled_red_sandstone,浮雕紅砂巖 (浮雕紅砂岩),,,,👤🟩,红树木门,mangrove_door,紅樹木門 (紅樹林木門)
,,,,,,,,,,,,,,,,,,,,,,,,,,,,,,,,👤🟩,雕纹树脂砖块,chiseled_resin_bricks,浮雕樹脂磚,,,,👤🟩,悬挂式红树木告示牌,mangrove_hanging_sign,紅樹木吊牌 (懸掛式紅樹林木告示牌)
,,,,,,,,,,,,,,,,,,,,,,,,,,,,,,,,👤🟩,雕纹砂岩,chiseled_sandstone,浮雕砂巖 (浮雕砂岩),,,,🟩,红树胎生苗,mangrove_propagule,紅樹胎生苗 (紅樹林木胎生苗)
,,,,,,,,,,,,,,,,,,,,,,,,,,,,,,,,👤🟩,雕纹石砖,chiseled_stone_bricks,浮雕石磚,,,,👤🟩,红树木告示牌,mangrove_sign,紅樹木指示牌 (紅樹林木告示牌)
,,,,,,,,,,,,,,,,,,,,,,,,,,,,,,,,👤🟩,雕纹硫黄,chiseled_sulfur,浮雕硫磺,,,,👤🟩,空地图,map,空白地圖
,,,,,,,,,,,,,,,,,,,,,,,,,,,,,,,,👤🟩,雕纹凝灰岩,chiseled_tuff,浮雕凝灰巖 (浮雕凝灰岩),,,,🟩,西瓜种子,melon_seeds,西瓜種子
,,,,,,,,,,,,,,,,,,,,,,,,,,,,,,,,👤🟩,雕纹凝灰岩砖,chiseled_tuff_bricks,浮雕凝灰巖磚 (浮雕凝灰岩磚),,,,🟩🌊,西瓜片,melon_slice,西瓜片
,,,,,,,,,,,,,,,,,,,,,,,,,,,,,,,,🟨,紫颂花,chorus_flower,歌萊花,,,,👤🟩,奶桶,milk_bucket,鮮奶桶
,,,,,,,,,,,,,,,,,,,,,,,,,,,,,,,,🟨,紫颂花 [凋零],chorus_flower_dead,歌萊花 [凋零],,,,👤🟩,矿车,minecart,礦車
,,,,,,,,,,,,,,,,,,,,,,,,,,,,,,,,🟨,紫颂植株,chorus_plant,歌萊枝,,,,👤🟩,采矿纹样陶片,miner_pottery_sherd,採礦陶罐碎片 (礦工陶器碎片)
,,,,,,,,,,,,,,,,,,,,,,,,,,,,,,,,🟨,紫颂植株 [无边],chorus_plant_noside,歌萊枝 [無邊],,,,👤🟩,旗帜图案,mojang_banner_pattern,橫額圖案 (旗幟圖案)
,,,,,,,,,,,,,,,,,,,,,,,,,,,,,,,,🟨,紫颂植株 [无边1],chorus_plant_noside1,歌萊枝 [無邊1],,,,👤🟩,哞菇刷怪蛋,mooshroom_spawn_egg,蘑菇牛生成蛋 (哞菇生怪蛋)
,,,,,,,,,,,,,,,,,,,,,,,,,,,,,,,,🟨,紫颂植株 [无边2],chorus_plant_noside2,歌萊枝 [無邊2],,,,👤🟩,悲恸纹样陶片,mourner_pottery_sherd,悲慟陶罐碎片 (悼惜陶器碎片)
,,,,,,,,,,,,,,,,,,,,,,,,,,,,,,,,🟨,紫颂植株 [无边3],chorus_plant_noside3,歌萊枝 [無邊3],,,,👤🟩,骡刷怪蛋,mule_spawn_egg,騾生成蛋 (騾子生怪蛋)
,,,,,,,,,,,,,,,,,,,,,,,,,,,,,,,,🟨,紫颂植株 [边],chorus_plant_side,歌萊枝 [邊],,,,🟩,蘑菇煲,mushroom_stew,蘑菇湯
,,,,,,,,,,,,,,,,,,,,,,,,,,,,,,,,🟩,朱砂,cinnabar,朱砂 (硃砂),,,,👤🟩,音乐唱片,music_disc_11,唱片
,,,,,,,,,,,,,,,,,,,,,,,,,,,,,,,,👤🟩,朱砂砖台阶,cinnabar_brick_slab,朱砂磚半磚 (硃砂磚半磚),,,,👤🟩,音乐唱片,music_disc_13,唱片
,,,,,,,,,,,,,,,,,,,,,,,,,,,,,,,,👤🟩,朱砂砖台阶 [顶部],cinnabar_brick_slab_top,朱砂磚半磚 (硃砂磚半磚) [頂部],,,,👤🟩,音乐唱片,music_disc_5,唱片
,,,,,,,,,,,,,,,,,,,,,,,,,,,,,,,,👤🟩,朱砂砖楼梯,cinnabar_brick_stairs,朱砂磚樓梯 (硃砂磚階梯),,,,👤🟩,音乐唱片,music_disc_blocks,唱片
,,,,,,,,,,,,,,,,,,,,,,,,,,,,,,,,👤🟩,朱砂砖楼梯 [内角],cinnabar_brick_stairs_inner,朱砂磚樓梯 (硃砂磚階梯) [內角],,,,👤🟩,音乐唱片,music_disc_bounce,唱片
,,,,,,,,,,,,,,,,,,,,,,,,,,,,,,,,👤🟩,朱砂砖楼梯 [外角],cinnabar_brick_stairs_outer,朱砂磚樓梯 (硃砂磚階梯) [外角],,,,👤🟩,音乐唱片,music_disc_cat,唱片
,,,,,,,,,,,,,,,,,,,,,,,,,,,,,,,,👤🟩,朱砂砖墙 [物品栏],cinnabar_brick_wall_inventory,朱砂磚牆 (硃砂磚牆) [物品欄],,,,👤🟩,音乐唱片,music_disc_chirp,唱片
,,,,,,,,,,,,,,,,,,,,,,,,,,,,,,,,👤🟩,朱砂砖墙 [柱],cinnabar_brick_wall_post,朱砂磚牆 (硃砂磚牆) [柱],,,,👤🟩,音乐唱片,music_disc_creator,唱片
,,,,,,,,,,,,,,,,,,,,,,,,,,,,,,,,👤🟩,朱砂砖墙 [边],cinnabar_brick_wall_side,朱砂磚牆 (硃砂磚牆) [邊],,,,👤🟩,音乐唱片,music_disc_creator_music_box,唱片
,,,,,,,,,,,,,,,,,,,,,,,,,,,,,,,,👤🟩,朱砂砖墙 [边高],cinnabar_brick_wall_side_tall,朱砂磚牆 (硃砂磚牆) [邊高],,,,👤🟩,音乐唱片,music_disc_far,唱片
,,,,,,,,,,,,,,,,,,,,,,,,,,,,,,,,👤🟩,朱砂砖,cinnabar_bricks,朱砂磚 (硃砂磚),,,,👤🟩,音乐唱片,music_disc_lava_chicken,唱片
,,,,,,,,,,,,,,,,,,,,,,,,,,,,,,,,👤🟩,朱砂台阶,cinnabar_slab,朱砂半磚 (硃砂半磚),,,,👤🟩,音乐唱片,music_disc_mall,唱片
,,,,,,,,,,,,,,,,,,,,,,,,,,,,,,,,👤🟩,朱砂台阶 [顶部],cinnabar_slab_top,朱砂半磚 (硃砂半磚) [頂部],,,,👤🟩,音乐唱片,music_disc_mellohi,唱片
,,,,,,,,,,,,,,,,,,,,,,,,,,,,,,,,👤🟩,朱砂楼梯,cinnabar_stairs,朱砂樓梯 (硃砂階梯),,,,👤🟩,音乐唱片,music_disc_otherside,唱片
,,,,,,,,,,,,,,,,,,,,,,,,,,,,,,,,👤🟩,朱砂楼梯 [内角],cinnabar_stairs_inner,朱砂樓梯 (硃砂階梯) [內角],,,,👤🟩,音乐唱片,music_disc_pigstep,唱片
,,,,,,,,,,,,,,,,,,,,,,,,,,,,,,,,👤🟩,朱砂楼梯 [外角],cinnabar_stairs_outer,朱砂樓梯 (硃砂階梯) [外角],,,,👤🟩,音乐唱片,music_disc_precipice,唱片
,,,,,,,,,,,,,,,,,,,,,,,,,,,,,,,,👤🟩,朱砂墙 [物品栏],cinnabar_wall_inventory,朱砂牆 (硃砂牆) [物品欄],,,,👤🟩,音乐唱片,music_disc_relic,唱片
,,,,,,,,,,,,,,,,,,,,,,,,,,,,,,,,👤🟩,朱砂墙 [柱],cinnabar_wall_post,朱砂牆 (硃砂牆) [柱],,,,👤🟩,音乐唱片,music_disc_stal,唱片
,,,,,,,,,,,,,,,,,,,,,,,,,,,,,,,,👤🟩,朱砂墙 [边],cinnabar_wall_side,朱砂牆 (硃砂牆) [邊],,,,👤🟩,音乐唱片,music_disc_strad,唱片
,,,,,,,,,,,,,,,,,,,,,,,,,,,,,,,,👤🟩,朱砂墙 [边高],cinnabar_wall_side_tall,朱砂牆 (硃砂牆) [邊高],,,,👤🟩,音乐唱片,music_disc_tears,唱片
,,,,,,,,,,,,,,,,,,,,,,,,,,,,,,,,🟩,黏土,clay,黏土,,,,👤🟩,音乐唱片,music_disc_wait,唱片
,,,,,,,,,,,,,,,,,,,,,,,,,,,,,,,,🟩,闭合的眼眸花,closed_eyeblossom,閉合的眼眸花 (閉合的擬目花),,,,👤🟩,音乐唱片,music_disc_ward,唱片
,,,,,,,,,,,,,,,,,,,,,,,,,,,,,,,,🟩,煤炭块,coal_block,煤炭磚 (煤炭方塊),,,,🟩,生羊肉,mutton,生羊肉
,,,,,,,,,,,,,,,,,,,,,,,,,,,,,,,,🟩,煤矿石,coal_ore,煤礦,,,,👤🟩,命名牌,name_tag,命名牌
,,,,,,,,,,,,,,,,,,,,,,,,,,,,,,,,🟩,砂土,coarse_dirt,粗泥,,,,🟩🌊,鹦鹉螺壳,nautilus_shell,鸚鵡螺殼
,,,,,,,,,,,,,,,,,,,,,,,,,,,,,,,,🟩,深板岩圆石,cobbled_deepslate,深板巖碎石 (深板岩碎石),,,,👤🟩🌊,鹦鹉螺刷怪蛋,nautilus_spawn_egg,鸚鵡螺生成蛋 (鸚鵡螺生怪蛋)
,,,,,,,,,,,,,,,,,,,,,,,,,,,,,,,,👤🟩,深板岩圆石台阶,cobbled_deepslate_slab,深板巖碎石半磚 (碎深板岩半磚),,,,👤🟥,下界砖,nether_brick,地獄磚頭
,,,,,,,,,,,,,,,,,,,,,,,,,,,,,,,,👤🟩,深板岩圆石台阶 [顶部],cobbled_deepslate_slab_top,深板巖碎石半磚 (碎深板岩半磚) [頂部],,,,🟥,下界苗,nether_sprouts,地獄芽
,,,,,,,,,,,,,,,,,,,,,,,,,,,,,,,,👤🟩,深板岩圆石楼梯,cobbled_deepslate_stairs,深板巖碎石樓梯 (碎深板岩階梯),,,,🟥,下界之星,nether_star,地獄之星
,,,,,,,,,,,,,,,,,,,,,,,,,,,,,,,,👤🟩,深板岩圆石楼梯 [内角],cobbled_deepslate_stairs_inner,深板巖碎石樓梯 (碎深板岩階梯) [內角],,,,🟥,下界疣,nether_wart,地獄孢子 (地獄疙瘩)
,,,,,,,,,,,,,,,,,,,,,,,,,,,,,,,,👤🟩,深板岩圆石楼梯 [外角],cobbled_deepslate_stairs_outer,深板巖碎石樓梯 (碎深板岩階梯) [外角],,,,👤🟥,下界合金斧,netherite_axe,地獄合金斧頭 (獄髓斧)
,,,,,,,,,,,,,,,,,,,,,,,,,,,,,,,,👤🟩,深板岩圆石墙 [物品栏],cobbled_deepslate_wall_inventory,深板巖碎石牆 (碎深板岩牆) [物品欄],,,,👤🟥,下界合金靴子,netherite_boots,地獄合金靴 (獄髓靴子)
,,,,,,,,,,,,,,,,,,,,,,,,,,,,,,,,👤🟩,深板岩圆石墙 [柱],cobbled_deepslate_wall_post,深板巖碎石牆 (碎深板岩牆) [柱],,,,👤🟥,下界合金胸甲,netherite_chestplate,地獄合金胸甲 (獄髓胸甲)
,,,,,,,,,,,,,,,,,,,,,,,,,,,,,,,,👤🟩,深板岩圆石墙 [边],cobbled_deepslate_wall_side,深板巖碎石牆 (碎深板岩牆) [邊],,,,👤🟥,下界合金头盔,netherite_helmet,地獄合金頭盔 (獄髓頭盔)
,,,,,,,,,,,,,,,,,,,,,,,,,,,,,,,,👤🟩,深板岩圆石墙 [边高],cobbled_deepslate_wall_side_tall,深板巖碎石牆 (碎深板岩牆) [邊高],,,,👤🟥,下界合金锄,netherite_hoe,地獄合金鋤頭 (獄髓鋤)
,,,,,,,,,,,,,,,,,,,,,,,,,,,,,,,,🟩,圆石,cobblestone,碎石 (鵝卵石),,,,👤🟥,下界合金马铠,netherite_horse_armor,地獄合金馬甲 (獄髓製馬鎧)
,,,,,,,,,,,,,,,,,,,,,,,,,,,,,,,,👤🟩,圆石台阶,cobblestone_slab,碎石半磚 (鵝卵石半磚),,,,🟥,下界合金锭,netherite_ingot,地獄合金錠 (獄髓錠)
,,,,,,,,,,,,,,,,,,,,,,,,,,,,,,,,👤🟩,圆石台阶 [顶部],cobblestone_slab_top,碎石半磚 (鵝卵石半磚) [頂部],,,,👤🟥,下界合金护腿,netherite_leggings,地獄合金護腳 (獄髓護腿)
,,,,,,,,,,,,,,,,,,,,,,,,,,,,,,,,👤🟩,圆石楼梯,cobblestone_stairs,碎石樓梯 (鵝卵石階梯),,,,👤🟥🌊,下界合金鹦鹉螺铠,netherite_nautilus_armor,地獄合金鸚鵡螺甲 (獄髓製鸚鵡螺鎧)
,,,,,,,,,,,,,,,,,,,,,,,,,,,,,,,,👤🟩,圆石楼梯 [内角],cobblestone_stairs_inner,碎石樓梯 (鵝卵石階梯) [內角],,,,👤🟥,下界合金镐,netherite_pickaxe,地獄合金鎬 (獄髓鎬)
,,,,,,,,,,,,,,,,,,,,,,,,,,,,,,,,👤🟩,圆石楼梯 [外角],cobblestone_stairs_outer,碎石樓梯 (鵝卵石階梯) [外角],,,,🟥,下界合金碎片,netherite_scrap,地獄合金碎片 (獄髓碎片)
,,,,,,,,,,,,,,,,,,,,,,,,,,,,,,,,👤🟩,圆石墙 [物品栏],cobblestone_wall_inventory,碎石牆 (鵝卵石牆) [物品欄],,,,👤🟥,下界合金锹,netherite_shovel,地獄合金鏟 (獄髓鏟)
,,,,,,,,,,,,,,,,,,,,,,,,,,,,,,,,👤🟩,圆石墙 [柱],cobblestone_wall_post,碎石牆 (鵝卵石牆) [柱],,,,👤🟥,下界合金矛,netherite_spear,地獄合金矛 (獄髓矛)
,,,,,,,,,,,,,,,,,,,,,,,,,,,,,,,,👤🟩,圆石墙 [边],cobblestone_wall_side,碎石牆 (鵝卵石牆) [邊],,,,👤🟥,下界合金矛 [手持],netherite_spear_in_hand,地獄合金矛 (獄髓矛) [手持]
,,,,,,,,,,,,,,,,,,,,,,,,,,,,,,,,👤🟩,圆石墙 [边高],cobblestone_wall_side_tall,碎石牆 (鵝卵石牆) [邊高],,,,👤🟥,下界合金剑,netherite_sword,地獄合金劍 (獄髓劍)
,,,,,,,,,,,,,,,,,,,,,,,,,,,,,,,,🟩,蜘蛛网,cobweb,蜘蛛網,,,,👤🟥,锻造模板,netherite_upgrade_smithing_template,鍛造模板
,,,,,,,,,,,,,,,,,,,,,,,,,,,,,,,,🟩,可可果 [阶段0],cocoa_stage0,可可果 (可可豆) [階段0],,,,👤🟩🌊,橡木船,oak_boat,橡木船
,,,,,,,,,,,,,,,,,,,,,,,,,,,,,,,,🟩,可可果 [阶段1],cocoa_stage1,可可果 (可可豆) [階段1],,,,👤🟩🌊,橡木运输船,oak_chest_boat,儲物箱橡木船
,,,,,,,,,,,,,,,,,,,,,,,,,,,,,,,,🟩,可可果 [阶段2],cocoa_stage2,可可果 (可可豆) [階段2],,,,👤🟩,橡木门,oak_door,橡木門
,,,,,,,,,,,,,,,,,,,,,,,,,,,,,,,,🟩,命令方块,command_block,命令方塊 (指令方塊),,,,👤🟩,悬挂式橡木告示牌,oak_hanging_sign,橡木吊牌 (懸掛式橡木告示牌)
,,,,,,,,,,,,,,,,,,,,,,,,,,,,,,,,🟩,命令方块 [条件],command_block_conditional,命令方塊 (指令方塊) [條件],,,,👤🟩,橡木告示牌,oak_sign,橡木指示牌 (橡木告示牌)
,,,,,,,,,,,,,,,,,,,,,,,,,,,,,,,,👤🟩,红石比较器,comparator,紅石比較器,,,,👤🟩,豹猫刷怪蛋,ocelot_spawn_egg,豹貓生成蛋 (山貓生怪蛋)
,,,,,,,,,,,,,,,,,,,,,,,,,,,,,,,,👤🟩,红石比较器 [开启],comparator_on,紅石比較器 [開啟],,,,👤🟩,不祥之瓶,ominous_bottle,不祥之瓶
,,,,,,,,,,,,,,,,,,,,,,,,,,,,,,,,👤🟩,红石比较器 [开启减法],comparator_on_subtract,紅石比較器 [開啟減法],,,,👤🟩,不祥试炼钥匙,ominous_trial_key,不祥試煉鎖匙 (不祥試煉鑰匙)
,,,,,,,,,,,,,,,,,,,,,,,,,,,,,,,,👤🟩,红石比较器 [减法],comparator_subtract,紅石比較器 [減法],,,,👤🟩,橙色收纳袋,orange_bundle,橙色收納袋 (橙色束口袋)
,,,,,,,,,,,,,,,,,,,,,,,,,,,,,,,,👤🟩,堆肥桶,composter,堆肥桶 (堆肥箱),,,,👤🟩,橙色收纳袋 [打开背面],orange_bundle_open_back,橙色收納袋 (橙色束口袋) [打開背面]
,,,,,,,,,,,,,,,,,,,,,,,,,,,,,,,,👤🟩,堆肥桶 [内容1],composter_contents1,堆肥桶 (堆肥箱) [內容1],,,,👤🟩,橙色收纳袋 [打开正面],orange_bundle_open_front,橙色收納袋 (橙色束口袋) [打開正面]
,,,,,,,,,,,,,,,,,,,,,,,,,,,,,,,,👤🟩,堆肥桶 [内容2],composter_contents2,堆肥桶 (堆肥箱) [內容2],,,,👤🟩💡,橙色蜡烛,orange_candle,橙色蠟燭
,,,,,,,,,,,,,,,,,,,,,,,,,,,,,,,,👤🟩,堆肥桶 [内容3],composter_contents3,堆肥桶 (堆肥箱) [內容3],,,,👤🟩,橙色染料,orange_dye,橙色染料
,,,,,,,,,,,,,,,,,,,,,,,,,,,,,,,,👤🟩,堆肥桶 [内容4],composter_contents4,堆肥桶 (堆肥箱) [內容4],,,,👤🟩,橙色挽具,orange_harness,橙色牽引器具 (橙色帽鞍)
,,,,,,,,,,,,,,,,,,,,,,,,,,,,,,,,👤🟩,堆肥桶 [内容5],composter_contents5,堆肥桶 (堆肥箱) [內容5],,,,👤🟩,氧化的铜链,oxidized_copper_chain,氧化的銅鏈
,,,,,,,,,,,,,,,,,,,,,,,,,,,,,,,,👤🟩,堆肥桶 [内容6],composter_contents6,堆肥桶 (堆肥箱) [內容6],,,,👤🟩,氧化的铜门,oxidized_copper_door,氧化的銅門
,,,,,,,,,,,,,,,,,,,,,,,,,,,,,,,,👤🟩,堆肥桶 [内容7],composter_contents7,堆肥桶 (堆肥箱) [內容7],,,,👤🟩💡,氧化的铜灯笼,oxidized_copper_lantern,氧化的銅燈籠
,,,,,,,,,,,,,,,,,,,,,,,,,,,,,,,,👤🟩,堆肥桶 [内容就绪],composter_contents_ready,堆肥桶 (堆肥箱) [內容就緒],,,,👤🟩,画,painting,畫 (繪畫)
,,,,,,,,,,,,,,,,,,,,,,,,,,,,,,,,🟩🌊💡,潮涌核心,conduit,海靈核心,,,,👤🟩🌊,苍白橡木船,pale_oak_boat,蒼白橡木船
,,,,,,,,,,,,,,,,,,,,,,,,,,,,,,,,👤🟩,铜栏杆 [端帽],copper_bars_cap,銅欄杆 (銅柵欄) [端帽],,,,👤🟩🌊,苍白橡木运输船,pale_oak_chest_boat,儲物箱蒼白橡木船
,,,,,,,,,,,,,,,,,,,,,,,,,,,,,,,,👤🟩,铜栏杆 [端帽交替],copper_bars_cap_alt,銅欄杆 (銅柵欄) [端帽交替],,,,👤🟩,苍白橡木门,pale_oak_door,蒼白橡木門
,,,,,,,,,,,,,,,,,,,,,,,,,,,,,,,,👤🟩,铜栏杆 [柱],copper_bars_post,銅欄杆 (銅柵欄) [柱],,,,👤🟩,悬挂式苍白橡木告示牌,pale_oak_hanging_sign,蒼白橡木吊牌 (懸掛式蒼白橡木告示牌)
,,,,,,,,,,,,,,,,,,,,,,,,,,,,,,,,👤🟩,铜栏杆 [柱端],copper_bars_post_ends,銅欄杆 (銅柵欄) [柱端],,,,👤🟩,苍白橡木告示牌,pale_oak_sign,蒼白橡木指示牌 (蒼白橡木告示牌)
,,,,,,,,,,,,,,,,,,,,,,,,,,,,,,,,👤🟩,铜栏杆 [边],copper_bars_side,銅欄杆 (銅柵欄) [邊],,,,👤🟩,熊猫刷怪蛋,panda_spawn_egg,熊貓生成蛋 (貓熊生怪蛋)
,,,,,,,,,,,,,,,,,,,,,,,,,,,,,,,,👤🟩,铜栏杆 [边交替],copper_bars_side_alt,銅欄杆 (銅柵欄) [邊交替],,,,🟩,纸,paper,紙
,,,,,,,,,,,,,,,,,,,,,,,,,,,,,,,,👤🟩,铜块,copper_block,銅磚 (銅方塊),,,,👤🟩,焦骸刷怪蛋,parched_spawn_egg,旱骨生成蛋 (枯骸生怪蛋)
,,,,,,,,,,,,,,,,,,,,,,,,,,,,,,,,👤🟩,铜灯,copper_bulb,銅燈,,,,👤🟩,鹦鹉刷怪蛋,parrot_spawn_egg,鸚鵡生成蛋 (鸚鵡生怪蛋)
,,,,,,,,,,,,,,,,,,,,,,,,,,,,,,,,👤🟩💡,铜灯 [点燃],copper_bulb_lit,銅燈 [點燃],,,,🟩,幻翼膜,phantom_membrane,夜魅膜 (夜魅皮膜)
,,,,,,,,,,,,,,,,,,,,,,,,,,,,,,,,👤🟩💡,铜灯 [点燃充能],copper_bulb_lit_powered,銅燈 [點燃充能],,,,👤🟩,幻翼刷怪蛋,phantom_spawn_egg,夜魅生成蛋 (夜魅生怪蛋)
,,,,,,,,,,,,,,,,,,,,,,,,,,,,,,,,👤🟩,铜灯 [充能],copper_bulb_powered,銅燈 [充能],,,,👤🟩,猪刷怪蛋,pig_spawn_egg,豬生成蛋 (豬生怪蛋)
,,,,,,,,,,,,,,,,,,,,,,,,,,,,,,,,👤🟩,铜链,copper_chain,銅鏈,,,,👤🟥,旗帜图案,piglin_banner_pattern,橫額圖案 (旗幟圖案)
,,,,,,,,,,,,,,,,,,,,,,,,,,,,,,,,👤🟩,铜箱子,copper_chest,銅儲物箱,,,,👤🟥,猪灵蛮兵刷怪蛋,piglin_brute_spawn_egg,殘暴豬人生成蛋 (豬布林蠻兵生怪蛋)
,,,,,,,,,,,,,,,,,,,,,,,,,,,,,,,,👤🟩,铜门 [底部左],copper_door_bottom_left,銅門 [底部左],,,,👤🟥,猪灵刷怪蛋,piglin_spawn_egg,豬人生成蛋 (豬布林生怪蛋)
,,,,,,,,,,,,,,,,,,,,,,,,,,,,,,,,👤🟩,铜门 [底部左打开],copper_door_bottom_left_open,銅門 [底部左打開],,,,👤🟩,掠夺者刷怪蛋,pillager_spawn_egg,掠奪者生成蛋 (掠奪者生怪蛋)
,,,,,,,,,,,,,,,,,,,,,,,,,,,,,,,,👤🟩,铜门 [底部右],copper_door_bottom_right,銅門 [底部右],,,,👤🟩,粉红色收纳袋,pink_bundle,粉紅色收納袋 (粉紅色束口袋)
,,,,,,,,,,,,,,,,,,,,,,,,,,,,,,,,👤🟩,铜门 [底部右打开],copper_door_bottom_right_open,銅門 [底部右打開],,,,👤🟩,粉红色收纳袋 [打开背面],pink_bundle_open_back,粉紅色收納袋 (粉紅色束口袋) [打開背面]
,,,,,,,,,,,,,,,,,,,,,,,,,,,,,,,,👤🟩,铜门 [顶部左],copper_door_top_left,銅門 [頂部左],,,,👤🟩,粉红色收纳袋 [打开正面],pink_bundle_open_front,粉紅色收納袋 (粉紅色束口袋) [打開正面]
,,,,,,,,,,,,,,,,,,,,,,,,,,,,,,,,👤🟩,铜门 [顶部左打开],copper_door_top_left_open,銅門 [頂部左打開],,,,👤🟩💡,粉红色蜡烛,pink_candle,粉紅色蠟燭
,,,,,,,,,,,,,,,,,,,,,,,,,,,,,,,,👤🟩,铜门 [顶部右],copper_door_top_right,銅門 [頂部右],,,,👤🟩,粉红色染料,pink_dye,粉紅色染料
,,,,,,,,,,,,,,,,,,,,,,,,,,,,,,,,👤🟩,铜门 [顶部右打开],copper_door_top_right_open,銅門 [頂部右打開],,,,👤🟩,粉红色挽具,pink_harness,粉紅色牽引器具 (粉紅色帽鞍)
,,,,,,,,,,,,,,,,,,,,,,,,,,,,,,,,👤🟩,铜傀儡像,copper_golem_statue,銅人雕像 (銅像),,,,🟩,粉红色花簇,pink_petals,粉紅色花簇 (粉瓣花)
,,,,,,,,,,,,,,,,,,,,,,,,,,,,,,,,👤🟩,铜格栅,copper_grate,銅網格 (銅格柵),,,,🟩,瓶子草,pitcher_plant,樽草 (瓶子草)
,,,,,,,,,,,,,,,,,,,,,,,,,,,,,,,,👤🟩💡,铜灯笼,copper_lantern,銅燈籠,,,,🟩,瓶子草荚果,pitcher_pod,樽草莢果 (瓶子草豆莢)
,,,,,,,,,,,,,,,,,,,,,,,,,,,,,,,,👤🟩💡,铜灯笼 [悬挂],copper_lantern_hanging,銅燈籠 [懸掛],,,,👤🟩,富饶纹样陶片,plenty_pottery_sherd,富饒陶罐碎片 (富饒陶器碎片)
,,,,,,,,,,,,,,,,,,,,,,,,,,,,,,,,👤🟩,铜矿石,copper_ore,銅礦,,,,🟩,滴水石锥,pointed_dripstone,滴水石柱 (鐘乳石)
,,,,,,,,,,,,,,,,,,,,,,,,,,,,,,,,👤🟩💡,铜火把,copper_torch,銅火炬 (銅火把),,,,🟩,毒马铃薯,poisonous_potato,毒薯仔 (毒馬鈴薯)
,,,,,,,,,,,,,,,,,,,,,,,,,,,,,,,,👤🟩,铜活板门 [底部],copper_trapdoor_bottom,銅地板門 [底部],,,,👤🟩,北极熊刷怪蛋,polar_bear_spawn_egg,北極熊生成蛋 (北極熊生怪蛋)
,,,,,,,,,,,,,,,,,,,,,,,,,,,,,,,,👤🟩,铜活板门 [打开],copper_trapdoor_open,銅地板門 [打開],,,,🟨,爆裂紫颂果,popped_chorus_fruit,爆開的歌萊果
,,,,,,,,,,,,,,,,,,,,,,,,,,,,,,,,👤🟩,铜活板门 [顶部],copper_trapdoor_top,銅地板門 [頂部],,,,🟩,生猪排,porkchop,生豬扒 (生豬肉)
,,,,,,,,,,,,,,,,,,,,,,,,,,,,,,,,👤🟩💡,墙上的铜火把,copper_wall_torch,牆上的銅火炬 (牆上的銅火把),,,,🟩,马铃薯,potato,薯仔 (馬鈴薯)
,,,,,,,,,,,,,,,,,,,,,,,,,,,,,,,,🟩🌊,珊瑚扇（父模型）,coral_fan,珊瑚扇（父模型）,,,,🟩,药水,potion,藥水
,,,,,,,,,,,,,,,,,,,,,,,,,,,,,,,,🟩🌊,墙上珊瑚扇（父模型）,coral_wall_fan,牆上珊瑚扇（父模型）,,,,🟩,药水 [叠加],potion_overlay,藥水 [疊加]
,,,,,,,,,,,,,,,,,,,,,,,,,,,,,,,,🟩,矢车菊,cornflower,矢車菊,,,,👤🟩🌊,细雪桶,powder_snow_bucket,幼雪桶 (粉雪桶)
,,,,,,,,,,,,,,,,,,,,,,,,,,,,,,,,👤🟩,裂纹深板岩砖,cracked_deepslate_bricks,裂紋深板巖磚 (裂紋深板岩磚),,,,🟩🌊,海晶砂粒,prismarine_crystals,海磷晶體
,,,,,,,,,,,,,,,,,,,,,,,,,,,,,,,,👤🟩,裂纹深板岩瓦,cracked_deepslate_tiles,裂紋深板巖瓦 (裂紋深板岩磚瓦),,,,🟩🌊,海晶碎片,prismarine_shard,海磷碎片
,,,,,,,,,,,,,,,,,,,,,,,,,,,,,,,,👤🟥,裂纹下界砖块,cracked_nether_bricks,裂紋地獄磚,,,,👤🟩,珍宝纹样陶片,prize_pottery_sherd,珍寶陶罐碎片 (珍寶陶器碎片)
,,,,,,,,,,,,,,,,,,,,,,,,,,,,,,,,👤🟥,裂纹磨制黑石砖,cracked_polished_blackstone_bricks,裂紋拋光黑石磚,,,,🟩🌊,河豚,pufferfish,河豚
,,,,,,,,,,,,,,,,,,,,,,,,,,,,,,,,👤🟩,裂纹石砖,cracked_stone_bricks,裂紋石磚,,,,👤🟩🌊,河豚桶,pufferfish_bucket,河豚桶
,,,,,,,,,,,,,,,,,,,,,,,,,,,,,,,,👤🟩🌊,合成器,crafter,合成器,,,,👤🟩🌊,河豚刷怪蛋,pufferfish_spawn_egg,河豚生成蛋 (河豚生怪蛋)
,,,,,,,,,,,,,,,,,,,,,,,,,,,,,,,,👤🟩🌊,合成器 [合成中],crafter_crafting,合成器 [合成中],,,,🟩,南瓜派,pumpkin_pie,南瓜批 (南瓜派)
,,,,,,,,,,,,,,,,,,,,,,,,,,,,,,,,👤🟩🌊,合成器 [合成已触发],crafter_crafting_triggered,合成器 [合成已觸發],,,,🟩,南瓜种子,pumpkin_seeds,南瓜種子
,,,,,,,,,,,,,,,,,,,,,,,,,,,,,,,,👤🟩🌊,合成器 [已触发],crafter_triggered,合成器 [已觸發],,,,👤🟩,紫色收纳袋,purple_bundle,紫色收納袋 (紫色束口袋)
,,,,,,,,,,,,,,,,,,,,,,,,,,,,,,,,👤🟩🌊,工作台,crafting_table,工作台,,,,👤🟩,紫色收纳袋 [打开背面],purple_bundle_open_back,紫色收納袋 (紫色束口袋) [打開背面]
,,,,,,,,,,,,,,,,,,,,,,,,,,,,,,,,🟩,嘎枝之心,creaking_heart,異響之心 (嘎枝之心),,,,👤🟩,紫色收纳袋 [打开正面],purple_bundle_open_front,紫色收納袋 (紫色束口袋) [打開正面]
,,,,,,,,,,,,,,,,,,,,,,,,,,,,,,,,🟩,嘎枝之心 [苏醒],creaking_heart_awake,異響之心 (嘎枝之心) [甦醒],,,,👤🟩💡,紫色蜡烛,purple_candle,紫色蠟燭
,,,,,,,,,,,,,,,,,,,,,,,,,,,,,,,,🟩,嘎枝之心 [苏醒水平],creaking_heart_awake_horizontal,異響之心 (嘎枝之心) [甦醒水平],,,,👤🟩,紫色染料,purple_dye,紫色染料
,,,,,,,,,,,,,,,,,,,,,,,,,,,,,,,,🟩,嘎枝之心 [休眠],creaking_heart_dormant,異響之心 (嘎枝之心) [休眠],,,,👤🟩,紫色挽具,purple_harness,紫色牽引器具 (紫色帽鞍)
,,,,,,,,,,,,,,,,,,,,,,,,,,,,,,,,🟩,嘎枝之心 [休眠水平],creaking_heart_dormant_horizontal,異響之心 (嘎枝之心) [休眠水平],,,,🟥,下界石英,quartz,地獄石英
,,,,,,,,,,,,,,,,,,,,,,,,,,,,,,,,🟩,嘎枝之心 [水平],creaking_heart_horizontal,異響之心 (嘎枝之心) [水平],,,,🟩,生兔肉,rabbit,生兔肉
,,,,,,,,,,,,,,,,,,,,,,,,,,,,,,,,👤🟥,绯红木按钮,crimson_button,猩紅菌木按鈕 (緋紅蕈木按鈕),,,,🟩,兔子脚,rabbit_foot,兔腳 (兔子腳)
,,,,,,,,,,,,,,,,,,,,,,,,,,,,,,,,👤🟥,绯红木按钮 [物品栏],crimson_button_inventory,猩紅菌木按鈕 (緋紅蕈木按鈕) [物品欄],,,,🟩,兔子皮,rabbit_hide,兔皮 (兔子皮)
,,,,,,,,,,,,,,,,,,,,,,,,,,,,,,,,👤🟥,绯红木按钮 [按下],crimson_button_pressed,猩紅菌木按鈕 (緋紅蕈木按鈕) [按下],,,,👤🟩,兔子刷怪蛋,rabbit_spawn_egg,兔生成蛋 (兔子生怪蛋)
,,,,,,,,,,,,,,,,,,,,,,,,,,,,,,,,👤🟥,绯红木门 [底部左],crimson_door_bottom_left,猩紅菌木門 (緋紅蕈木門) [底部左],,,,🟩,兔肉煲,rabbit_stew,兔肉湯
,,,,,,,,,,,,,,,,,,,,,,,,,,,,,,,,👤🟥,绯红木门 [底部左打开],crimson_door_bottom_left_open,猩紅菌木門 (緋紅蕈木門) [底部左打開],,,,👤🟩,锻造模板,raiser_armor_trim_smithing_template,鍛造模板
,,,,,,,,,,,,,,,,,,,,,,,,,,,,,,,,👤🟥,绯红木门 [底部右],crimson_door_bottom_right,猩紅菌木門 (緋紅蕈木門) [底部右],,,,👤🟩,劫掠兽刷怪蛋,ravager_spawn_egg,劫毀獸生成蛋 (劫毀獸生怪蛋)
,,,,,,,,,,,,,,,,,,,,,,,,,,,,,,,,👤🟥,绯红木门 [底部右打开],crimson_door_bottom_right_open,猩紅菌木門 (緋紅蕈木門) [底部右打開],,,,🟩,粗铜,raw_copper,粗銅 (銅原礦)
,,,,,,,,,,,,,,,,,,,,,,,,,,,,,,,,👤🟥,绯红木门 [顶部左],crimson_door_top_left,猩紅菌木門 (緋紅蕈木門) [頂部左],,,,🟩,粗金,raw_gold,粗金 (金原礦)
,,,,,,,,,,,,,,,,,,,,,,,,,,,,,,,,👤🟥,绯红木门 [顶部左打开],crimson_door_top_left_open,猩紅菌木門 (緋紅蕈木門) [頂部左打開],,,,🟩,粗铁,raw_iron,粗鐵 (鐵原礦)
,,,,,,,,,,,,,,,,,,,,,,,,,,,,,,,,👤🟥,绯红木门 [顶部右],crimson_door_top_right,猩紅菌木門 (緋紅蕈木門) [頂部右],,,,👤🟩,追溯指针 [00],recovery_compass_00,追溯指南針 (回生羅盤) [00]
,,,,,,,,,,,,,,,,,,,,,,,,,,,,,,,,👤🟥,绯红木门 [顶部右打开],crimson_door_top_right_open,猩紅菌木門 (緋紅蕈木門) [頂部右打開],,,,👤🟩,追溯指针 [01],recovery_compass_01,追溯指南針 (回生羅盤) [01]
,,,,,,,,,,,,,,,,,,,,,,,,,,,,,,,,👤🟥,绯红木栅栏门,crimson_fence_gate,猩紅菌木閘門 (緋紅蕈木柵欄門),,,,👤🟩,追溯指针 [02],recovery_compass_02,追溯指南針 (回生羅盤) [02]
,,,,,,,,,,,,,,,,,,,,,,,,,,,,,,,,👤🟥,绯红木栅栏门 [打开],crimson_fence_gate_open,猩紅菌木閘門 (緋紅蕈木柵欄門) [打開],,,,👤🟩,追溯指针 [03],recovery_compass_03,追溯指南針 (回生羅盤) [03]
,,,,,,,,,,,,,,,,,,,,,,,,,,,,,,,,👤🟥,绯红木栅栏门 [墙上],crimson_fence_gate_wall,猩紅菌木閘門 (緋紅蕈木柵欄門) [牆上],,,,👤🟩,追溯指针 [04],recovery_compass_04,追溯指南針 (回生羅盤) [04]
,,,,,,,,,,,,,,,,,,,,,,,,,,,,,,,,👤🟥,绯红木栅栏门 [墙上打开],crimson_fence_gate_wall_open,猩紅菌木閘門 (緋紅蕈木柵欄門) [牆上打開],,,,👤🟩,追溯指针 [05],recovery_compass_05,追溯指南針 (回生羅盤) [05]
,,,,,,,,,,,,,,,,,,,,,,,,,,,,,,,,👤🟥,绯红木栅栏 [物品栏],crimson_fence_inventory,猩紅菌木欄杆 (緋紅蕈木柵欄) [物品欄],,,,👤🟩,追溯指针 [06],recovery_compass_06,追溯指南針 (回生羅盤) [06]
,,,,,,,,,,,,,,,,,,,,,,,,,,,,,,,,👤🟥,绯红木栅栏 [柱],crimson_fence_post,猩紅菌木欄杆 (緋紅蕈木柵欄) [柱],,,,👤🟩,追溯指针 [07],recovery_compass_07,追溯指南針 (回生羅盤) [07]
,,,,,,,,,,,,,,,,,,,,,,,,,,,,,,,,👤🟥,绯红木栅栏 [边],crimson_fence_side,猩紅菌木欄杆 (緋紅蕈木柵欄) [邊],,,,👤🟩,追溯指针 [08],recovery_compass_08,追溯指南針 (回生羅盤) [08]
,,,,,,,,,,,,,,,,,,,,,,,,,,,,,,,,🟥,绯红菌,crimson_fungus,猩紅菌菇 (緋紅蕈菇),,,,👤🟩,追溯指针 [09],recovery_compass_09,追溯指南針 (回生羅盤) [09]
,,,,,,,,,,,,,,,,,,,,,,,,,,,,,,,,👤🟥,悬挂式绯红木告示牌 [附着旋转0],crimson_hanging_sign_attached_rot_0,猩紅菌木吊牌 (懸掛式緋紅蕈木告示牌) [附著旋轉0],,,,👤🟩,追溯指针 [10],recovery_compass_10,追溯指南針 (回生羅盤) [10]
,,,,,,,,,,,,,,,,,,,,,,,,,,,,,,,,👤🟥,悬挂式绯红木告示牌 [附着旋转1],crimson_hanging_sign_attached_rot_1,猩紅菌木吊牌 (懸掛式緋紅蕈木告示牌) [附著旋轉1],,,,👤🟩,追溯指针 [11],recovery_compass_11,追溯指南針 (回生羅盤) [11]
,,,,,,,,,,,,,,,,,,,,,,,,,,,,,,,,👤🟥,悬挂式绯红木告示牌 [附着旋转2],crimson_hanging_sign_attached_rot_2,猩紅菌木吊牌 (懸掛式緋紅蕈木告示牌) [附著旋轉2],,,,👤🟩,追溯指针 [12],recovery_compass_12,追溯指南針 (回生羅盤) [12]
,,,,,,,,,,,,,,,,,,,,,,,,,,,,,,,,👤🟥,悬挂式绯红木告示牌 [附着旋转3],crimson_hanging_sign_attached_rot_3,猩紅菌木吊牌 (懸掛式緋紅蕈木告示牌) [附著旋轉3],,,,👤🟩,追溯指针 [13],recovery_compass_13,追溯指南針 (回生羅盤) [13]
,,,,,,,,,,,,,,,,,,,,,,,,,,,,,,,,👤🟥,悬挂式绯红木告示牌 [旋转0],crimson_hanging_sign_rot_0,猩紅菌木吊牌 (懸掛式緋紅蕈木告示牌) [旋轉0],,,,👤🟩,追溯指针 [14],recovery_compass_14,追溯指南針 (回生羅盤) [14]
,,,,,,,,,,,,,,,,,,,,,,,,,,,,,,,,👤🟥,悬挂式绯红木告示牌 [旋转1],crimson_hanging_sign_rot_1,猩紅菌木吊牌 (懸掛式緋紅蕈木告示牌) [旋轉1],,,,👤🟩,追溯指针 [15],recovery_compass_15,追溯指南針 (回生羅盤) [15]
,,,,,,,,,,,,,,,,,,,,,,,,,,,,,,,,👤🟥,悬挂式绯红木告示牌 [旋转2],crimson_hanging_sign_rot_2,猩紅菌木吊牌 (懸掛式緋紅蕈木告示牌) [旋轉2],,,,👤🟩,追溯指针 [16],recovery_compass_16,追溯指南針 (回生羅盤) [16]
,,,,,,,,,,,,,,,,,,,,,,,,,,,,,,,,👤🟥,悬挂式绯红木告示牌 [旋转3],crimson_hanging_sign_rot_3,猩紅菌木吊牌 (懸掛式緋紅蕈木告示牌) [旋轉3],,,,👤🟩,追溯指针 [17],recovery_compass_17,追溯指南針 (回生羅盤) [17]
,,,,,,,,,,,,,,,,,,,,,,,,,,,,,,,,🟥,绯红菌核,crimson_hyphae,猩紅菌絲體 (緋紅菌絲體),,,,👤🟩,追溯指针 [18],recovery_compass_18,追溯指南針 (回生羅盤) [18]
,,,,,,,,,,,,,,,,,,,,,,,,,,,,,,,,🟥,绯红菌岩,crimson_nylium,猩紅菌絲石 (緋紅菌絲石),,,,👤🟩,追溯指针 [19],recovery_compass_19,追溯指南針 (回生羅盤) [19]
,,,,,,,,,,,,,,,,,,,,,,,,,,,,,,,,👤🟥,绯红木板,crimson_planks,猩紅菌木板 (緋紅蕈木材),,,,👤🟩,追溯指针 [20],recovery_compass_20,追溯指南針 (回生羅盤) [20]
,,,,,,,,,,,,,,,,,,,,,,,,,,,,,,,,👤🟥,绯红木压力板,crimson_pressure_plate,猩紅菌木壓力板 (緋紅蕈木壓力板),,,,👤🟩,追溯指针 [21],recovery_compass_21,追溯指南針 (回生羅盤) [21]
,,,,,,,,,,,,,,,,,,,,,,,,,,,,,,,,👤🟥,绯红木压力板 [按下],crimson_pressure_plate_down,猩紅菌木壓力板 (緋紅蕈木壓力板) [按下],,,,👤🟩,追溯指针 [22],recovery_compass_22,追溯指南針 (回生羅盤) [22]
,,,,,,,,,,,,,,,,,,,,,,,,,,,,,,,,🟥,绯红菌索,crimson_roots,猩紅菌根 (緋紅蕈根),,,,👤🟩,追溯指针 [23],recovery_compass_23,追溯指南針 (回生羅盤) [23]
,,,,,,,,,,,,,,,,,,,,,,,,,,,,,,,,👤🟥,绯红木展示架,crimson_shelf,猩紅菌木置物架 (緋紅蕈木展示架),,,,👤🟩,追溯指针 [24],recovery_compass_24,追溯指南針 (回生羅盤) [24]
,,,,,,,,,,,,,,,,,,,,,,,,,,,,,,,,👤🟥,绯红木展示架 [中],crimson_shelf_center,猩紅菌木置物架 (緋紅蕈木展示架) [中],,,,👤🟩,追溯指针 [25],recovery_compass_25,追溯指南針 (回生羅盤) [25]
,,,,,,,,,,,,,,,,,,,,,,,,,,,,,,,,👤🟥,绯红木展示架 [物品栏],crimson_shelf_inventory,猩紅菌木置物架 (緋紅蕈木展示架) [物品欄],,,,👤🟩,追溯指针 [26],recovery_compass_26,追溯指南針 (回生羅盤) [26]
,,,,,,,,,,,,,,,,,,,,,,,,,,,,,,,,👤🟥,绯红木展示架 [左],crimson_shelf_left,猩紅菌木置物架 (緋紅蕈木展示架) [左],,,,👤🟩,追溯指针 [27],recovery_compass_27,追溯指南針 (回生羅盤) [27]
,,,,,,,,,,,,,,,,,,,,,,,,,,,,,,,,👤🟥,绯红木展示架 [右],crimson_shelf_right,猩紅菌木置物架 (緋紅蕈木展示架) [右],,,,👤🟩,追溯指针 [28],recovery_compass_28,追溯指南針 (回生羅盤) [28]
,,,,,,,,,,,,,,,,,,,,,,,,,,,,,,,,👤🟥,绯红木展示架 [未连接],crimson_shelf_unconnected,猩紅菌木置物架 (緋紅蕈木展示架) [未連接],,,,👤🟩,追溯指针 [29],recovery_compass_29,追溯指南針 (回生羅盤) [29]
,,,,,,,,,,,,,,,,,,,,,,,,,,,,,,,,👤🟥,绯红木展示架 [未充能],crimson_shelf_unpowered,猩紅菌木置物架 (緋紅蕈木展示架) [未充能],,,,👤🟩,追溯指针 [30],recovery_compass_30,追溯指南針 (回生羅盤) [30]
,,,,,,,,,,,,,,,,,,,,,,,,,,,,,,,,👤🟥,绯红木告示牌 [旋转0],crimson_sign_rot_0,猩紅菌木指示牌 (緋紅蕈木告示牌) [旋轉0],,,,👤🟩,追溯指针 [31],recovery_compass_31,追溯指南針 (回生羅盤) [31]
,,,,,,,,,,,,,,,,,,,,,,,,,,,,,,,,👤🟥,绯红木告示牌 [旋转1],crimson_sign_rot_1,猩紅菌木指示牌 (緋紅蕈木告示牌) [旋轉1],,,,👤🟩,红色收纳袋,red_bundle,紅色收納袋 (紅色束口袋)
,,,,,,,,,,,,,,,,,,,,,,,,,,,,,,,,👤🟥,绯红木告示牌 [旋转2],crimson_sign_rot_2,猩紅菌木指示牌 (緋紅蕈木告示牌) [旋轉2],,,,👤🟩,红色收纳袋 [打开背面],red_bundle_open_back,紅色收納袋 (紅色束口袋) [打開背面]
,,,,,,,,,,,,,,,,,,,,,,,,,,,,,,,,👤🟥,绯红木告示牌 [旋转3],crimson_sign_rot_3,猩紅菌木指示牌 (緋紅蕈木告示牌) [旋轉3],,,,👤🟩,红色收纳袋 [打开正面],red_bundle_open_front,紅色收納袋 (紅色束口袋) [打開正面]
,,,,,,,,,,,,,,,,,,,,,,,,,,,,,,,,👤🟥,绯红木台阶,crimson_slab,猩紅菌木半磚 (緋紅蕈木半磚),,,,👤🟩💡,红色蜡烛,red_candle,紅色蠟燭
,,,,,,,,,,,,,,,,,,,,,,,,,,,,,,,,👤🟥,绯红木台阶 [顶部],crimson_slab_top,猩紅菌木半磚 (緋紅蕈木半磚) [頂部],,,,👤🟩,红色染料,red_dye,紅色染料
,,,,,,,,,,,,,,,,,,,,,,,,,,,,,,,,👤🟥,绯红木楼梯,crimson_stairs,猩紅菌木樓梯 (緋紅蕈木階梯),,,,👤🟩,红色挽具,red_harness,紅色牽引器具 (紅色帽鞍)
,,,,,,,,,,,,,,,,,,,,,,,,,,,,,,,,👤🟥,绯红木楼梯 [内角],crimson_stairs_inner,猩紅菌木樓梯 (緋紅蕈木階梯) [內角],,,,👤🟩,红石粉,redstone,紅石粉
,,,,,,,,,,,,,,,,,,,,,,,,,,,,,,,,👤🟥,绯红木楼梯 [外角],crimson_stairs_outer,猩紅菌木樓梯 (緋紅蕈木階梯) [外角],,,,👤🟩,红石中继器,repeater,紅石中繼器
,,,,,,,,,,,,,,,,,,,,,,,,,,,,,,,,🟥,绯红菌柄,crimson_stem,猩紅菌柄 (緋紅蕈柄),,,,👤🟩,树脂砖,resin_brick,樹脂磚頭
,,,,,,,,,,,,,,,,,,,,,,,,,,,,,,,,👤🟥,绯红木活板门 [底部],crimson_trapdoor_bottom,猩紅菌木地板門 (緋紅蕈木地板門) [底部],,,,🟩,树脂团,resin_clump,樹脂團
,,,,,,,,,,,,,,,,,,,,,,,,,,,,,,,,👤🟥,绯红木活板门 [打开],crimson_trapdoor_open,猩紅菌木地板門 (緋紅蕈木地板門) [打開],,,,👤🟩,锻造模板,rib_armor_trim_smithing_template,鍛造模板
,,,,,,,,,,,,,,,,,,,,,,,,,,,,,,,,👤🟥,绯红木活板门 [顶部],crimson_trapdoor_top,猩紅菌木地板門 (緋紅蕈木地板門) [頂部],,,,🟩,腐肉,rotten_flesh,腐肉
,,,,,,,,,,,,,,,,,,,,,,,,,,,,,,,,👤🟥,墙上的悬挂式绯红木告示牌,crimson_wall_hanging_sign,牆上的猩紅菌木吊牌 (牆上的懸掛式緋紅蕈木告示牌),,,,👤🟩,鞍,saddle,鞍
,,,,,,,,,,,,,,,,,,,,,,,,,,,,,,,,👤🟥,墙上的绯红木告示牌,crimson_wall_sign,牆上的猩紅菌木指示牌 (牆上的緋紅蕈木告示牌),,,,🟩🌊,生鲑鱼,salmon,生三文魚 (生鮭魚)
,,,,,,,,,,,,,,,,,,,,,,,,,,,,,,,,🟩,作物（父模型）,crop,作物（父模型）,,,,👤🟩🌊,鲑鱼桶,salmon_bucket,三文魚桶 (鮭魚桶)
,,,,,,,,,,,,,,,,,,,,,,,,,,,,,,,,#,十字交叉（父模型）,cross,十字交叉（父模型）,,,,👤🟩🌊,鲑鱼刷怪蛋,salmon_spawn_egg,三文魚生成蛋 (鮭魚生怪蛋)
,,,,,,,,,,,,,,,,,,,,,,,,,,,,,,,,💡,发光十字交叉（父模型）,cross_emissive,發光十字交叉（父模型）,,,,👤🟩,刮削纹样陶片,scrape_pottery_sherd,刮削陶罐碎片 (刮削陶器碎片)
,,,,,,,,,,,,,,,,,,,,,,,,,,,,,,,,🟥,哭泣的黑曜石,crying_obsidian,哭曜石 (哭泣的黑曜石),,,,🟩🌊💡,海泡菜,sea_pickle,海鞘
,,,,,,,,,,,,,,,,,,,,,,,,,,,,,,,,#,立方体（父模型）,cube,立方體（父模型）,,,,🟩🌊,海草,seagrass,海草
,,,,,,,,,,,,,,,,,,,,,,,,,,,,,,,,#,六面相同立方体（父模型）,cube_all,六面相同立方體（父模型）,,,,👤🟩,锻造模板,sentry_armor_trim_smithing_template,鍛造模板
,,,,,,,,,,,,,,,,,,,,,,,,,,,,,,,,#,六面相同内面立方体（父模型）,cube_all_inner_faces,六面相同內面立方體（父模型）,,,,👤🟩,锻造模板,shaper_armor_trim_smithing_template,鍛造模板
,,,,,,,,,,,,,,,,,,,,,,,,,,,,,,,,#,底顶异面立方体（父模型）,cube_bottom_top,底頂異面立方體（父模型）,,,,👤🟩,麦捆纹样陶片,sheaf_pottery_sherd,麥捆陶罐碎片 (麥捆陶器碎片)
,,,,,,,,,,,,,,,,,,,,,,,,,,,,,,,,#,底顶异面内面立方体（父模型）,cube_bottom_top_inner_faces,底頂異面內面立方體（父模型）,,,,👤🟩,剪刀,shears,剪刀
,,,,,,,,,,,,,,,,,,,,,,,,,,,,,,,,#,柱状立方体（父模型）,cube_column,柱狀立方體（父模型）,,,,👤🟩,绵羊刷怪蛋,sheep_spawn_egg,綿羊生成蛋 (綿羊生怪蛋)
,,,,,,,,,,,,,,,,,,,,,,,,,,,,,,,,#,水平柱状立方体（父模型）,cube_column_horizontal,水平柱狀立方體（父模型）,,,,👤🟩,树荫纹样陶片,shelter_pottery_sherd,樹蔭陶罐碎片 (樹蔭陶器碎片)
,,,,,,,,,,,,,,,,,,,,,,,,,,,,,,,,#,镜像柱状立方体（父模型）,cube_column_mirrored,鏡像柱狀立方體（父模型）,,,,🟨,潜影壳,shulker_shell,界伏殼
,,,,,,,,,,,,,,,,,,,,,,,,,,,,,,,,#,UV锁定X柱状立方体（父模型）,cube_column_uv_locked_x,UV鎖定X柱狀立方體（父模型）,,,,👤🟨,潜影贝刷怪蛋,shulker_spawn_egg,界伏蚌生成蛋 (界伏蚌生怪蛋)
,,,,,,,,,,,,,,,,,,,,,,,,,,,,,,,,#,UV锁定Y柱状立方体（父模型）,cube_column_uv_locked_y,UV鎖定Y柱狀立方體（父模型）,,,,👤🟩,锻造模板,silence_armor_trim_smithing_template,鍛造模板
,,,,,,,,,,,,,,,,,,,,,,,,,,,,,,,,#,UV锁定Z柱状立方体（父模型）,cube_column_uv_locked_z,UV鎖定Z柱狀立方體（父模型）,,,,👤🟩,蠹虫刷怪蛋,silverfish_spawn_egg,蠹魚生成蛋 (蠹魚生怪蛋)
,,,,,,,,,,,,,,,,,,,,,,,,,,,,,,,,#,定向立方体（父模型）,cube_directional,定向立方體（父模型）,,,,👤🟩,骷髅马刷怪蛋,skeleton_horse_spawn_egg,骷髏骨馬生成蛋 (骷髏馬生怪蛋)
,,,,,,,,,,,,,,,,,,,,,,,,,,,,,,,,#,镜像立方体（父模型）,cube_mirrored,鏡像立方體（父模型）,,,,👤🟩,骷髅刷怪蛋,skeleton_spawn_egg,骷髏骨生成蛋 (骷髏生怪蛋)
,,,,,,,,,,,,,,,,,,,,,,,,,,,,,,,,#,六面镜像立方体（父模型）,cube_mirrored_all,六面鏡像立方體（父模型）,,,,👤🟩,旗帜图案,skull_banner_pattern,橫額圖案 (旗幟圖案)
,,,,,,,,,,,,,,,,,,,,,,,,,,,,,,,,#,西北镜像立方体（父模型）,cube_north_west_mirrored,西北鏡像立方體（父模型）,,,,👤🟩,头颅纹样陶片,skull_pottery_sherd,頭顱陶罐碎片 (頭顱陶器碎片)
,,,,,,,,,,,,,,,,,,,,,,,,,,,,,,,,#,六面西北镜像立方体（父模型）,cube_north_west_mirrored_all,六面西北鏡像立方體（父模型）,,,,🟩,黏液球,slime_ball,史萊姆球
,,,,,,,,,,,,,,,,,,,,,,,,,,,,,,,,#,顶面异面立方体（父模型）,cube_top,頂面異面立方體（父模型）,,,,👤🟩,史莱姆刷怪蛋,slime_spawn_egg,史萊姆生成蛋 (史萊姆生怪蛋)
,,,,,,,,,,,,,,,,,,,,,,,,,,,,,,,,👤🟩,自定义栅栏（父模型） [物品栏],custom_fence_inventory,自訂欄杆（父模型） (自訂柵欄（父模型）) [物品欄],,,,🟩,嗅探兽蛋,sniffer_egg,嗅探獸蛋
,,,,,,,,,,,,,,,,,,,,,,,,,,,,,,,,👤🟩,自定义栅栏（父模型） [柱],custom_fence_post,自訂欄杆（父模型） (自訂柵欄（父模型）) [柱],,,,👤🟩,嗅探兽刷怪蛋,sniffer_spawn_egg,嗅探獸生成蛋 (嗅探獸生怪蛋)
,,,,,,,,,,,,,,,,,,,,,,,,,,,,,,,,👤🟩,自定义栅栏（父模型） [东边],custom_fence_side_east,自訂欄杆（父模型） (自訂柵欄（父模型）) [東邊],,,,👤🟩,嗅探纹样陶片,snort_pottery_sherd,嗅探陶罐碎片 (嗅探陶器碎片)
,,,,,,,,,,,,,,,,,,,,,,,,,,,,,,,,👤🟩,自定义栅栏（父模型） [北边],custom_fence_side_north,自訂欄杆（父模型） (自訂柵欄（父模型）) [北邊],,,,👤🟩,锻造模板,snout_armor_trim_smithing_template,鍛造模板
,,,,,,,,,,,,,,,,,,,,,,,,,,,,,,,,👤🟩,自定义栅栏（父模型） [南边],custom_fence_side_south,自訂欄杆（父模型） (自訂柵欄（父模型）) [南邊],,,,👤🟩,雪傀儡刷怪蛋,snow_golem_spawn_egg,雪人生成蛋 (雪人生怪蛋)
,,,,,,,,,,,,,,,,,,,,,,,,,,,,,,,,👤🟩,自定义栅栏（父模型） [西边],custom_fence_side_west,自訂欄杆（父模型） (自訂柵欄（父模型）) [西邊],,,,🟩,雪球,snowball,雪球
,,,,,,,,,,,,,,,,,,,,,,,,,,,,,,,,👤🟩,切制铜块,cut_copper,切製銅磚 (切製銅方塊),,,,🟥💡,灵魂营火,soul_campfire,靈魂營火
,,,,,,,,,,,,,,,,,,,,,,,,,,,,,,,,👤🟩,切制铜台阶,cut_copper_slab,切製銅半磚,,,,🟥💡,灵魂灯笼,soul_lantern,靈魂燈籠
,,,,,,,,,,,,,,,,,,,,,,,,,,,,,,,,👤🟩,切制铜台阶 [顶部],cut_copper_slab_top,切製銅半磚 [頂部],,,,🟩,光灵箭,spectral_arrow,追跡之箭
,,,,,,,,,,,,,,,,,,,,,,,,,,,,,,,,👤🟩,切制铜楼梯,cut_copper_stairs,切製銅樓梯 (切製銅階梯),,,,🟩,蜘蛛眼,spider_eye,蜘蛛眼
,,,,,,,,,,,,,,,,,,,,,,,,,,,,,,,,👤🟩,切制铜楼梯 [内角],cut_copper_stairs_inner,切製銅樓梯 (切製銅階梯) [內角],,,,👤🟩,蜘蛛刷怪蛋,spider_spawn_egg,蜘蛛生成蛋 (蜘蛛生怪蛋)
,,,,,,,,,,,,,,,,,,,,,,,,,,,,,,,,👤🟩,切制铜楼梯 [外角],cut_copper_stairs_outer,切製銅樓梯 (切製銅階梯) [外角],,,,👤🟩,锻造模板,spire_armor_trim_smithing_template,鍛造模板
,,,,,,,,,,,,,,,,,,,,,,,,,,,,,,,,👤🟩,切制红砂岩,cut_red_sandstone,切製紅砂巖 (切製紅砂岩),,,,🟩,喷溅药水,splash_potion,飛濺藥水
,,,,,,,,,,,,,,,,,,,,,,,,,,,,,,,,👤🟩,切制红砂岩台阶,cut_red_sandstone_slab,切製紅砂巖半磚 (切製紅砂岩半磚),,,,👤🟩🌊,云杉木船,spruce_boat,杉木船
,,,,,,,,,,,,,,,,,,,,,,,,,,,,,,,,👤🟩,切制红砂岩台阶 [顶部],cut_red_sandstone_slab_top,切製紅砂巖半磚 (切製紅砂岩半磚) [頂部],,,,👤🟩🌊,云杉木运输船,spruce_chest_boat,儲物箱杉木船
,,,,,,,,,,,,,,,,,,,,,,,,,,,,,,,,👤🟩,切制砂岩,cut_sandstone,切製砂巖 (切製砂岩),,,,👤🟩,云杉木门,spruce_door,杉木門
,,,,,,,,,,,,,,,,,,,,,,,,,,,,,,,,👤🟩,切制砂岩台阶,cut_sandstone_slab,切製砂巖半磚 (切製砂岩半磚),,,,👤🟩,悬挂式云杉木告示牌,spruce_hanging_sign,杉木吊牌 (懸掛式杉木告示牌)
,,,,,,,,,,,,,,,,,,,,,,,,,,,,,,,,👤🟩,切制砂岩台阶 [顶部],cut_sandstone_slab_top,切製砂巖半磚 (切製砂岩半磚) [頂部],,,,👤🟩,云杉木告示牌,spruce_sign,杉木指示牌 (杉木告示牌)
,,,,,,,,,,,,,,,,,,,,,,,,,,,,,,,,👤🟩,青色床 [尾],cyan_bed_foot,青藍色牀 (青色床) [尾],,,,👤🟩,望远镜,spyglass,望遠鏡
,,,,,,,,,,,,,,,,,,,,,,,,,,,,,,,,👤🟩,青色床 [头],cyan_bed_head,青藍色牀 (青色床) [頭],,,,👤🟩,望远镜 [模型],spyglass_model,望遠鏡 [模型]
,,,,,,,,,,,,,,,,,,,,,,,,,,,,,,,,👤🟩,插上青色蜡烛的蛋糕,cyan_candle_cake,插上青藍色蠟燭的蛋糕 (插上青色蠟燭的蛋糕),,,,👤🟩🌊,鱿鱼刷怪蛋,squid_spawn_egg,墨魚生成蛋 (魷魚生怪蛋)
,,,,,,,,,,,,,,,,,,,,,,,,,,,,,,,,👤🟩💡,插上青色蜡烛的蛋糕 [点燃],cyan_candle_cake_lit,插上青藍色蠟燭的蛋糕 (插上青色蠟燭的蛋糕) [點燃],,,,🟩,木棍,stick,木棍 (木棒)
,,,,,,,,,,,,,,,,,,,,,,,,,,,,,,,,👤🟩,青色蜡烛 [四支蜡烛],cyan_candle_four_candles,青藍色蠟燭 (青色蠟燭) [四支蠟燭],,,,👤🟩,石斧,stone_axe,石斧頭 (石斧)
,,,,,,,,,,,,,,,,,,,,,,,,,,,,,,,,👤🟩💡,青色蜡烛 [四支蜡烛点燃],cyan_candle_four_candles_lit,青藍色蠟燭 (青色蠟燭) [四支蠟燭點燃],,,,👤🟩,石锄,stone_hoe,石鋤頭 (石鋤)
,,,,,,,,,,,,,,,,,,,,,,,,,,,,,,,,👤🟩,青色蜡烛 [一支蜡烛],cyan_candle_one_candle,青藍色蠟燭 (青色蠟燭) [一支蠟燭],,,,👤🟩,石镐,stone_pickaxe,石鎬
,,,,,,,,,,,,,,,,,,,,,,,,,,,,,,,,👤🟩💡,青色蜡烛 [一支蜡烛点燃],cyan_candle_one_candle_lit,青藍色蠟燭 (青色蠟燭) [一支蠟燭點燃],,,,👤🟩,石锹,stone_shovel,石鏟
,,,,,,,,,,,,,,,,,,,,,,,,,,,,,,,,👤🟩,青色蜡烛 [三支蜡烛],cyan_candle_three_candles,青藍色蠟燭 (青色蠟燭) [三支蠟燭],,,,👤🟩,石矛,stone_spear,石矛
,,,,,,,,,,,,,,,,,,,,,,,,,,,,,,,,👤🟩💡,青色蜡烛 [三支蜡烛点燃],cyan_candle_three_candles_lit,青藍色蠟燭 (青色蠟燭) [三支蠟燭點燃],,,,👤🟩,石矛 [手持],stone_spear_in_hand,石矛 [手持]
,,,,,,,,,,,,,,,,,,,,,,,,,,,,,,,,👤🟩,青色蜡烛 [两支蜡烛],cyan_candle_two_candles,青藍色蠟燭 (青色蠟燭) [兩支蠟燭],,,,👤🟩,石剑,stone_sword,石劍
,,,,,,,,,,,,,,,,,,,,,,,,,,,,,,,,👤🟩💡,青色蜡烛 [两支蜡烛点燃],cyan_candle_two_candles_lit,青藍色蠟燭 (青色蠟燭) [兩支蠟燭點燃],,,,👤🟩,流浪者刷怪蛋,stray_spawn_egg,流浪者生成蛋 (流髑生怪蛋)
,,,,,,,,,,,,,,,,,,,,,,,,,,,,,,,,👤🟩,青色地毯,cyan_carpet,青藍色地氈 (青色地毯),,,,👤🟥,炽足兽刷怪蛋,strider_spawn_egg,熾足獸生成蛋 (熾足獸生怪蛋)
,,,,,,,,,,,,,,,,,,,,,,,,,,,,,,,,👤🟩,青色混凝土,cyan_concrete,青藍色混凝土 (青色混凝土),,,,🟩,线,string,線
,,,,,,,,,,,,,,,,,,,,,,,,,,,,,,,,👤🟩,青色混凝土粉末,cyan_concrete_powder,青藍色混凝土粉末 (青色混凝土粉末),,,,🟩,结构空位,structure_void,結構空位
,,,,,,,,,,,,,,,,,,,,,,,,,,,,,,,,👤🟩,青色带釉陶瓦,cyan_glazed_terracotta,青藍色釉陶 (青色釉陶),,,,🟩,糖,sugar,糖
,,,,,,,,,,,,,,,,,,,,,,,,,,,,,,,,🟨,青色潜影盒,cyan_shulker_box,青藍色界伏盒 (青色界伏盒),,,,🟩,甘蔗,sugar_cane,蔗 (甘蔗)
,,,,,,,,,,,,,,,,,,,,,,,,,,,,,,,,👤🟩,青色染色玻璃,cyan_stained_glass,青藍色染色玻璃 (青色玻璃),,,,👤🟩🌊,硫方怪桶,sulfur_cube_bucket,硫磺史萊姆桶 (硫磺立方怪桶)
,,,,,,,,,,,,,,,,,,,,,,,,,,,,,,,,👤🟩,青色染色玻璃板 [无边],cyan_stained_glass_pane_noside,青藍色染色玻璃片 (青色玻璃片) [無邊],,,,👤🟩,硫方怪刷怪蛋,sulfur_cube_spawn_egg,硫磺史萊姆生成蛋 (硫磺立方怪生怪蛋)
,,,,,,,,,,,,,,,,,,,,,,,,,,,,,,,,👤🟩,青色染色玻璃板 [无边交替],cyan_stained_glass_pane_noside_alt,青藍色染色玻璃片 (青色玻璃片) [無邊交替],,,,🟩,硫黄尖锥,sulfur_spike,硫磺尖刺 (硫磺尖錐)
,,,,,,,,,,,,,,,,,,,,,,,,,,,,,,,,👤🟩,青色染色玻璃板 [柱],cyan_stained_glass_pane_post,青藍色染色玻璃片 (青色玻璃片) [柱],,,,🟩,谜之炖菜,suspicious_stew,可疑的燉湯
,,,,,,,,,,,,,,,,,,,,,,,,,,,,,,,,👤🟩,青色染色玻璃板 [边],cyan_stained_glass_pane_side,青藍色染色玻璃片 (青色玻璃片) [邊],,,,🟩,甜浆果,sweet_berries,甜莓
,,,,,,,,,,,,,,,,,,,,,,,,,,,,,,,,👤🟩,青色染色玻璃板 [边交替],cyan_stained_glass_pane_side_alt,青藍色染色玻璃片 (青色玻璃片) [邊交替],,,,👤🟩🌊,蝌蚪桶,tadpole_bucket,蝌蚪桶
,,,,,,,,,,,,,,,,,,,,,,,,,,,,,,,,👤🟩,青色陶瓦,cyan_terracotta,青藍色陶瓦 (青色陶土),,,,👤🟩🌊,蝌蚪刷怪蛋,tadpole_spawn_egg,蝌蚪生成蛋 (蝌蚪生怪蛋)
,,,,,,,,,,,,,,,,,,,,,,,,,,,,,,,,👤🟩,青色羊毛,cyan_wool,青藍色羊毛 (青色羊毛),,,,👤🟩,锻造模板,tide_armor_trim_smithing_template,鍛造模板
,,,,,,,,,,,,,,,,,,,,,,,,,,,,,,,,👤🟩,损坏的铁砧,damaged_anvil,破損的鐵砧 (耗損的鐵砧),,,,🟩,药箭 [基部],tipped_arrow_base,藥水箭 [基部]
,,,,,,,,,,,,,,,,,,,,,,,,,,,,,,,,🟩,蒲公英,dandelion,蒲公英,,,,🟩,药箭 [头],tipped_arrow_head,藥水箭 [頭]
,,,,,,,,,,,,,,,,,,,,,,,,,,,,,,,,👤🟩,深色橡木按钮,dark_oak_button,黑橡木按鈕,,,,👤🟩,TNT矿车,tnt_minecart,TNT 礦車
,,,,,,,,,,,,,,,,,,,,,,,,,,,,,,,,👤🟩,深色橡木按钮 [物品栏],dark_oak_button_inventory,黑橡木按鈕 [物品欄],,,,🟩,火把花种子,torchflower_seeds,火炬花種子 (火把花種子)
,,,,,,,,,,,,,,,,,,,,,,,,,,,,,,,,👤🟩,深色橡木按钮 [按下],dark_oak_button_pressed,黑橡木按鈕 [按下],,,,🟩,不死图腾,totem_of_undying,不死圖騰
,,,,,,,,,,,,,,,,,,,,,,,,,,,,,,,,👤🟩,深色橡木门 [底部左],dark_oak_door_bottom_left,黑橡木門 [底部左],,,,👤🟩,行商羊驼刷怪蛋,trader_llama_spawn_egg,商隊羊駝生成蛋 (商駝生怪蛋)
,,,,,,,,,,,,,,,,,,,,,,,,,,,,,,,,👤🟩,深色橡木门 [底部左打开],dark_oak_door_bottom_left_open,黑橡木門 [底部左打開],,,,👤🟩,试炼钥匙,trial_key,試煉鎖匙 (試煉鑰匙)
,,,,,,,,,,,,,,,,,,,,,,,,,,,,,,,,👤🟩,深色橡木门 [底部右],dark_oak_door_bottom_right,黑橡木門 [底部右],,,,👤🟩🌊,三叉戟,trident,三叉戟
,,,,,,,,,,,,,,,,,,,,,,,,,,,,,,,,👤🟩,深色橡木门 [底部右打开],dark_oak_door_bottom_right_open,黑橡木門 [底部右打開],,,,🟩🌊,热带鱼,tropical_fish,熱帶魚
,,,,,,,,,,,,,,,,,,,,,,,,,,,,,,,,👤🟩,深色橡木门 [顶部左],dark_oak_door_top_left,黑橡木門 [頂部左],,,,👤🟩🌊,热带鱼桶,tropical_fish_bucket,熱帶魚桶
,,,,,,,,,,,,,,,,,,,,,,,,,,,,,,,,👤🟩,深色橡木门 [顶部左打开],dark_oak_door_top_left_open,黑橡木門 [頂部左打開],,,,👤🟩🌊,热带鱼刷怪蛋,tropical_fish_spawn_egg,熱帶魚生成蛋 (熱帶魚生怪蛋)
,,,,,,,,,,,,,,,,,,,,,,,,,,,,,,,,👤🟩,深色橡木门 [顶部右],dark_oak_door_top_right,黑橡木門 [頂部右],,,,🟩🌊,海龟蛋,turtle_egg,海龜蛋
,,,,,,,,,,,,,,,,,,,,,,,,,,,,,,,,👤🟩,深色橡木门 [顶部右打开],dark_oak_door_top_right_open,黑橡木門 [頂部右打開],,,,👤🟩🌊,海龟壳,turtle_helmet,海龜殼
,,,,,,,,,,,,,,,,,,,,,,,,,,,,,,,,👤🟩,深色橡木栅栏门,dark_oak_fence_gate,黑橡木閘門 (黑橡木柵欄門),,,,🟩🌊,海龟鳞甲,turtle_scute,海龜鱗甲
,,,,,,,,,,,,,,,,,,,,,,,,,,,,,,,,👤🟩,深色橡木栅栏门 [打开],dark_oak_fence_gate_open,黑橡木閘門 (黑橡木柵欄門) [打開],,,,👤🟩🌊,海龟刷怪蛋,turtle_spawn_egg,海龜生成蛋 (海龜生怪蛋)
,,,,,,,,,,,,,,,,,,,,,,,,,,,,,,,,👤🟩,深色橡木栅栏门 [墙上],dark_oak_fence_gate_wall,黑橡木閘門 (黑橡木柵欄門) [牆上],,,,👤🟩,锻造模板,vex_armor_trim_smithing_template,鍛造模板
,,,,,,,,,,,,,,,,,,,,,,,,,,,,,,,,👤🟩,深色橡木栅栏门 [墙上打开],dark_oak_fence_gate_wall_open,黑橡木閘門 (黑橡木柵欄門) [牆上打開],,,,👤🟩,恼鬼刷怪蛋,vex_spawn_egg,惱鬼生成蛋 (惱鬼生怪蛋)
,,,,,,,,,,,,,,,,,,,,,,,,,,,,,,,,👤🟩,深色橡木栅栏 [物品栏],dark_oak_fence_inventory,黑橡木欄杆 (黑橡木柵欄) [物品欄],,,,👤🟩,村民刷怪蛋,villager_spawn_egg,村民生成蛋 (村民生怪蛋)
,,,,,,,,,,,,,,,,,,,,,,,,,,,,,,,,👤🟩,深色橡木栅栏 [柱],dark_oak_fence_post,黑橡木欄杆 (黑橡木柵欄) [柱],,,,👤🟩,卫道士刷怪蛋,vindicator_spawn_egg,衞道士生成蛋 (衛道士生怪蛋)
,,,,,,,,,,,,,,,,,,,,,,,,,,,,,,,,👤🟩,深色橡木栅栏 [边],dark_oak_fence_side,黑橡木欄杆 (黑橡木柵欄) [邊],,,,👤🟩,流浪商人刷怪蛋,wandering_trader_spawn_egg,流浪商人生成蛋 (流浪商人生怪蛋)
,,,,,,,,,,,,,,,,,,,,,,,,,,,,,,,,👤🟩,悬挂式深色橡木告示牌 [附着旋转0],dark_oak_hanging_sign_attached_rot_0,黑橡木吊牌 (懸掛式黑橡木告示牌) [附著旋轉0],,,,👤🟩,锻造模板,ward_armor_trim_smithing_template,鍛造模板
,,,,,,,,,,,,,,,,,,,,,,,,,,,,,,,,👤🟩,悬挂式深色橡木告示牌 [附着旋转1],dark_oak_hanging_sign_attached_rot_1,黑橡木吊牌 (懸掛式黑橡木告示牌) [附著旋轉1],,,,👤🟩,监守者刷怪蛋,warden_spawn_egg,沉靈守衞生成蛋 (伏守者生怪蛋)
,,,,,,,,,,,,,,,,,,,,,,,,,,,,,,,,👤🟩,悬挂式深色橡木告示牌 [附着旋转2],dark_oak_hanging_sign_attached_rot_2,黑橡木吊牌 (懸掛式黑橡木告示牌) [附著旋轉2],,,,👤🟥,诡异木门,warped_door,迷離菌木門 (扭曲蕈木門)
,,,,,,,,,,,,,,,,,,,,,,,,,,,,,,,,👤🟩,悬挂式深色橡木告示牌 [附着旋转3],dark_oak_hanging_sign_attached_rot_3,黑橡木吊牌 (懸掛式黑橡木告示牌) [附著旋轉3],,,,🟥,诡异菌钓竿,warped_fungus_on_a_stick,迷離菌菇魚竿 (扭曲蕈菇釣竿)
,,,,,,,,,,,,,,,,,,,,,,,,,,,,,,,,👤🟩,悬挂式深色橡木告示牌 [旋转0],dark_oak_hanging_sign_rot_0,黑橡木吊牌 (懸掛式黑橡木告示牌) [旋轉0],,,,👤🟥,悬挂式诡异木告示牌,warped_hanging_sign,迷離菌木吊牌 (懸掛式扭曲蕈木告示牌)
,,,,,,,,,,,,,,,,,,,,,,,,,,,,,,,,👤🟩,悬挂式深色橡木告示牌 [旋转1],dark_oak_hanging_sign_rot_1,黑橡木吊牌 (懸掛式黑橡木告示牌) [旋轉1],,,,👤🟥,诡异木告示牌,warped_sign,迷離菌木指示牌 (扭曲蕈木告示牌)
,,,,,,,,,,,,,,,,,,,,,,,,,,,,,,,,👤🟩,悬挂式深色橡木告示牌 [旋转2],dark_oak_hanging_sign_rot_2,黑橡木吊牌 (懸掛式黑橡木告示牌) [旋轉2],,,,👤🟩🌊,水桶,water_bucket,水桶
,,,,,,,,,,,,,,,,,,,,,,,,,,,,,,,,👤🟩,悬挂式深色橡木告示牌 [旋转3],dark_oak_hanging_sign_rot_3,黑橡木吊牌 (懸掛式黑橡木告示牌) [旋轉3],,,,👤🟩,锻造模板,wayfinder_armor_trim_smithing_template,鍛造模板
,,,,,,,,,,,,,,,,,,,,,,,,,,,,,,,,🟩,深色橡树树叶,dark_oak_leaves,黑橡木樹葉,,,,👤🟩,锈蚀的铜链,weathered_copper_chain,生鏽的銅鏈 (風化的銅鏈)
,,,,,,,,,,,,,,,,,,,,,,,,,,,,,,,,🟩,深色橡木原木,dark_oak_log,黑橡木原木,,,,👤🟩,锈蚀的铜门,weathered_copper_door,生鏽的銅門 (風化的銅門)
,,,,,,,,,,,,,,,,,,,,,,,,,,,,,,,,🟩,深色橡木原木 [水平],dark_oak_log_horizontal,黑橡木原木 [水平],,,,👤🟩💡,锈蚀的铜灯笼,weathered_copper_lantern,生鏽的銅燈籠 (風化的銅燈籠)
,,,,,,,,,,,,,,,,,,,,,,,,,,,,,,,,👤🟩,深色橡木木板,dark_oak_planks,黑橡木板 (黑橡木材),,,,🟩,小麦,wheat,小麥
,,,,,,,,,,,,,,,,,,,,,,,,,,,,,,,,👤🟩,深色橡木压力板,dark_oak_pressure_plate,黑橡木壓力板,,,,🟩,小麦种子,wheat_seeds,小麥種子
,,,,,,,,,,,,,,,,,,,,,,,,,,,,,,,,👤🟩,深色橡木压力板 [按下],dark_oak_pressure_plate_down,黑橡木壓力板 [按下],,,,👤🟩,白色收纳袋,white_bundle,白色收納袋 (白色束口袋)
,,,,,,,,,,,,,,,,,,,,,,,,,,,,,,,,🟩,深色橡树树苗,dark_oak_sapling,黑橡木樹苗,,,,👤🟩,白色收纳袋 [打开背面],white_bundle_open_back,白色收納袋 (白色束口袋) [打開背面]
,,,,,,,,,,,,,,,,,,,,,,,,,,,,,,,,👤🟩,深色橡木展示架,dark_oak_shelf,黑橡木置物架 (黑橡木展示架),,,,👤🟩,白色收纳袋 [打开正面],white_bundle_open_front,白色收納袋 (白色束口袋) [打開正面]
,,,,,,,,,,,,,,,,,,,,,,,,,,,,,,,,👤🟩,深色橡木展示架 [中],dark_oak_shelf_center,黑橡木置物架 (黑橡木展示架) [中],,,,👤🟩💡,白色蜡烛,white_candle,白色蠟燭
,,,,,,,,,,,,,,,,,,,,,,,,,,,,,,,,👤🟩,深色橡木展示架 [物品栏],dark_oak_shelf_inventory,黑橡木置物架 (黑橡木展示架) [物品欄],,,,👤🟩,白色染料,white_dye,白色染料
,,,,,,,,,,,,,,,,,,,,,,,,,,,,,,,,👤🟩,深色橡木展示架 [左],dark_oak_shelf_left,黑橡木置物架 (黑橡木展示架) [左],,,,👤🟩,白色挽具,white_harness,白色牽引器具 (白色帽鞍)
,,,,,,,,,,,,,,,,,,,,,,,,,,,,,,,,👤🟩,深色橡木展示架 [右],dark_oak_shelf_right,黑橡木置物架 (黑橡木展示架) [右],,,,👤🟩,锻造模板,wild_armor_trim_smithing_template,鍛造模板
,,,,,,,,,,,,,,,,,,,,,,,,,,,,,,,,👤🟩,深色橡木展示架 [未连接],dark_oak_shelf_unconnected,黑橡木置物架 (黑橡木展示架) [未連接],,,,🟩,野花簇,wildflowers,野花簇
,,,,,,,,,,,,,,,,,,,,,,,,,,,,,,,,👤🟩,深色橡木展示架 [未充能],dark_oak_shelf_unpowered,黑橡木置物架 (黑橡木展示架) [未充能],,,,👤🟩,风弹,wind_charge,風彈
,,,,,,,,,,,,,,,,,,,,,,,,,,,,,,,,👤🟩,深色橡木告示牌 [旋转0],dark_oak_sign_rot_0,黑橡木指示牌 (黑橡木告示牌) [旋轉0],,,,👤🟩,女巫刷怪蛋,witch_spawn_egg,女巫生成蛋 (女巫生怪蛋)
,,,,,,,,,,,,,,,,,,,,,,,,,,,,,,,,👤🟩,深色橡木告示牌 [旋转1],dark_oak_sign_rot_1,黑橡木指示牌 (黑橡木告示牌) [旋轉1],,,,👤🟥,凋灵骷髅刷怪蛋,wither_skeleton_spawn_egg,凋零骷髏骨生成蛋 (凋零骷髏生怪蛋)
,,,,,,,,,,,,,,,,,,,,,,,,,,,,,,,,👤🟩,深色橡木告示牌 [旋转2],dark_oak_sign_rot_2,黑橡木指示牌 (黑橡木告示牌) [旋轉2],,,,👤🟥,凋灵刷怪蛋,wither_spawn_egg,凋零怪生成蛋 (凋零怪生怪蛋)
,,,,,,,,,,,,,,,,,,,,,,,,,,,,,,,,👤🟩,深色橡木告示牌 [旋转3],dark_oak_sign_rot_3,黑橡木指示牌 (黑橡木告示牌) [旋轉3],,,,👤🟩,狼铠,wolf_armor,狼甲 (狼鎧)
,,,,,,,,,,,,,,,,,,,,,,,,,,,,,,,,👤🟩,深色橡木台阶,dark_oak_slab,黑橡木半磚,,,,👤🟩,狼铠 [叠加],wolf_armor_overlay,狼甲 (狼鎧) [疊加]
,,,,,,,,,,,,,,,,,,,,,,,,,,,,,,,,👤🟩,深色橡木台阶 [顶部],dark_oak_slab_top,黑橡木半磚 [頂部],,,,👤🟩,狼刷怪蛋,wolf_spawn_egg,狼生成蛋 (狼生怪蛋)
,,,,,,,,,,,,,,,,,,,,,,,,,,,,,,,,👤🟩,深色橡木楼梯,dark_oak_stairs,黑橡木樓梯 (黑橡木階梯),,,,👤🟩,木斧,wooden_axe,木斧頭 (木斧)
,,,,,,,,,,,,,,,,,,,,,,,,,,,,,,,,👤🟩,深色橡木楼梯 [内角],dark_oak_stairs_inner,黑橡木樓梯 (黑橡木階梯) [內角],,,,👤🟩,木锄,wooden_hoe,木鋤頭 (木鋤)
,,,,,,,,,,,,,,,,,,,,,,,,,,,,,,,,👤🟩,深色橡木楼梯 [外角],dark_oak_stairs_outer,黑橡木樓梯 (黑橡木階梯) [外角],,,,👤🟩,木镐,wooden_pickaxe,木鎬
,,,,,,,,,,,,,,,,,,,,,,,,,,,,,,,,👤🟩,深色橡木活板门 [底部],dark_oak_trapdoor_bottom,黑橡木地板門 [底部],,,,👤🟩,木锹,wooden_shovel,木鏟
,,,,,,,,,,,,,,,,,,,,,,,,,,,,,,,,👤🟩,深色橡木活板门 [打开],dark_oak_trapdoor_open,黑橡木地板門 [打開],,,,👤🟩,木矛,wooden_spear,木矛
,,,,,,,,,,,,,,,,,,,,,,,,,,,,,,,,👤🟩,深色橡木活板门 [顶部],dark_oak_trapdoor_top,黑橡木地板門 [頂部],,,,👤🟩,木矛 [手持],wooden_spear_in_hand,木矛 [手持]
,,,,,,,,,,,,,,,,,,,,,,,,,,,,,,,,👤🟩,墙上的悬挂式深色橡木告示牌,dark_oak_wall_hanging_sign,牆上的黑橡木吊牌 (牆上的懸掛式黑橡木告示牌),,,,👤🟩,木剑,wooden_sword,木劍
,,,,,,,,,,,,,,,,,,,,,,,,,,,,,,,,👤🟩,墙上的深色橡木告示牌,dark_oak_wall_sign,牆上的黑橡木指示牌 (牆上的黑橡木告示牌),,,,👤🟩,书与笔,writable_book,書與羽毛筆 (書和羽毛筆)
,,,,,,,,,,,,,,,,,,,,,,,,,,,,,,,,🟩,深色橡木,dark_oak_wood,黑橡木 (黑橡木塊),,,,👤🟩,成书,written_book,寫好的書 (完成的書)
,,,,,,,,,,,,,,,,,,,,,,,,,,,,,,,,🟩🌊,暗海晶石,dark_prismarine,暗海磷石,,,,👤🟩,黄色收纳袋,yellow_bundle,黃色收納袋 (黃色束口袋)
,,,,,,,,,,,,,,,,,,,,,,,,,,,,,,,,👤🟩🌊,暗海晶石台阶,dark_prismarine_slab,暗海磷石半磚,,,,👤🟩,黄色收纳袋 [打开背面],yellow_bundle_open_back,黃色收納袋 (黃色束口袋) [打開背面]
,,,,,,,,,,,,,,,,,,,,,,,,,,,,,,,,👤🟩🌊,暗海晶石台阶 [顶部],dark_prismarine_slab_top,暗海磷石半磚 [頂部],,,,👤🟩,黄色收纳袋 [打开正面],yellow_bundle_open_front,黃色收納袋 (黃色束口袋) [打開正面]
,,,,,,,,,,,,,,,,,,,,,,,,,,,,,,,,👤🟩🌊,暗海晶石楼梯,dark_prismarine_stairs,暗海磷石樓梯 (暗海磷石階梯),,,,👤🟩💡,黄色蜡烛,yellow_candle,黃色蠟燭
,,,,,,,,,,,,,,,,,,,,,,,,,,,,,,,,👤🟩🌊,暗海晶石楼梯 [内角],dark_prismarine_stairs_inner,暗海磷石樓梯 (暗海磷石階梯) [內角],,,,👤🟩,黄色染料,yellow_dye,黃色染料
,,,,,,,,,,,,,,,,,,,,,,,,,,,,,,,,👤🟩🌊,暗海晶石楼梯 [外角],dark_prismarine_stairs_outer,暗海磷石樓梯 (暗海磷石階梯) [外角],,,,👤🟩,黄色挽具,yellow_harness,黃色牽引器具 (黃色帽鞍)
,,,,,,,,,,,,,,,,,,,,,,,,,,,,,,,,👤🟩💡,阳光探测器,daylight_detector,日光感測器,,,,👤🟥,僵尸疣猪兽刷怪蛋,zoglin_spawn_egg,豬屍獸生成蛋 (豬屍獸生怪蛋)
,,,,,,,,,,,,,,,,,,,,,,,,,,,,,,,,👤🟩💡,阳光探测器 [反向],daylight_detector_inverted,日光感測器 [反向],,,,👤🟩,僵尸马刷怪蛋,zombie_horse_spawn_egg,喪屍馬生成蛋 (殭屍馬生怪蛋)
,,,,,,,,,,,,,,,,,,,,,,,,,,,,,,,,🟩🌊,失活的脑纹珊瑚,dead_brain_coral,死亡腦珊瑚 (死亡的腦珊瑚),,,,👤🟩🌊,僵尸鹦鹉螺刷怪蛋,zombie_nautilus_spawn_egg,喪屍鸚鵡螺生成蛋 (殭屍鸚鵡螺生怪蛋)
,,,,,,,,,,,,,,,,,,,,,,,,,,,,,,,,🟩🌊,失活的脑纹珊瑚块,dead_brain_coral_block,死亡腦珊瑚方塊 (死亡的腦珊瑚方塊),,,,👤🟩,僵尸刷怪蛋,zombie_spawn_egg,喪屍生成蛋 (殭屍生怪蛋)
,,,,,,,,,,,,,,,,,,,,,,,,,,,,,,,,🟩🌊,失活的脑纹珊瑚扇,dead_brain_coral_fan,死亡扇狀腦珊瑚 (死亡的扇狀腦珊瑚),,,,👤🟩,僵尸村民刷怪蛋,zombie_villager_spawn_egg,喪屍村民生成蛋 (殭屍村民生怪蛋)
,,,,,,,,,,,,,,,,,,,,,,,,,,,,,,,,👤🟩🌊,墙上的失活脑纹珊瑚扇,dead_brain_coral_wall_fan,牆上的死亡扇狀腦珊瑚 (牆上死亡的扇狀腦珊瑚),,,,👤🟥,僵尸猪灵刷怪蛋,zombified_piglin_spawn_egg,喪屍豬人生成蛋 (殭屍化豬布林生怪蛋)
,,,,,,,,,,,,,,,,,,,,,,,,,,,,,,,,🟩🌊,失活的气泡珊瑚,dead_bubble_coral,死亡氣泡珊瑚 (死亡的氣泡珊瑚),,,,,,,
,,,,,,,,,,,,,,,,,,,,,,,,,,,,,,,,🟩🌊,失活的气泡珊瑚块,dead_bubble_coral_block,死亡氣泡珊瑚方塊 (死亡的氣泡珊瑚方塊),,,,,,,
,,,,,,,,,,,,,,,,,,,,,,,,,,,,,,,,🟩🌊,失活的气泡珊瑚扇,dead_bubble_coral_fan,死亡扇狀氣泡珊瑚 (死亡的扇狀氣泡珊瑚),,,,,,,
,,,,,,,,,,,,,,,,,,,,,,,,,,,,,,,,👤🟩🌊,墙上的失活气泡珊瑚扇,dead_bubble_coral_wall_fan,牆上的死亡扇狀氣泡珊瑚 (牆上死亡的扇狀氣泡珊瑚),,,,,,,
,,,,,,,,,,,,,,,,,,,,,,,,,,,,,,,,🟩,枯萎的灌木,dead_bush,死灌木 (枯灌木),,,,,,,
,,,,,,,,,,,,,,,,,,,,,,,,,,,,,,,,🟩🌊,失活的火珊瑚,dead_fire_coral,死亡火珊瑚 (死亡的火珊瑚),,,,,,,
,,,,,,,,,,,,,,,,,,,,,,,,,,,,,,,,🟩🌊,失活的火珊瑚块,dead_fire_coral_block,死亡火珊瑚方塊 (死亡的火珊瑚方塊),,,,,,,
,,,,,,,,,,,,,,,,,,,,,,,,,,,,,,,,🟩🌊,失活的火珊瑚扇,dead_fire_coral_fan,死亡扇狀火珊瑚 (死亡的扇狀火珊瑚),,,,,,,
,,,,,,,,,,,,,,,,,,,,,,,,,,,,,,,,👤🟩🌊,墙上的失活火珊瑚扇,dead_fire_coral_wall_fan,牆上的死亡扇狀火珊瑚 (牆上死亡的扇狀火珊瑚),,,,,,,
,,,,,,,,,,,,,,,,,,,,,,,,,,,,,,,,🟩🌊,失活的鹿角珊瑚,dead_horn_coral,死亡角珊瑚 (死亡的角珊瑚),,,,,,,
,,,,,,,,,,,,,,,,,,,,,,,,,,,,,,,,🟩🌊,失活的鹿角珊瑚块,dead_horn_coral_block,死亡角珊瑚方塊 (死亡的角珊瑚方塊),,,,,,,
,,,,,,,,,,,,,,,,,,,,,,,,,,,,,,,,🟩🌊,失活的鹿角珊瑚扇,dead_horn_coral_fan,死亡扇狀角珊瑚 (死亡的扇狀角珊瑚),,,,,,,
,,,,,,,,,,,,,,,,,,,,,,,,,,,,,,,,👤🟩🌊,墙上的失活鹿角珊瑚扇,dead_horn_coral_wall_fan,牆上的死亡扇狀角珊瑚 (牆上死亡的扇狀角珊瑚),,,,,,,
,,,,,,,,,,,,,,,,,,,,,,,,,,,,,,,,🟩🌊,失活海泡菜,dead_sea_pickle,失活海鞘,,,,,,,
,,,,,,,,,,,,,,,,,,,,,,,,,,,,,,,,🟩🌊,失活的管珊瑚,dead_tube_coral,死亡管珊瑚 (死亡的管珊瑚),,,,,,,
,,,,,,,,,,,,,,,,,,,,,,,,,,,,,,,,🟩🌊,失活的管珊瑚块,dead_tube_coral_block,死亡管珊瑚方塊 (死亡的管珊瑚方塊),,,,,,,
,,,,,,,,,,,,,,,,,,,,,,,,,,,,,,,,🟩🌊,失活的管珊瑚扇,dead_tube_coral_fan,死亡扇狀管珊瑚 (死亡的扇狀管珊瑚),,,,,,,
,,,,,,,,,,,,,,,,,,,,,,,,,,,,,,,,👤🟩🌊,墙上的失活管珊瑚扇,dead_tube_coral_wall_fan,牆上的死亡扇狀管珊瑚 (牆上死亡的扇狀管珊瑚),,,,,,,
,,,,,,,,,,,,,,,,,,,,,,,,,,,,,,,,👤🟩,饰纹陶罐,decorated_pot,裝飾陶罐 (飾紋陶罐),,,,,,,
,,,,,,,,,,,,,,,,,,,,,,,,,,,,,,,,🟩,深板岩,deepslate,深板巖 (深板岩),,,,,,,
,,,,,,,,,,,,,,,,,,,,,,,,,,,,,,,,👤🟩,深板岩砖台阶,deepslate_brick_slab,深板巖磚半磚 (深板岩磚半磚),,,,,,,
,,,,,,,,,,,,,,,,,,,,,,,,,,,,,,,,👤🟩,深板岩砖台阶 [顶部],deepslate_brick_slab_top,深板巖磚半磚 (深板岩磚半磚) [頂部],,,,,,,
,,,,,,,,,,,,,,,,,,,,,,,,,,,,,,,,👤🟩,深板岩砖楼梯,deepslate_brick_stairs,深板巖磚樓梯 (深板岩磚階梯),,,,,,,
,,,,,,,,,,,,,,,,,,,,,,,,,,,,,,,,👤🟩,深板岩砖楼梯 [内角],deepslate_brick_stairs_inner,深板巖磚樓梯 (深板岩磚階梯) [內角],,,,,,,
,,,,,,,,,,,,,,,,,,,,,,,,,,,,,,,,👤🟩,深板岩砖楼梯 [外角],deepslate_brick_stairs_outer,深板巖磚樓梯 (深板岩磚階梯) [外角],,,,,,,
,,,,,,,,,,,,,,,,,,,,,,,,,,,,,,,,👤🟩,深板岩砖墙 [物品栏],deepslate_brick_wall_inventory,深板巖磚牆 (深板岩磚牆) [物品欄],,,,,,,
,,,,,,,,,,,,,,,,,,,,,,,,,,,,,,,,👤🟩,深板岩砖墙 [柱],deepslate_brick_wall_post,深板巖磚牆 (深板岩磚牆) [柱],,,,,,,
,,,,,,,,,,,,,,,,,,,,,,,,,,,,,,,,👤🟩,深板岩砖墙 [边],deepslate_brick_wall_side,深板巖磚牆 (深板岩磚牆) [邊],,,,,,,
,,,,,,,,,,,,,,,,,,,,,,,,,,,,,,,,👤🟩,深板岩砖墙 [边高],deepslate_brick_wall_side_tall,深板巖磚牆 (深板岩磚牆) [邊高],,,,,,,
,,,,,,,,,,,,,,,,,,,,,,,,,,,,,,,,👤🟩,深板岩砖,deepslate_bricks,深板巖磚 (深板岩磚),,,,,,,
,,,,,,,,,,,,,,,,,,,,,,,,,,,,,,,,🟩,深层煤矿石,deepslate_coal_ore,深層煤礦 (深板岩煤礦),,,,,,,
,,,,,,,,,,,,,,,,,,,,,,,,,,,,,,,,👤🟩,深层铜矿石,deepslate_copper_ore,深層銅礦 (深板岩銅礦),,,,,,,
,,,,,,,,,,,,,,,,,,,,,,,,,,,,,,,,🟩,深层钻石矿石,deepslate_diamond_ore,深層鑽石礦 (深板岩鑽石礦),,,,,,,
,,,,,,,,,,,,,,,,,,,,,,,,,,,,,,,,🟩,深层绿宝石矿石,deepslate_emerald_ore,深層綠寶石礦 (深板岩綠寶石礦),,,,,,,
,,,,,,,,,,,,,,,,,,,,,,,,,,,,,,,,🟩,深层金矿石,deepslate_gold_ore,深層金礦 (深板岩金礦),,,,,,,
,,,,,,,,,,,,,,,,,,,,,,,,,,,,,,,,🟩,深层铁矿石,deepslate_iron_ore,深層鐵礦 (深板岩鐵礦),,,,,,,
,,,,,,,,,,,,,,,,,,,,,,,,,,,,,,,,🟩,深层青金石矿石,deepslate_lapis_ore,深層青金石礦 (深板岩青金石礦),,,,,,,
,,,,,,,,,,,,,,,,,,,,,,,,,,,,,,,,🟩,深板岩 [镜像],deepslate_mirrored,深板巖 (深板岩) [鏡像],,,,,,,
,,,,,,,,,,,,,,,,,,,,,,,,,,,,,,,,👤🟩,深层红石矿石,deepslate_redstone_ore,深層紅石礦 (深板岩紅石礦),,,,,,,
,,,,,,,,,,,,,,,,,,,,,,,,,,,,,,,,👤🟩,深板岩瓦台阶,deepslate_tile_slab,深板巖瓦半磚 (深板岩磚瓦半磚),,,,,,,
,,,,,,,,,,,,,,,,,,,,,,,,,,,,,,,,👤🟩,深板岩瓦台阶 [顶部],deepslate_tile_slab_top,深板巖瓦半磚 (深板岩磚瓦半磚) [頂部],,,,,,,
,,,,,,,,,,,,,,,,,,,,,,,,,,,,,,,,👤🟩,深板岩瓦楼梯,deepslate_tile_stairs,深板巖瓦樓梯 (深板岩磚瓦階梯),,,,,,,
,,,,,,,,,,,,,,,,,,,,,,,,,,,,,,,,👤🟩,深板岩瓦楼梯 [内角],deepslate_tile_stairs_inner,深板巖瓦樓梯 (深板岩磚瓦階梯) [內角],,,,,,,
,,,,,,,,,,,,,,,,,,,,,,,,,,,,,,,,👤🟩,深板岩瓦楼梯 [外角],deepslate_tile_stairs_outer,深板巖瓦樓梯 (深板岩磚瓦階梯) [外角],,,,,,,
,,,,,,,,,,,,,,,,,,,,,,,,,,,,,,,,👤🟩,深板岩瓦墙 [物品栏],deepslate_tile_wall_inventory,深板巖瓦牆 (深板岩磚瓦牆) [物品欄],,,,,,,
,,,,,,,,,,,,,,,,,,,,,,,,,,,,,,,,👤🟩,深板岩瓦墙 [柱],deepslate_tile_wall_post,深板巖瓦牆 (深板岩磚瓦牆) [柱],,,,,,,
,,,,,,,,,,,,,,,,,,,,,,,,,,,,,,,,👤🟩,深板岩瓦墙 [边],deepslate_tile_wall_side,深板巖瓦牆 (深板岩磚瓦牆) [邊],,,,,,,
,,,,,,,,,,,,,,,,,,,,,,,,,,,,,,,,👤🟩,深板岩瓦墙 [边高],deepslate_tile_wall_side_tall,深板巖瓦牆 (深板岩磚瓦牆) [邊高],,,,,,,
,,,,,,,,,,,,,,,,,,,,,,,,,,,,,,,,👤🟩,深板岩瓦,deepslate_tiles,深板巖瓦 (深板岩磚瓦),,,,,,,
,,,,,,,,,,,,,,,,,,,,,,,,,,,,,,,,👤🟩,探测铁轨,detector_rail,感壓路軌 (感測鐵軌),,,,,,,
,,,,,,,,,,,,,,,,,,,,,,,,,,,,,,,,👤🟩,探测铁轨 [开启],detector_rail_on,感壓路軌 (感測鐵軌) [開啟],,,,,,,
,,,,,,,,,,,,,,,,,,,,,,,,,,,,,,,,👤🟩,探测铁轨 [开启东北抬高],detector_rail_on_raised_ne,感壓路軌 (感測鐵軌) [開啟東北抬高],,,,,,,
,,,,,,,,,,,,,,,,,,,,,,,,,,,,,,,,👤🟩,探测铁轨 [开启西南抬高],detector_rail_on_raised_sw,感壓路軌 (感測鐵軌) [開啟西南抬高],,,,,,,
,,,,,,,,,,,,,,,,,,,,,,,,,,,,,,,,👤🟩,探测铁轨 [东北抬高],detector_rail_raised_ne,感壓路軌 (感測鐵軌) [東北抬高],,,,,,,
,,,,,,,,,,,,,,,,,,,,,,,,,,,,,,,,👤🟩,探测铁轨 [西南抬高],detector_rail_raised_sw,感壓路軌 (感測鐵軌) [西南抬高],,,,,,,
,,,,,,,,,,,,,,,,,,,,,,,,,,,,,,,,👤🟩,钻石块,diamond_block,鑽石磚 (鑽石方塊),,,,,,,
,,,,,,,,,,,,,,,,,,,,,,,,,,,,,,,,🟩,钻石矿石,diamond_ore,鑽石礦,,,,,,,
,,,,,,,,,,,,,,,,,,,,,,,,,,,,,,,,🟩,闪长岩,diorite,閃長巖 (閃長岩),,,,,,,
,,,,,,,,,,,,,,,,,,,,,,,,,,,,,,,,👤🟩,闪长岩台阶,diorite_slab,閃長巖半磚 (閃長岩半磚),,,,,,,
,,,,,,,,,,,,,,,,,,,,,,,,,,,,,,,,👤🟩,闪长岩台阶 [顶部],diorite_slab_top,閃長巖半磚 (閃長岩半磚) [頂部],,,,,,,
,,,,,,,,,,,,,,,,,,,,,,,,,,,,,,,,👤🟩,闪长岩楼梯,diorite_stairs,閃長巖樓梯 (閃長岩階梯),,,,,,,
,,,,,,,,,,,,,,,,,,,,,,,,,,,,,,,,👤🟩,闪长岩楼梯 [内角],diorite_stairs_inner,閃長巖樓梯 (閃長岩階梯) [內角],,,,,,,
,,,,,,,,,,,,,,,,,,,,,,,,,,,,,,,,👤🟩,闪长岩楼梯 [外角],diorite_stairs_outer,閃長巖樓梯 (閃長岩階梯) [外角],,,,,,,
,,,,,,,,,,,,,,,,,,,,,,,,,,,,,,,,👤🟩,闪长岩墙 [物品栏],diorite_wall_inventory,閃長巖牆 (閃長岩牆) [物品欄],,,,,,,
,,,,,,,,,,,,,,,,,,,,,,,,,,,,,,,,👤🟩,闪长岩墙 [柱],diorite_wall_post,閃長巖牆 (閃長岩牆) [柱],,,,,,,
,,,,,,,,,,,,,,,,,,,,,,,,,,,,,,,,👤🟩,闪长岩墙 [边],diorite_wall_side,閃長巖牆 (閃長岩牆) [邊],,,,,,,
,,,,,,,,,,,,,,,,,,,,,,,,,,,,,,,,👤🟩,闪长岩墙 [边高],diorite_wall_side_tall,閃長巖牆 (閃長岩牆) [邊高],,,,,,,
,,,,,,,,,,,,,,,,,,,,,,,,,,,,,,,,🟩,泥土,dirt,泥土,,,,,,,
,,,,,,,,,,,,,,,,,,,,,,,,,,,,,,,,🟩,土径,dirt_path,泥徑 (土徑),,,,,,,
,,,,,,,,,,,,,,,,,,,,,,,,,,,,,,,,👤🟩,发射器,dispenser,發射器,,,,,,,
,,,,,,,,,,,,,,,,,,,,,,,,,,,,,,,,👤🟩,发射器 [竖直],dispenser_vertical,發射器 [豎直],,,,,,,
,,,,,,,,,,,,,,,,,,,,,,,,,,,,,,,,👤🟩,门（父模型） [底部左],door_bottom_left,門（父模型） [底部左],,,,,,,
,,,,,,,,,,,,,,,,,,,,,,,,,,,,,,,,👤🟩,门（父模型） [底部左打开],door_bottom_left_open,門（父模型） [底部左打開],,,,,,,
,,,,,,,,,,,,,,,,,,,,,,,,,,,,,,,,👤🟩,门（父模型） [底部右],door_bottom_right,門（父模型） [底部右],,,,,,,
,,,,,,,,,,,,,,,,,,,,,,,,,,,,,,,,👤🟩,门（父模型） [底部右打开],door_bottom_right_open,門（父模型） [底部右打開],,,,,,,
,,,,,,,,,,,,,,,,,,,,,,,,,,,,,,,,👤🟩,门（父模型） [顶部左],door_top_left,門（父模型） [頂部左],,,,,,,
,,,,,,,,,,,,,,,,,,,,,,,,,,,,,,,,👤🟩,门（父模型） [顶部左打开],door_top_left_open,門（父模型） [頂部左打開],,,,,,,
,,,,,,,,,,,,,,,,,,,,,,,,,,,,,,,,👤🟩,门（父模型） [顶部右],door_top_right,門（父模型） [頂部右],,,,,,,
,,,,,,,,,,,,,,,,,,,,,,,,,,,,,,,,👤🟩,门（父模型） [顶部右打开],door_top_right_open,門（父模型） [頂部右打開],,,,,,,
,,,,,,,,,,,,,,,,,,,,,,,,,,,,,,,,🟨,龙蛋,dragon_egg,龍蛋,,,,,,,
,,,,,,,,,,,,,,,,,,,,,,,,,,,,,,,,🟥,失水恶魂,dried_ghast,脱水幽靈 (乾癟幽靈),,,,,,,
,,,,,,,,,,,,,,,,,,,,,,,,,,,,,,,,🟥,失水恶魂 [含水0],dried_ghast_hydration_0,脱水幽靈 (乾癟幽靈) [含水0],,,,,,,
,,,,,,,,,,,,,,,,,,,,,,,,,,,,,,,,🟥,失水恶魂 [含水1],dried_ghast_hydration_1,脱水幽靈 (乾癟幽靈) [含水1],,,,,,,
,,,,,,,,,,,,,,,,,,,,,,,,,,,,,,,,🟥,失水恶魂 [含水2],dried_ghast_hydration_2,脱水幽靈 (乾癟幽靈) [含水2],,,,,,,
,,,,,,,,,,,,,,,,,,,,,,,,,,,,,,,,🟥,失水恶魂 [含水3],dried_ghast_hydration_3,脱水幽靈 (乾癟幽靈) [含水3],,,,,,,
,,,,,,,,,,,,,,,,,,,,,,,,,,,,,,,,🟩🌊,干海带块,dried_kelp_block,乾海帶捆 (海帶乾塊),,,,,,,
,,,,,,,,,,,,,,,,,,,,,,,,,,,,,,,,🟩,滴水石块,dripstone_block,滴水石 (鐘乳石方塊),,,,,,,
,,,,,,,,,,,,,,,,,,,,,,,,,,,,,,,,👤🟩,投掷器,dropper,投擲器,,,,,,,
,,,,,,,,,,,,,,,,,,,,,,,,,,,,,,,,👤🟩,投掷器 [竖直],dropper_vertical,投擲器 [豎直],,,,,,,
,,,,,,,,,,,,,,,,,,,,,,,,,,,,,,,,🟩,绿宝石块,emerald_block,綠寶石磚 (綠寶石方塊),,,,,,,
,,,,,,,,,,,,,,,,,,,,,,,,,,,,,,,,🟩,绿宝石矿石,emerald_ore,綠寶石礦,,,,,,,
,,,,,,,,,,,,,,,,,,,,,,,,,,,,,,,,🟩,附魔台,enchanting_table,附魔台,,,,,,,
,,,,,,,,,,,,,,,,,,,,,,,,,,,,,,,,👤🟨,末地折跃门,end_gateway,終界折躍門,,,,,,,
,,,,,,,,,,,,,,,,,,,,,,,,,,,,,,,,🟨,末地传送门,end_portal,終界傳送門,,,,,,,
,,,,,,,,,,,,,,,,,,,,,,,,,,,,,,,,👤🟨,末地传送门框架,end_portal_frame,終界傳送門框 (終界傳送門框架),,,,,,,
,,,,,,,,,,,,,,,,,,,,,,,,,,,,,,,,👤🟨,末地传送门框架 [已填充],end_portal_frame_filled,終界傳送門框 (終界傳送門框架) [已填充],,,,,,,
,,,,,,,,,,,,,,,,,,,,,,,,,,,,,,,,🟨💡,末地烛,end_rod,終界燭,,,,,,,
,,,,,,,,,,,,,,,,,,,,,,,,,,,,,,,,🟨,末地石,end_stone,終界石,,,,,,,
,,,,,,,,,,,,,,,,,,,,,,,,,,,,,,,,👤🟨,末地石砖台阶,end_stone_brick_slab,終界石磚半磚,,,,,,,
,,,,,,,,,,,,,,,,,,,,,,,,,,,,,,,,👤🟨,末地石砖台阶 [顶部],end_stone_brick_slab_top,終界石磚半磚 [頂部],,,,,,,
,,,,,,,,,,,,,,,,,,,,,,,,,,,,,,,,👤🟨,末地石砖楼梯,end_stone_brick_stairs,終界石磚樓梯 (終界石磚階梯),,,,,,,
,,,,,,,,,,,,,,,,,,,,,,,,,,,,,,,,👤🟨,末地石砖楼梯 [内角],end_stone_brick_stairs_inner,終界石磚樓梯 (終界石磚階梯) [內角],,,,,,,
,,,,,,,,,,,,,,,,,,,,,,,,,,,,,,,,👤🟨,末地石砖楼梯 [外角],end_stone_brick_stairs_outer,終界石磚樓梯 (終界石磚階梯) [外角],,,,,,,
,,,,,,,,,,,,,,,,,,,,,,,,,,,,,,,,👤🟨,末地石砖墙 [物品栏],end_stone_brick_wall_inventory,終界石磚牆 [物品欄],,,,,,,
,,,,,,,,,,,,,,,,,,,,,,,,,,,,,,,,👤🟨,末地石砖墙 [柱],end_stone_brick_wall_post,終界石磚牆 [柱],,,,,,,
,,,,,,,,,,,,,,,,,,,,,,,,,,,,,,,,👤🟨,末地石砖墙 [边],end_stone_brick_wall_side,終界石磚牆 [邊],,,,,,,
,,,,,,,,,,,,,,,,,,,,,,,,,,,,,,,,👤🟨,末地石砖墙 [边高],end_stone_brick_wall_side_tall,終界石磚牆 [邊高],,,,,,,
,,,,,,,,,,,,,,,,,,,,,,,,,,,,,,,,👤🟨,末地石砖,end_stone_bricks,終界石磚,,,,,,,
,,,,,,,,,,,,,,,,,,,,,,,,,,,,,,,,👤🟨,末影箱,ender_chest,終界箱,,,,,,,
,,,,,,,,,,,,,,,,,,,,,,,,,,,,,,,,👤🟩,斑驳的雕纹铜块,exposed_chiseled_copper,斑駁的浮雕銅磚 (斑駁的浮雕銅方塊),,,,,,,
,,,,,,,,,,,,,,,,,,,,,,,,,,,,,,,,👤🟩,斑驳的铜块,exposed_copper,斑駁的銅磚 (斑駁的銅方塊),,,,,,,
,,,,,,,,,,,,,,,,,,,,,,,,,,,,,,,,👤🟩,斑驳的铜栏杆 [端帽],exposed_copper_bars_cap,斑駁的銅欄杆 (斑駁的銅柵欄) [端帽],,,,,,,
,,,,,,,,,,,,,,,,,,,,,,,,,,,,,,,,👤🟩,斑驳的铜栏杆 [端帽交替],exposed_copper_bars_cap_alt,斑駁的銅欄杆 (斑駁的銅柵欄) [端帽交替],,,,,,,
,,,,,,,,,,,,,,,,,,,,,,,,,,,,,,,,👤🟩,斑驳的铜栏杆 [柱],exposed_copper_bars_post,斑駁的銅欄杆 (斑駁的銅柵欄) [柱],,,,,,,
,,,,,,,,,,,,,,,,,,,,,,,,,,,,,,,,👤🟩,斑驳的铜栏杆 [柱端],exposed_copper_bars_post_ends,斑駁的銅欄杆 (斑駁的銅柵欄) [柱端],,,,,,,
,,,,,,,,,,,,,,,,,,,,,,,,,,,,,,,,👤🟩,斑驳的铜栏杆 [边],exposed_copper_bars_side,斑駁的銅欄杆 (斑駁的銅柵欄) [邊],,,,,,,
,,,,,,,,,,,,,,,,,,,,,,,,,,,,,,,,👤🟩,斑驳的铜栏杆 [边交替],exposed_copper_bars_side_alt,斑駁的銅欄杆 (斑駁的銅柵欄) [邊交替],,,,,,,
,,,,,,,,,,,,,,,,,,,,,,,,,,,,,,,,👤🟩💡,斑驳的铜灯,exposed_copper_bulb,斑駁的銅燈,,,,,,,
,,,,,,,,,,,,,,,,,,,,,,,,,,,,,,,,👤🟩💡,斑驳的铜灯 [点燃],exposed_copper_bulb_lit,斑駁的銅燈 [點燃],,,,,,,
,,,,,,,,,,,,,,,,,,,,,,,,,,,,,,,,👤🟩💡,斑驳的铜灯 [点燃充能],exposed_copper_bulb_lit_powered,斑駁的銅燈 [點燃充能],,,,,,,
,,,,,,,,,,,,,,,,,,,,,,,,,,,,,,,,👤🟩💡,斑驳的铜灯 [充能],exposed_copper_bulb_powered,斑駁的銅燈 [充能],,,,,,,
,,,,,,,,,,,,,,,,,,,,,,,,,,,,,,,,👤🟩,斑驳的铜链,exposed_copper_chain,斑駁的銅鏈,,,,,,,
,,,,,,,,,,,,,,,,,,,,,,,,,,,,,,,,👤🟩,斑驳的铜箱子,exposed_copper_chest,斑駁的銅儲物箱,,,,,,,
,,,,,,,,,,,,,,,,,,,,,,,,,,,,,,,,👤🟩,斑驳的铜门 [底部左],exposed_copper_door_bottom_left,斑駁的銅門 [底部左],,,,,,,
,,,,,,,,,,,,,,,,,,,,,,,,,,,,,,,,👤🟩,斑驳的铜门 [底部左打开],exposed_copper_door_bottom_left_open,斑駁的銅門 [底部左打開],,,,,,,
,,,,,,,,,,,,,,,,,,,,,,,,,,,,,,,,👤🟩,斑驳的铜门 [底部右],exposed_copper_door_bottom_right,斑駁的銅門 [底部右],,,,,,,
,,,,,,,,,,,,,,,,,,,,,,,,,,,,,,,,👤🟩,斑驳的铜门 [底部右打开],exposed_copper_door_bottom_right_open,斑駁的銅門 [底部右打開],,,,,,,
,,,,,,,,,,,,,,,,,,,,,,,,,,,,,,,,👤🟩,斑驳的铜门 [顶部左],exposed_copper_door_top_left,斑駁的銅門 [頂部左],,,,,,,
,,,,,,,,,,,,,,,,,,,,,,,,,,,,,,,,👤🟩,斑驳的铜门 [顶部左打开],exposed_copper_door_top_left_open,斑駁的銅門 [頂部左打開],,,,,,,
,,,,,,,,,,,,,,,,,,,,,,,,,,,,,,,,👤🟩,斑驳的铜门 [顶部右],exposed_copper_door_top_right,斑駁的銅門 [頂部右],,,,,,,
,,,,,,,,,,,,,,,,,,,,,,,,,,,,,,,,👤🟩,斑驳的铜门 [顶部右打开],exposed_copper_door_top_right_open,斑駁的銅門 [頂部右打開],,,,,,,
,,,,,,,,,,,,,,,,,,,,,,,,,,,,,,,,👤🟩,斑驳的铜傀儡像,exposed_copper_golem_statue,斑駁的銅人雕像 (斑駁的銅像),,,,,,,
,,,,,,,,,,,,,,,,,,,,,,,,,,,,,,,,👤🟩,斑驳的铜格栅,exposed_copper_grate,斑駁的銅網格 (斑駁的銅格柵),,,,,,,
,,,,,,,,,,,,,,,,,,,,,,,,,,,,,,,,👤🟩💡,斑驳的铜灯笼,exposed_copper_lantern,斑駁的銅燈籠,,,,,,,
,,,,,,,,,,,,,,,,,,,,,,,,,,,,,,,,👤🟩💡,斑驳的铜灯笼 [悬挂],exposed_copper_lantern_hanging,斑駁的銅燈籠 [懸掛],,,,,,,
,,,,,,,,,,,,,,,,,,,,,,,,,,,,,,,,👤🟩,斑驳的铜活板门 [底部],exposed_copper_trapdoor_bottom,斑駁的銅地板門 [底部],,,,,,,
,,,,,,,,,,,,,,,,,,,,,,,,,,,,,,,,👤🟩,斑驳的铜活板门 [打开],exposed_copper_trapdoor_open,斑駁的銅地板門 [打開],,,,,,,
,,,,,,,,,,,,,,,,,,,,,,,,,,,,,,,,👤🟩,斑驳的铜活板门 [顶部],exposed_copper_trapdoor_top,斑駁的銅地板門 [頂部],,,,,,,
,,,,,,,,,,,,,,,,,,,,,,,,,,,,,,,,👤🟩,斑驳的切制铜块,exposed_cut_copper,斑駁的切製銅磚 (斑駁的切製銅方塊),,,,,,,
,,,,,,,,,,,,,,,,,,,,,,,,,,,,,,,,👤🟩,斑驳的切制铜台阶,exposed_cut_copper_slab,斑駁的切製銅半磚,,,,,,,
,,,,,,,,,,,,,,,,,,,,,,,,,,,,,,,,👤🟩,斑驳的切制铜台阶 [顶部],exposed_cut_copper_slab_top,斑駁的切製銅半磚 [頂部],,,,,,,
,,,,,,,,,,,,,,,,,,,,,,,,,,,,,,,,👤🟩,斑驳的切制铜楼梯,exposed_cut_copper_stairs,斑駁的切製銅樓梯 (斑駁的切製銅階梯),,,,,,,
,,,,,,,,,,,,,,,,,,,,,,,,,,,,,,,,👤🟩,斑驳的切制铜楼梯 [内角],exposed_cut_copper_stairs_inner,斑駁的切製銅樓梯 (斑駁的切製銅階梯) [內角],,,,,,,
,,,,,,,,,,,,,,,,,,,,,,,,,,,,,,,,👤🟩,斑驳的切制铜楼梯 [外角],exposed_cut_copper_stairs_outer,斑駁的切製銅樓梯 (斑駁的切製銅階梯) [外角],,,,,,,
,,,,,,,,,,,,,,,,,,,,,,,,,,,,,,,,👤🟩,斑驳的避雷针,exposed_lightning_rod,斑駁的避雷針,,,,,,,
,,,,,,,,,,,,,,,,,,,,,,,,,,,,,,,,🟩,耕地,farmland,耕地,,,,,,,
,,,,,,,,,,,,,,,,,,,,,,,,,,,,,,,,🟩,耕地 [湿润],farmland_moist,耕地 [濕潤],,,,,,,
,,,,,,,,,,,,,,,,,,,,,,,,,,,,,,,,👤🟩,栅栏（父模型） [物品栏],fence_inventory,欄杆（父模型） (柵欄（父模型）) [物品欄],,,,,,,
,,,,,,,,,,,,,,,,,,,,,,,,,,,,,,,,👤🟩,栅栏（父模型） [柱],fence_post,欄杆（父模型） (柵欄（父模型）) [柱],,,,,,,
,,,,,,,,,,,,,,,,,,,,,,,,,,,,,,,,👤🟩,栅栏（父模型） [边],fence_side,欄杆（父模型） (柵欄（父模型）) [邊],,,,,,,
,,,,,,,,,,,,,,,,,,,,,,,,,,,,,,,,🟩,蕨,fern,蕨,,,,,,,
,,,,,,,,,,,,,,,,,,,,,,,,,,,,,,,,🟩🌊,火珊瑚,fire_coral,火珊瑚,,,,,,,
,,,,,,,,,,,,,,,,,,,,,,,,,,,,,,,,🟩🌊,火珊瑚块,fire_coral_block,火珊瑚方塊,,,,,,,
,,,,,,,,,,,,,,,,,,,,,,,,,,,,,,,,🟩🌊,火珊瑚扇,fire_coral_fan,扇狀火珊瑚,,,,,,,
,,,,,,,,,,,,,,,,,,,,,,,,,,,,,,,,👤🟩🌊,墙上的火珊瑚扇,fire_coral_wall_fan,牆上的扇狀火珊瑚,,,,,,,
,,,,,,,,,,,,,,,,,,,,,,,,,,,,,,,,🟩💡,火 [地板0],fire_floor0,火 [地板0],,,,,,,
,,,,,,,,,,,,,,,,,,,,,,,,,,,,,,,,🟩💡,火 [地板1],fire_floor1,火 [地板1],,,,,,,
,,,,,,,,,,,,,,,,,,,,,,,,,,,,,,,,🟩💡,火 [边0],fire_side0,火 [邊0],,,,,,,
,,,,,,,,,,,,,,,,,,,,,,,,,,,,,,,,🟩💡,火 [边1],fire_side1,火 [邊1],,,,,,,
,,,,,,,,,,,,,,,,,,,,,,,,,,,,,,,,🟩💡,火 [边交替0],fire_side_alt0,火 [邊交替0],,,,,,,
,,,,,,,,,,,,,,,,,,,,,,,,,,,,,,,,🟩💡,火 [边交替1],fire_side_alt1,火 [邊交替1],,,,,,,
,,,,,,,,,,,,,,,,,,,,,,,,,,,,,,,,🟩💡,火 [向上0],fire_up0,火 [向上0],,,,,,,
,,,,,,,,,,,,,,,,,,,,,,,,,,,,,,,,🟩💡,火 [向上1],fire_up1,火 [向上1],,,,,,,
,,,,,,,,,,,,,,,,,,,,,,,,,,,,,,,,🟩💡,火 [向上交替0],fire_up_alt0,火 [向上交替0],,,,,,,
,,,,,,,,,,,,,,,,,,,,,,,,,,,,,,,,🟩💡,火 [向上交替1],fire_up_alt1,火 [向上交替1],,,,,,,
,,,,,,,,,,,,,,,,,,,,,,,,,,,,,,,,🟩💡,萤火虫灌木丛,firefly_bush,螢火蟲灌木叢,,,,,,,
,,,,,,,,,,,,,,,,,,,,,,,,,,,,,,,,👤🟩,制箭台,fletching_table,製箭台,,,,,,,
,,,,,,,,,,,,,,,,,,,,,,,,,,,,,,,,👤🟩,花盆,flower_pot,花盆,,,,,,,
,,,,,,,,,,,,,,,,,,,,,,,,,,,,,,,,👤🟩,花盆 [十字交叉],flower_pot_cross,花盆 [十字交叉],,,,,,,
,,,,,,,,,,,,,,,,,,,,,,,,,,,,,,,,👤🟩,花盆 [发光十字交叉],flower_pot_cross_emissive,花盆 [發光十字交叉],,,,,,,
,,,,,,,,,,,,,,,,,,,,,,,,,,,,,,,,👤🟩,野花簇 [1],flowerbed_1,野花簇 [1],,,,,,,
,,,,,,,,,,,,,,,,,,,,,,,,,,,,,,,,👤🟩,野花簇 [2],flowerbed_2,野花簇 [2],,,,,,,
,,,,,,,,,,,,,,,,,,,,,,,,,,,,,,,,👤🟩,野花簇 [3],flowerbed_3,野花簇 [3],,,,,,,
,,,,,,,,,,,,,,,,,,,,,,,,,,,,,,,,👤🟩,野花簇 [4],flowerbed_4,野花簇 [4],,,,,,,
,,,,,,,,,,,,,,,,,,,,,,,,,,,,,,,,🟩,盛开的杜鹃花丛,flowering_azalea,盛開的杜鵑叢 (開花的杜鵑叢),,,,,,,
,,,,,,,,,,,,,,,,,,,,,,,,,,,,,,,,🟩,盛开的杜鹃树叶,flowering_azalea_leaves,盛開的杜鵑樹葉 (開花的杜鵑葉),,,,,,,
,,,,,,,,,,,,,,,,,,,,,,,,,,,,,,,,🟩🌊,四个失活海泡菜,four_dead_sea_pickles,四個失活海鞘,,,,,,,
,,,,,,,,,,,,,,,,,,,,,,,,,,,,,,,,🟩🌊,四个海泡菜,four_sea_pickles,四個海鞘,,,,,,,
,,,,,,,,,,,,,,,,,,,,,,,,,,,,,,,,🟩🌊,四个轻微破裂海龟蛋,four_slightly_cracked_turtle_eggs,四個輕微破裂海龜蛋,,,,,,,
,,,,,,,,,,,,,,,,,,,,,,,,,,,,,,,,🟩🌊,四个海龟蛋,four_turtle_eggs,四個海龜蛋,,,,,,,
,,,,,,,,,,,,,,,,,,,,,,,,,,,,,,,,🟩🌊,四个严重破裂海龟蛋,four_very_cracked_turtle_eggs,四個嚴重破裂海龜蛋,,,,,,,
,,,,,,,,,,,,,,,,,,,,,,,,,,,,,,,,🟩,青蛙卵,frogspawn,青蛙卵,,,,,,,
,,,,,,,,,,,,,,,,,,,,,,,,,,,,,,,,🟩🌊,霜冰 [0],frosted_ice_0,霜冰 [0],,,,,,,
,,,,,,,,,,,,,,,,,,,,,,,,,,,,,,,,🟩🌊,霜冰 [1],frosted_ice_1,霜冰 [1],,,,,,,
,,,,,,,,,,,,,,,,,,,,,,,,,,,,,,,,🟩🌊,霜冰 [2],frosted_ice_2,霜冰 [2],,,,,,,
,,,,,,,,,,,,,,,,,,,,,,,,,,,,,,,,🟩🌊,霜冰 [3],frosted_ice_3,霜冰 [3],,,,,,,
,,,,,,,,,,,,,,,,,,,,,,,,,,,,,,,,👤🟩,熔炉,furnace,熔爐,,,,,,,
,,,,,,,,,,,,,,,,,,,,,,,,,,,,,,,,👤🟩,熔炉 [开启],furnace_on,熔爐 [開啟],,,,,,,
,,,,,,,,,,,,,,,,,,,,,,,,,,,,,,,,🟥,镶金黑石,gilded_blackstone,鑲金黑石,,,,,,,
,,,,,,,,,,,,,,,,,,,,,,,,,,,,,,,,👤🟩,玻璃,glass,玻璃,,,,,,,
,,,,,,,,,,,,,,,,,,,,,,,,,,,,,,,,👤🟩,玻璃板 [无边],glass_pane_noside,玻璃片 [無邊],,,,,,,
,,,,,,,,,,,,,,,,,,,,,,,,,,,,,,,,👤🟩,玻璃板 [无边交替],glass_pane_noside_alt,玻璃片 [無邊交替],,,,,,,
,,,,,,,,,,,,,,,,,,,,,,,,,,,,,,,,👤🟩,玻璃板 [柱],glass_pane_post,玻璃片 [柱],,,,,,,
,,,,,,,,,,,,,,,,,,,,,,,,,,,,,,,,👤🟩,玻璃板 [边],glass_pane_side,玻璃片 [邊],,,,,,,
,,,,,,,,,,,,,,,,,,,,,,,,,,,,,,,,👤🟩,玻璃板 [边交替],glass_pane_side_alt,玻璃片 [邊交替],,,,,,,
,,,,,,,,,,,,,,,,,,,,,,,,,,,,,,,,👤🟩💡,荧光物品展示框,glow_item_frame,熒光物品展示框 (螢光物品展示框),,,,,,,
,,,,,,,,,,,,,,,,,,,,,,,,,,,,,,,,👤🟩💡,荧光物品展示框 [地图],glow_item_frame_map,熒光物品展示框 (螢光物品展示框) [地圖],,,,,,,
,,,,,,,,,,,,,,,,,,,,,,,,,,,,,,,,🟩💡,发光地衣,glow_lichen,發光地衣,,,,,,,
,,,,,,,,,,,,,,,,,,,,,,,,,,,,,,,,🟩🟥💡,荧石,glowstone,熒光石 (螢光石),,,,,,,
,,,,,,,,,,,,,,,,,,,,,,,,,,,,,,,,👤🟩,金块,gold_block,金磚 (黃金方塊),,,,,,,
,,,,,,,,,,,,,,,,,,,,,,,,,,,,,,,,🟩,金矿石,gold_ore,金礦,,,,,,,
,,,,,,,,,,,,,,,,,,,,,,,,,,,,,,,,🟩,金蒲公英,golden_dandelion,金蒲公英,,,,,,,
,,,,,,,,,,,,,,,,,,,,,,,,,,,,,,,,🟩,花岗岩,granite,花崗巖 (花崗岩),,,,,,,
,,,,,,,,,,,,,,,,,,,,,,,,,,,,,,,,👤🟩,花岗岩台阶,granite_slab,花崗巖半磚 (花崗岩半磚),,,,,,,
,,,,,,,,,,,,,,,,,,,,,,,,,,,,,,,,👤🟩,花岗岩台阶 [顶部],granite_slab_top,花崗巖半磚 (花崗岩半磚) [頂部],,,,,,,
,,,,,,,,,,,,,,,,,,,,,,,,,,,,,,,,👤🟩,花岗岩楼梯,granite_stairs,花崗巖樓梯 (花崗岩階梯),,,,,,,
,,,,,,,,,,,,,,,,,,,,,,,,,,,,,,,,👤🟩,花岗岩楼梯 [内角],granite_stairs_inner,花崗巖樓梯 (花崗岩階梯) [內角],,,,,,,
,,,,,,,,,,,,,,,,,,,,,,,,,,,,,,,,👤🟩,花岗岩楼梯 [外角],granite_stairs_outer,花崗巖樓梯 (花崗岩階梯) [外角],,,,,,,
,,,,,,,,,,,,,,,,,,,,,,,,,,,,,,,,👤🟩,花岗岩墙 [物品栏],granite_wall_inventory,花崗巖牆 (花崗岩牆) [物品欄],,,,,,,
,,,,,,,,,,,,,,,,,,,,,,,,,,,,,,,,👤🟩,花岗岩墙 [柱],granite_wall_post,花崗巖牆 (花崗岩牆) [柱],,,,,,,
,,,,,,,,,,,,,,,,,,,,,,,,,,,,,,,,👤🟩,花岗岩墙 [边],granite_wall_side,花崗巖牆 (花崗岩牆) [邊],,,,,,,
,,,,,,,,,,,,,,,,,,,,,,,,,,,,,,,,👤🟩,花岗岩墙 [边高],granite_wall_side_tall,花崗巖牆 (花崗岩牆) [邊高],,,,,,,
,,,,,,,,,,,,,,,,,,,,,,,,,,,,,,,,🟩,草方块,grass_block,草地,,,,,,,
,,,,,,,,,,,,,,,,,,,,,,,,,,,,,,,,🟩🌊,草方块 [雪],grass_block_snow,草地 [雪],,,,,,,
,,,,,,,,,,,,,,,,,,,,,,,,,,,,,,,,🟩,沙砾,gravel,砂礫 (礫石),,,,,,,
,,,,,,,,,,,,,,,,,,,,,,,,,,,,,,,,👤🟩,灰色床 [尾],gray_bed_foot,灰色牀 (灰色床) [尾],,,,,,,
,,,,,,,,,,,,,,,,,,,,,,,,,,,,,,,,👤🟩,灰色床 [头],gray_bed_head,灰色牀 (灰色床) [頭],,,,,,,
,,,,,,,,,,,,,,,,,,,,,,,,,,,,,,,,👤🟩💡,插上灰色蜡烛的蛋糕,gray_candle_cake,插上灰色蠟燭的蛋糕,,,,,,,
,,,,,,,,,,,,,,,,,,,,,,,,,,,,,,,,👤🟩💡,插上灰色蜡烛的蛋糕 [点燃],gray_candle_cake_lit,插上灰色蠟燭的蛋糕 [點燃],,,,,,,
,,,,,,,,,,,,,,,,,,,,,,,,,,,,,,,,👤🟩💡,灰色蜡烛 [四支蜡烛],gray_candle_four_candles,灰色蠟燭 [四支蠟燭],,,,,,,
,,,,,,,,,,,,,,,,,,,,,,,,,,,,,,,,👤🟩💡,灰色蜡烛 [四支蜡烛点燃],gray_candle_four_candles_lit,灰色蠟燭 [四支蠟燭點燃],,,,,,,
,,,,,,,,,,,,,,,,,,,,,,,,,,,,,,,,👤🟩💡,灰色蜡烛 [一支蜡烛],gray_candle_one_candle,灰色蠟燭 [一支蠟燭],,,,,,,
,,,,,,,,,,,,,,,,,,,,,,,,,,,,,,,,👤🟩💡,灰色蜡烛 [一支蜡烛点燃],gray_candle_one_candle_lit,灰色蠟燭 [一支蠟燭點燃],,,,,,,
,,,,,,,,,,,,,,,,,,,,,,,,,,,,,,,,👤🟩💡,灰色蜡烛 [三支蜡烛],gray_candle_three_candles,灰色蠟燭 [三支蠟燭],,,,,,,
,,,,,,,,,,,,,,,,,,,,,,,,,,,,,,,,👤🟩💡,灰色蜡烛 [三支蜡烛点燃],gray_candle_three_candles_lit,灰色蠟燭 [三支蠟燭點燃],,,,,,,
,,,,,,,,,,,,,,,,,,,,,,,,,,,,,,,,👤🟩💡,灰色蜡烛 [两支蜡烛],gray_candle_two_candles,灰色蠟燭 [兩支蠟燭],,,,,,,
,,,,,,,,,,,,,,,,,,,,,,,,,,,,,,,,👤🟩💡,灰色蜡烛 [两支蜡烛点燃],gray_candle_two_candles_lit,灰色蠟燭 [兩支蠟燭點燃],,,,,,,
,,,,,,,,,,,,,,,,,,,,,,,,,,,,,,,,👤🟩,灰色地毯,gray_carpet,灰色地氈 (灰色地毯),,,,,,,
,,,,,,,,,,,,,,,,,,,,,,,,,,,,,,,,👤🟩,灰色混凝土,gray_concrete,灰色混凝土,,,,,,,
,,,,,,,,,,,,,,,,,,,,,,,,,,,,,,,,👤🟩,灰色混凝土粉末,gray_concrete_powder,灰色混凝土粉末,,,,,,,
,,,,,,,,,,,,,,,,,,,,,,,,,,,,,,,,👤🟩,灰色带釉陶瓦,gray_glazed_terracotta,灰色釉陶,,,,,,,
,,,,,,,,,,,,,,,,,,,,,,,,,,,,,,,,🟨,灰色潜影盒,gray_shulker_box,灰色界伏盒,,,,,,,
,,,,,,,,,,,,,,,,,,,,,,,,,,,,,,,,👤🟩,灰色染色玻璃,gray_stained_glass,灰色染色玻璃 (灰色玻璃),,,,,,,
,,,,,,,,,,,,,,,,,,,,,,,,,,,,,,,,👤🟩,灰色染色玻璃板 [无边],gray_stained_glass_pane_noside,灰色染色玻璃片 (灰色玻璃片) [無邊],,,,,,,
,,,,,,,,,,,,,,,,,,,,,,,,,,,,,,,,👤🟩,灰色染色玻璃板 [无边交替],gray_stained_glass_pane_noside_alt,灰色染色玻璃片 (灰色玻璃片) [無邊交替],,,,,,,
,,,,,,,,,,,,,,,,,,,,,,,,,,,,,,,,👤🟩,灰色染色玻璃板 [柱],gray_stained_glass_pane_post,灰色染色玻璃片 (灰色玻璃片) [柱],,,,,,,
,,,,,,,,,,,,,,,,,,,,,,,,,,,,,,,,👤🟩,灰色染色玻璃板 [边],gray_stained_glass_pane_side,灰色染色玻璃片 (灰色玻璃片) [邊],,,,,,,
,,,,,,,,,,,,,,,,,,,,,,,,,,,,,,,,👤🟩,灰色染色玻璃板 [边交替],gray_stained_glass_pane_side_alt,灰色染色玻璃片 (灰色玻璃片) [邊交替],,,,,,,
,,,,,,,,,,,,,,,,,,,,,,,,,,,,,,,,👤🟩,灰色陶瓦,gray_terracotta,灰色陶瓦 (灰色陶土),,,,,,,
,,,,,,,,,,,,,,,,,,,,,,,,,,,,,,,,👤🟩,灰色羊毛,gray_wool,灰色羊毛,,,,,,,
,,,,,,,,,,,,,,,,,,,,,,,,,,,,,,,,👤🟩,绿色床 [尾],green_bed_foot,綠色牀 (綠色床) [尾],,,,,,,
,,,,,,,,,,,,,,,,,,,,,,,,,,,,,,,,👤🟩,绿色床 [头],green_bed_head,綠色牀 (綠色床) [頭],,,,,,,
,,,,,,,,,,,,,,,,,,,,,,,,,,,,,,,,👤🟩💡,插上绿色蜡烛的蛋糕,green_candle_cake,插上綠色蠟燭的蛋糕,,,,,,,
,,,,,,,,,,,,,,,,,,,,,,,,,,,,,,,,👤🟩💡,插上绿色蜡烛的蛋糕 [点燃],green_candle_cake_lit,插上綠色蠟燭的蛋糕 [點燃],,,,,,,
,,,,,,,,,,,,,,,,,,,,,,,,,,,,,,,,👤🟩💡,绿色蜡烛 [四支蜡烛],green_candle_four_candles,綠色蠟燭 [四支蠟燭],,,,,,,
,,,,,,,,,,,,,,,,,,,,,,,,,,,,,,,,👤🟩💡,绿色蜡烛 [四支蜡烛点燃],green_candle_four_candles_lit,綠色蠟燭 [四支蠟燭點燃],,,,,,,
,,,,,,,,,,,,,,,,,,,,,,,,,,,,,,,,👤🟩💡,绿色蜡烛 [一支蜡烛],green_candle_one_candle,綠色蠟燭 [一支蠟燭],,,,,,,
,,,,,,,,,,,,,,,,,,,,,,,,,,,,,,,,👤🟩💡,绿色蜡烛 [一支蜡烛点燃],green_candle_one_candle_lit,綠色蠟燭 [一支蠟燭點燃],,,,,,,
,,,,,,,,,,,,,,,,,,,,,,,,,,,,,,,,👤🟩💡,绿色蜡烛 [三支蜡烛],green_candle_three_candles,綠色蠟燭 [三支蠟燭],,,,,,,
,,,,,,,,,,,,,,,,,,,,,,,,,,,,,,,,👤🟩💡,绿色蜡烛 [三支蜡烛点燃],green_candle_three_candles_lit,綠色蠟燭 [三支蠟燭點燃],,,,,,,
,,,,,,,,,,,,,,,,,,,,,,,,,,,,,,,,👤🟩💡,绿色蜡烛 [两支蜡烛],green_candle_two_candles,綠色蠟燭 [兩支蠟燭],,,,,,,
,,,,,,,,,,,,,,,,,,,,,,,,,,,,,,,,👤🟩💡,绿色蜡烛 [两支蜡烛点燃],green_candle_two_candles_lit,綠色蠟燭 [兩支蠟燭點燃],,,,,,,
,,,,,,,,,,,,,,,,,,,,,,,,,,,,,,,,👤🟩,绿色地毯,green_carpet,綠色地氈 (綠色地毯),,,,,,,
,,,,,,,,,,,,,,,,,,,,,,,,,,,,,,,,👤🟩,绿色混凝土,green_concrete,綠色混凝土,,,,,,,
,,,,,,,,,,,,,,,,,,,,,,,,,,,,,,,,👤🟩,绿色混凝土粉末,green_concrete_powder,綠色混凝土粉末,,,,,,,
,,,,,,,,,,,,,,,,,,,,,,,,,,,,,,,,👤🟩,绿色带釉陶瓦,green_glazed_terracotta,綠色釉陶,,,,,,,
,,,,,,,,,,,,,,,,,,,,,,,,,,,,,,,,🟨,绿色潜影盒,green_shulker_box,綠色界伏盒,,,,,,,
,,,,,,,,,,,,,,,,,,,,,,,,,,,,,,,,👤🟩,绿色染色玻璃,green_stained_glass,綠色染色玻璃 (綠色玻璃),,,,,,,
,,,,,,,,,,,,,,,,,,,,,,,,,,,,,,,,👤🟩,绿色染色玻璃板 [无边],green_stained_glass_pane_noside,綠色染色玻璃片 (綠色玻璃片) [無邊],,,,,,,
,,,,,,,,,,,,,,,,,,,,,,,,,,,,,,,,👤🟩,绿色染色玻璃板 [无边交替],green_stained_glass_pane_noside_alt,綠色染色玻璃片 (綠色玻璃片) [無邊交替],,,,,,,
,,,,,,,,,,,,,,,,,,,,,,,,,,,,,,,,👤🟩,绿色染色玻璃板 [柱],green_stained_glass_pane_post,綠色染色玻璃片 (綠色玻璃片) [柱],,,,,,,
,,,,,,,,,,,,,,,,,,,,,,,,,,,,,,,,👤🟩,绿色染色玻璃板 [边],green_stained_glass_pane_side,綠色染色玻璃片 (綠色玻璃片) [邊],,,,,,,
,,,,,,,,,,,,,,,,,,,,,,,,,,,,,,,,👤🟩,绿色染色玻璃板 [边交替],green_stained_glass_pane_side_alt,綠色染色玻璃片 (綠色玻璃片) [邊交替],,,,,,,
,,,,,,,,,,,,,,,,,,,,,,,,,,,,,,,,👤🟩,绿色陶瓦,green_terracotta,綠色陶瓦 (綠色陶土),,,,,,,
,,,,,,,,,,,,,,,,,,,,,,,,,,,,,,,,👤🟩,绿色羊毛,green_wool,綠色羊毛,,,,,,,
,,,,,,,,,,,,,,,,,,,,,,,,,,,,,,,,👤🟩,砂轮,grindstone,砂輪,,,,,,,
,,,,,,,,,,,,,,,,,,,,,,,,,,,,,,,,🟩,垂根,hanging_roots,懸根,,,,,,,
,,,,,,,,,,,,,,,,,,,,,,,,,,,,,,,,🟩,干草捆,hay_block,乾草捆,,,,,,,
,,,,,,,,,,,,,,,,,,,,,,,,,,,,,,,,🟩,干草捆 [水平],hay_block_horizontal,乾草捆 [水平],,,,,,,
,,,,,,,,,,,,,,,,,,,,,,,,,,,,,,,,🟩,沉重核心,heavy_core,沉重核心,,,,,,,
,,,,,,,,,,,,,,,,,,,,,,,,,,,,,,,,👤🟩,重质测重压力板,heavy_weighted_pressure_plate,重質測重壓力板,,,,,,,
,,,,,,,,,,,,,,,,,,,,,,,,,,,,,,,,👤🟩,重质测重压力板 [按下],heavy_weighted_pressure_plate_down,重質測重壓力板 [按下],,,,,,,
,,,,,,,,,,,,,,,,,,,,,,,,,,,,,,,,🟩,蜂蜜块,honey_block,蜜糖塊 (蜂蜜塊),,,,,,,
,,,,,,,,,,,,,,,,,,,,,,,,,,,,,,,,🟩,蜜脾块,honeycomb_block,蜂巢蜜塊 (蜂巢塊),,,,,,,
,,,,,,,,,,,,,,,,,,,,,,,,,,,,,,,,👤🟩,漏斗,hopper,漏斗,,,,,,,
,,,,,,,,,,,,,,,,,,,,,,,,,,,,,,,,👤🟩,漏斗 [边],hopper_side,漏斗 [邊],,,,,,,
,,,,,,,,,,,,,,,,,,,,,,,,,,,,,,,,🟩🌊,鹿角珊瑚,horn_coral,角珊瑚,,,,,,,
,,,,,,,,,,,,,,,,,,,,,,,,,,,,,,,,🟩🌊,鹿角珊瑚块,horn_coral_block,角珊瑚方塊,,,,,,,
,,,,,,,,,,,,,,,,,,,,,,,,,,,,,,,,🟩🌊,鹿角珊瑚扇,horn_coral_fan,扇狀角珊瑚,,,,,,,
,,,,,,,,,,,,,,,,,,,,,,,,,,,,,,,,👤🟩🌊,墙上的鹿角珊瑚扇,horn_coral_wall_fan,牆上的扇狀角珊瑚,,,,,,,
,,,,,,,,,,,,,,,,,,,,,,,,,,,,,,,,🟩🌊,冰,ice,冰,,,,,,,
,,,,,,,,,,,,,,,,,,,,,,,,,,,,,,,,👤🟩,楼梯（父模型） [内角],inner_stairs,樓梯（父模型） (階梯（父模型）) [內角],,,,,,,
,,,,,,,,,,,,,,,,,,,,,,,,,,,,,,,,👤🟩,铁栏杆 [端帽],iron_bars_cap,鐵欄杆 (鐵柵欄) [端帽],,,,,,,
,,,,,,,,,,,,,,,,,,,,,,,,,,,,,,,,👤🟩,铁栏杆 [端帽交替],iron_bars_cap_alt,鐵欄杆 (鐵柵欄) [端帽交替],,,,,,,
,,,,,,,,,,,,,,,,,,,,,,,,,,,,,,,,👤🟩,铁栏杆 [柱],iron_bars_post,鐵欄杆 (鐵柵欄) [柱],,,,,,,
,,,,,,,,,,,,,,,,,,,,,,,,,,,,,,,,👤🟩,铁栏杆 [柱端],iron_bars_post_ends,鐵欄杆 (鐵柵欄) [柱端],,,,,,,
,,,,,,,,,,,,,,,,,,,,,,,,,,,,,,,,👤🟩,铁栏杆 [边],iron_bars_side,鐵欄杆 (鐵柵欄) [邊],,,,,,,
,,,,,,,,,,,,,,,,,,,,,,,,,,,,,,,,👤🟩,铁栏杆 [边交替],iron_bars_side_alt,鐵欄杆 (鐵柵欄) [邊交替],,,,,,,
,,,,,,,,,,,,,,,,,,,,,,,,,,,,,,,,👤🟩,铁块,iron_block,鐵磚 (鐵方塊),,,,,,,
,,,,,,,,,,,,,,,,,,,,,,,,,,,,,,,,👤🟩,铁链,iron_chain,鐵鏈,,,,,,,
,,,,,,,,,,,,,,,,,,,,,,,,,,,,,,,,👤🟩,铁门 [底部左],iron_door_bottom_left,鐵門 [底部左],,,,,,,
,,,,,,,,,,,,,,,,,,,,,,,,,,,,,,,,👤🟩,铁门 [底部左打开],iron_door_bottom_left_open,鐵門 [底部左打開],,,,,,,
,,,,,,,,,,,,,,,,,,,,,,,,,,,,,,,,👤🟩,铁门 [底部右],iron_door_bottom_right,鐵門 [底部右],,,,,,,
,,,,,,,,,,,,,,,,,,,,,,,,,,,,,,,,👤🟩,铁门 [底部右打开],iron_door_bottom_right_open,鐵門 [底部右打開],,,,,,,
,,,,,,,,,,,,,,,,,,,,,,,,,,,,,,,,👤🟩,铁门 [顶部左],iron_door_top_left,鐵門 [頂部左],,,,,,,
,,,,,,,,,,,,,,,,,,,,,,,,,,,,,,,,👤🟩,铁门 [顶部左打开],iron_door_top_left_open,鐵門 [頂部左打開],,,,,,,
,,,,,,,,,,,,,,,,,,,,,,,,,,,,,,,,👤🟩,铁门 [顶部右],iron_door_top_right,鐵門 [頂部右],,,,,,,
,,,,,,,,,,,,,,,,,,,,,,,,,,,,,,,,👤🟩,铁门 [顶部右打开],iron_door_top_right_open,鐵門 [頂部右打開],,,,,,,
,,,,,,,,,,,,,,,,,,,,,,,,,,,,,,,,🟩,铁矿石,iron_ore,鐵礦,,,,,,,
,,,,,,,,,,,,,,,,,,,,,,,,,,,,,,,,👤🟩,铁活板门 [底部],iron_trapdoor_bottom,鐵地板門 [底部],,,,,,,
,,,,,,,,,,,,,,,,,,,,,,,,,,,,,,,,👤🟩,铁活板门 [打开],iron_trapdoor_open,鐵地板門 [打開],,,,,,,
,,,,,,,,,,,,,,,,,,,,,,,,,,,,,,,,👤🟩,铁活板门 [顶部],iron_trapdoor_top,鐵地板門 [頂部],,,,,,,
,,,,,,,,,,,,,,,,,,,,,,,,,,,,,,,,👤🟩,物品展示框,item_frame,物品展示框,,,,,,,
,,,,,,,,,,,,,,,,,,,,,,,,,,,,,,,,👤🟩,物品展示框 [地图],item_frame_map,物品展示框 [地圖],,,,,,,
,,,,,,,,,,,,,,,,,,,,,,,,,,,,,,,,🟩💡,南瓜灯,jack_o_lantern,南瓜燈,,,,,,,
,,,,,,,,,,,,,,,,,,,,,,,,,,,,,,,,🟩,拼图方块,jigsaw,拼圖方塊,,,,,,,
,,,,,,,,,,,,,,,,,,,,,,,,,,,,,,,,👤🟩,唱片机,jukebox,唱片機,,,,,,,
,,,,,,,,,,,,,,,,,,,,,,,,,,,,,,,,👤🟩,丛林木按钮,jungle_button,叢林木按鈕,,,,,,,
,,,,,,,,,,,,,,,,,,,,,,,,,,,,,,,,👤🟩,丛林木按钮 [物品栏],jungle_button_inventory,叢林木按鈕 [物品欄],,,,,,,
,,,,,,,,,,,,,,,,,,,,,,,,,,,,,,,,👤🟩,丛林木按钮 [按下],jungle_button_pressed,叢林木按鈕 [按下],,,,,,,
,,,,,,,,,,,,,,,,,,,,,,,,,,,,,,,,👤🟩,丛林木门 [底部左],jungle_door_bottom_left,叢林木門 [底部左],,,,,,,
,,,,,,,,,,,,,,,,,,,,,,,,,,,,,,,,👤🟩,丛林木门 [底部左打开],jungle_door_bottom_left_open,叢林木門 [底部左打開],,,,,,,
,,,,,,,,,,,,,,,,,,,,,,,,,,,,,,,,👤🟩,丛林木门 [底部右],jungle_door_bottom_right,叢林木門 [底部右],,,,,,,
,,,,,,,,,,,,,,,,,,,,,,,,,,,,,,,,👤🟩,丛林木门 [底部右打开],jungle_door_bottom_right_open,叢林木門 [底部右打開],,,,,,,
,,,,,,,,,,,,,,,,,,,,,,,,,,,,,,,,👤🟩,丛林木门 [顶部左],jungle_door_top_left,叢林木門 [頂部左],,,,,,,
,,,,,,,,,,,,,,,,,,,,,,,,,,,,,,,,👤🟩,丛林木门 [顶部左打开],jungle_door_top_left_open,叢林木門 [頂部左打開],,,,,,,
,,,,,,,,,,,,,,,,,,,,,,,,,,,,,,,,👤🟩,丛林木门 [顶部右],jungle_door_top_right,叢林木門 [頂部右],,,,,,,
,,,,,,,,,,,,,,,,,,,,,,,,,,,,,,,,👤🟩,丛林木门 [顶部右打开],jungle_door_top_right_open,叢林木門 [頂部右打開],,,,,,,
,,,,,,,,,,,,,,,,,,,,,,,,,,,,,,,,👤🟩,丛林木栅栏门,jungle_fence_gate,叢林木閘門 (叢林木柵欄門),,,,,,,
,,,,,,,,,,,,,,,,,,,,,,,,,,,,,,,,👤🟩,丛林木栅栏门 [打开],jungle_fence_gate_open,叢林木閘門 (叢林木柵欄門) [打開],,,,,,,
,,,,,,,,,,,,,,,,,,,,,,,,,,,,,,,,👤🟩,丛林木栅栏门 [墙上],jungle_fence_gate_wall,叢林木閘門 (叢林木柵欄門) [牆上],,,,,,,
,,,,,,,,,,,,,,,,,,,,,,,,,,,,,,,,👤🟩,丛林木栅栏门 [墙上打开],jungle_fence_gate_wall_open,叢林木閘門 (叢林木柵欄門) [牆上打開],,,,,,,
,,,,,,,,,,,,,,,,,,,,,,,,,,,,,,,,👤🟩,丛林木栅栏 [物品栏],jungle_fence_inventory,叢林木欄杆 (叢林木柵欄) [物品欄],,,,,,,
,,,,,,,,,,,,,,,,,,,,,,,,,,,,,,,,👤🟩,丛林木栅栏 [柱],jungle_fence_post,叢林木欄杆 (叢林木柵欄) [柱],,,,,,,
,,,,,,,,,,,,,,,,,,,,,,,,,,,,,,,,👤🟩,丛林木栅栏 [边],jungle_fence_side,叢林木欄杆 (叢林木柵欄) [邊],,,,,,,
,,,,,,,,,,,,,,,,,,,,,,,,,,,,,,,,👤🟩,悬挂式丛林木告示牌 [附着旋转0],jungle_hanging_sign_attached_rot_0,叢林木吊牌 (懸掛式叢林木告示牌) [附著旋轉0],,,,,,,
,,,,,,,,,,,,,,,,,,,,,,,,,,,,,,,,👤🟩,悬挂式丛林木告示牌 [附着旋转1],jungle_hanging_sign_attached_rot_1,叢林木吊牌 (懸掛式叢林木告示牌) [附著旋轉1],,,,,,,
,,,,,,,,,,,,,,,,,,,,,,,,,,,,,,,,👤🟩,悬挂式丛林木告示牌 [附着旋转2],jungle_hanging_sign_attached_rot_2,叢林木吊牌 (懸掛式叢林木告示牌) [附著旋轉2],,,,,,,
,,,,,,,,,,,,,,,,,,,,,,,,,,,,,,,,👤🟩,悬挂式丛林木告示牌 [附着旋转3],jungle_hanging_sign_attached_rot_3,叢林木吊牌 (懸掛式叢林木告示牌) [附著旋轉3],,,,,,,
,,,,,,,,,,,,,,,,,,,,,,,,,,,,,,,,👤🟩,悬挂式丛林木告示牌 [旋转0],jungle_hanging_sign_rot_0,叢林木吊牌 (懸掛式叢林木告示牌) [旋轉0],,,,,,,
,,,,,,,,,,,,,,,,,,,,,,,,,,,,,,,,👤🟩,悬挂式丛林木告示牌 [旋转1],jungle_hanging_sign_rot_1,叢林木吊牌 (懸掛式叢林木告示牌) [旋轉1],,,,,,,
,,,,,,,,,,,,,,,,,,,,,,,,,,,,,,,,👤🟩,悬挂式丛林木告示牌 [旋转2],jungle_hanging_sign_rot_2,叢林木吊牌 (懸掛式叢林木告示牌) [旋轉2],,,,,,,
,,,,,,,,,,,,,,,,,,,,,,,,,,,,,,,,👤🟩,悬挂式丛林木告示牌 [旋转3],jungle_hanging_sign_rot_3,叢林木吊牌 (懸掛式叢林木告示牌) [旋轉3],,,,,,,
,,,,,,,,,,,,,,,,,,,,,,,,,,,,,,,,🟩,丛林树叶,jungle_leaves,叢林木樹葉,,,,,,,
,,,,,,,,,,,,,,,,,,,,,,,,,,,,,,,,🟩,丛林原木,jungle_log,叢林木原木,,,,,,,
,,,,,,,,,,,,,,,,,,,,,,,,,,,,,,,,🟩,丛林原木 [水平],jungle_log_horizontal,叢林木原木 [水平],,,,,,,
,,,,,,,,,,,,,,,,,,,,,,,,,,,,,,,,👤🟩,丛林木板,jungle_planks,叢林木板 (叢林木材),,,,,,,
,,,,,,,,,,,,,,,,,,,,,,,,,,,,,,,,👤🟩,丛林木压力板,jungle_pressure_plate,叢林木壓力板,,,,,,,
,,,,,,,,,,,,,,,,,,,,,,,,,,,,,,,,👤🟩,丛林木压力板 [按下],jungle_pressure_plate_down,叢林木壓力板 [按下],,,,,,,
,,,,,,,,,,,,,,,,,,,,,,,,,,,,,,,,🟩,丛林树苗,jungle_sapling,叢林木樹苗,,,,,,,
,,,,,,,,,,,,,,,,,,,,,,,,,,,,,,,,👤🟩,丛林木展示架,jungle_shelf,叢林木置物架 (叢林木展示架),,,,,,,
,,,,,,,,,,,,,,,,,,,,,,,,,,,,,,,,👤🟩,丛林木展示架 [中],jungle_shelf_center,叢林木置物架 (叢林木展示架) [中],,,,,,,
,,,,,,,,,,,,,,,,,,,,,,,,,,,,,,,,👤🟩,丛林木展示架 [物品栏],jungle_shelf_inventory,叢林木置物架 (叢林木展示架) [物品欄],,,,,,,
,,,,,,,,,,,,,,,,,,,,,,,,,,,,,,,,👤🟩,丛林木展示架 [左],jungle_shelf_left,叢林木置物架 (叢林木展示架) [左],,,,,,,
,,,,,,,,,,,,,,,,,,,,,,,,,,,,,,,,👤🟩,丛林木展示架 [右],jungle_shelf_right,叢林木置物架 (叢林木展示架) [右],,,,,,,
,,,,,,,,,,,,,,,,,,,,,,,,,,,,,,,,👤🟩,丛林木展示架 [未连接],jungle_shelf_unconnected,叢林木置物架 (叢林木展示架) [未連接],,,,,,,
,,,,,,,,,,,,,,,,,,,,,,,,,,,,,,,,👤🟩,丛林木展示架 [未充能],jungle_shelf_unpowered,叢林木置物架 (叢林木展示架) [未充能],,,,,,,
,,,,,,,,,,,,,,,,,,,,,,,,,,,,,,,,👤🟩,丛林木告示牌 [旋转0],jungle_sign_rot_0,叢林木指示牌 (叢林木告示牌) [旋轉0],,,,,,,
,,,,,,,,,,,,,,,,,,,,,,,,,,,,,,,,👤🟩,丛林木告示牌 [旋转1],jungle_sign_rot_1,叢林木指示牌 (叢林木告示牌) [旋轉1],,,,,,,
,,,,,,,,,,,,,,,,,,,,,,,,,,,,,,,,👤🟩,丛林木告示牌 [旋转2],jungle_sign_rot_2,叢林木指示牌 (叢林木告示牌) [旋轉2],,,,,,,
,,,,,,,,,,,,,,,,,,,,,,,,,,,,,,,,👤🟩,丛林木告示牌 [旋转3],jungle_sign_rot_3,叢林木指示牌 (叢林木告示牌) [旋轉3],,,,,,,
,,,,,,,,,,,,,,,,,,,,,,,,,,,,,,,,👤🟩,丛林木台阶,jungle_slab,叢林木半磚,,,,,,,
,,,,,,,,,,,,,,,,,,,,,,,,,,,,,,,,👤🟩,丛林木台阶 [顶部],jungle_slab_top,叢林木半磚 [頂部],,,,,,,
,,,,,,,,,,,,,,,,,,,,,,,,,,,,,,,,👤🟩,丛林木楼梯,jungle_stairs,叢林木樓梯 (叢林木階梯),,,,,,,
,,,,,,,,,,,,,,,,,,,,,,,,,,,,,,,,👤🟩,丛林木楼梯 [内角],jungle_stairs_inner,叢林木樓梯 (叢林木階梯) [內角],,,,,,,
,,,,,,,,,,,,,,,,,,,,,,,,,,,,,,,,👤🟩,丛林木楼梯 [外角],jungle_stairs_outer,叢林木樓梯 (叢林木階梯) [外角],,,,,,,
,,,,,,,,,,,,,,,,,,,,,,,,,,,,,,,,👤🟩,丛林木活板门 [底部],jungle_trapdoor_bottom,叢林木地板門 [底部],,,,,,,
,,,,,,,,,,,,,,,,,,,,,,,,,,,,,,,,👤🟩,丛林木活板门 [打开],jungle_trapdoor_open,叢林木地板門 [打開],,,,,,,
,,,,,,,,,,,,,,,,,,,,,,,,,,,,,,,,👤🟩,丛林木活板门 [顶部],jungle_trapdoor_top,叢林木地板門 [頂部],,,,,,,
,,,,,,,,,,,,,,,,,,,,,,,,,,,,,,,,👤🟩,墙上的悬挂式丛林木告示牌,jungle_wall_hanging_sign,牆上的叢林木吊牌 (牆上的懸掛式叢林木告示牌),,,,,,,
,,,,,,,,,,,,,,,,,,,,,,,,,,,,,,,,👤🟩,墙上的丛林木告示牌,jungle_wall_sign,牆上的叢林木指示牌 (牆上的叢林木告示牌),,,,,,,
,,,,,,,,,,,,,,,,,,,,,,,,,,,,,,,,🟩,丛林木,jungle_wood,叢林木 (叢林木塊),,,,,,,
,,,,,,,,,,,,,,,,,,,,,,,,,,,,,,,,🟩🌊,海带,kelp,海帶,,,,,,,
,,,,,,,,,,,,,,,,,,,,,,,,,,,,,,,,🟩🌊,海带植株,kelp_plant,海帶植株,,,,,,,
,,,,,,,,,,,,,,,,,,,,,,,,,,,,,,,,👤🟩,梯子,ladder,梯 (梯子),,,,,,,
,,,,,,,,,,,,,,,,,,,,,,,,,,,,,,,,🟩💡,灯笼,lantern,燈籠,,,,,,,
,,,,,,,,,,,,,,,,,,,,,,,,,,,,,,,,🟩💡,灯笼 [悬挂],lantern_hanging,燈籠 [懸掛],,,,,,,
,,,,,,,,,,,,,,,,,,,,,,,,,,,,,,,,🟩,青金石块,lapis_block,青金石磚 (青金石方塊),,,,,,,
,,,,,,,,,,,,,,,,,,,,,,,,,,,,,,,,🟩,青金石矿石,lapis_ore,青金石礦,,,,,,,
,,,,,,,,,,,,,,,,,,,,,,,,,,,,,,,,🟩,大型紫晶芽,large_amethyst_bud,大型紫水晶芽,,,,,,,
,,,,,,,,,,,,,,,,,,,,,,,,,,,,,,,,🟩,大型蕨 [底部],large_fern_bottom,大型蕨 (大型蕨類) [底部],,,,,,,
,,,,,,,,,,,,,,,,,,,,,,,,,,,,,,,,🟩,大型蕨 [顶部],large_fern_top,大型蕨 (大型蕨類) [頂部],,,,,,,
,,,,,,,,,,,,,,,,,,,,,,,,,,,,,,,,🟩,熔岩,lava,熔巖 (熔岩),,,,,,,
,,,,,,,,,,,,,,,,,,,,,,,,,,,,,,,,👤🟩,装有熔岩的炼药锅,lava_cauldron,裝熔巖的鍋 (裝熔岩的鍋釜),,,,,,,
,,,,,,,,,,,,,,,,,,,,,,,,,,,,,,,,🟩,枯叶堆 [1],leaf_litter_1,枯葉 [1],,,,,,,
,,,,,,,,,,,,,,,,,,,,,,,,,,,,,,,,🟩,枯叶堆 [2],leaf_litter_2,枯葉 [2],,,,,,,
,,,,,,,,,,,,,,,,,,,,,,,,,,,,,,,,🟩,枯叶堆 [3],leaf_litter_3,枯葉 [3],,,,,,,
,,,,,,,,,,,,,,,,,,,,,,,,,,,,,,,,🟩,枯叶堆 [4],leaf_litter_4,枯葉 [4],,,,,,,
,,,,,,,,,,,,,,,,,,,,,,,,,,,,,,,,🟩,树叶（父模型）,leaves,樹葉（父模型）,,,,,,,
,,,,,,,,,,,,,,,,,,,,,,,,,,,,,,,,👤🟩,讲台,lectern,講台,,,,,,,
,,,,,,,,,,,,,,,,,,,,,,,,,,,,,,,,👤🟩,拉杆,lever,拉桿 (控制桿),,,,,,,
,,,,,,,,,,,,,,,,,,,,,,,,,,,,,,,,👤🟩,拉杆 [开启],lever_on,拉桿 (控制桿) [開啟],,,,,,,
,,,,,,,,,,,,,,,,,,,,,,,,,,,,,,,,🟩💡,光源方块 [00],light_00,光 (光源) [00],,,,,,,
,,,,,,,,,,,,,,,,,,,,,,,,,,,,,,,,🟩💡,光源方块 [01],light_01,光 (光源) [01],,,,,,,
,,,,,,,,,,,,,,,,,,,,,,,,,,,,,,,,🟩💡,光源方块 [02],light_02,光 (光源) [02],,,,,,,
,,,,,,,,,,,,,,,,,,,,,,,,,,,,,,,,🟩💡,光源方块 [03],light_03,光 (光源) [03],,,,,,,
,,,,,,,,,,,,,,,,,,,,,,,,,,,,,,,,🟩💡,光源方块 [04],light_04,光 (光源) [04],,,,,,,
,,,,,,,,,,,,,,,,,,,,,,,,,,,,,,,,🟩💡,光源方块 [05],light_05,光 (光源) [05],,,,,,,
,,,,,,,,,,,,,,,,,,,,,,,,,,,,,,,,🟩💡,光源方块 [06],light_06,光 (光源) [06],,,,,,,
,,,,,,,,,,,,,,,,,,,,,,,,,,,,,,,,🟩💡,光源方块 [07],light_07,光 (光源) [07],,,,,,,
,,,,,,,,,,,,,,,,,,,,,,,,,,,,,,,,🟩💡,光源方块 [08],light_08,光 (光源) [08],,,,,,,
,,,,,,,,,,,,,,,,,,,,,,,,,,,,,,,,🟩💡,光源方块 [09],light_09,光 (光源) [09],,,,,,,
,,,,,,,,,,,,,,,,,,,,,,,,,,,,,,,,🟩💡,光源方块 [10],light_10,光 (光源) [10],,,,,,,
,,,,,,,,,,,,,,,,,,,,,,,,,,,,,,,,🟩💡,光源方块 [11],light_11,光 (光源) [11],,,,,,,
,,,,,,,,,,,,,,,,,,,,,,,,,,,,,,,,🟩💡,光源方块 [12],light_12,光 (光源) [12],,,,,,,
,,,,,,,,,,,,,,,,,,,,,,,,,,,,,,,,🟩💡,光源方块 [13],light_13,光 (光源) [13],,,,,,,
,,,,,,,,,,,,,,,,,,,,,,,,,,,,,,,,🟩💡,光源方块 [14],light_14,光 (光源) [14],,,,,,,
,,,,,,,,,,,,,,,,,,,,,,,,,,,,,,,,🟩💡,光源方块 [15],light_15,光 (光源) [15],,,,,,,
,,,,,,,,,,,,,,,,,,,,,,,,,,,,,,,,👤🟩💡,淡蓝色床 [尾],light_blue_bed_foot,淺藍色牀 (淺藍色床) [尾],,,,,,,
,,,,,,,,,,,,,,,,,,,,,,,,,,,,,,,,👤🟩💡,淡蓝色床 [头],light_blue_bed_head,淺藍色牀 (淺藍色床) [頭],,,,,,,
,,,,,,,,,,,,,,,,,,,,,,,,,,,,,,,,👤🟩💡,插上淡蓝色蜡烛的蛋糕,light_blue_candle_cake,插上淺藍色蠟燭的蛋糕,,,,,,,
,,,,,,,,,,,,,,,,,,,,,,,,,,,,,,,,👤🟩💡,插上淡蓝色蜡烛的蛋糕 [点燃],light_blue_candle_cake_lit,插上淺藍色蠟燭的蛋糕 [點燃],,,,,,,
,,,,,,,,,,,,,,,,,,,,,,,,,,,,,,,,👤🟩💡,淡蓝色蜡烛 [四支蜡烛],light_blue_candle_four_candles,淺藍色蠟燭 [四支蠟燭],,,,,,,
,,,,,,,,,,,,,,,,,,,,,,,,,,,,,,,,👤🟩💡,淡蓝色蜡烛 [四支蜡烛点燃],light_blue_candle_four_candles_lit,淺藍色蠟燭 [四支蠟燭點燃],,,,,,,
,,,,,,,,,,,,,,,,,,,,,,,,,,,,,,,,👤🟩💡,淡蓝色蜡烛 [一支蜡烛],light_blue_candle_one_candle,淺藍色蠟燭 [一支蠟燭],,,,,,,
,,,,,,,,,,,,,,,,,,,,,,,,,,,,,,,,👤🟩💡,淡蓝色蜡烛 [一支蜡烛点燃],light_blue_candle_one_candle_lit,淺藍色蠟燭 [一支蠟燭點燃],,,,,,,
,,,,,,,,,,,,,,,,,,,,,,,,,,,,,,,,👤🟩💡,淡蓝色蜡烛 [三支蜡烛],light_blue_candle_three_candles,淺藍色蠟燭 [三支蠟燭],,,,,,,
,,,,,,,,,,,,,,,,,,,,,,,,,,,,,,,,👤🟩💡,淡蓝色蜡烛 [三支蜡烛点燃],light_blue_candle_three_candles_lit,淺藍色蠟燭 [三支蠟燭點燃],,,,,,,
,,,,,,,,,,,,,,,,,,,,,,,,,,,,,,,,👤🟩💡,淡蓝色蜡烛 [两支蜡烛],light_blue_candle_two_candles,淺藍色蠟燭 [兩支蠟燭],,,,,,,
,,,,,,,,,,,,,,,,,,,,,,,,,,,,,,,,👤🟩💡,淡蓝色蜡烛 [两支蜡烛点燃],light_blue_candle_two_candles_lit,淺藍色蠟燭 [兩支蠟燭點燃],,,,,,,
,,,,,,,,,,,,,,,,,,,,,,,,,,,,,,,,👤🟩💡,淡蓝色地毯,light_blue_carpet,淺藍色地氈 (淺藍色地毯),,,,,,,
,,,,,,,,,,,,,,,,,,,,,,,,,,,,,,,,👤🟩💡,淡蓝色混凝土,light_blue_concrete,淺藍色混凝土,,,,,,,
,,,,,,,,,,,,,,,,,,,,,,,,,,,,,,,,👤🟩💡,淡蓝色混凝土粉末,light_blue_concrete_powder,淺藍色混凝土粉末,,,,,,,
,,,,,,,,,,,,,,,,,,,,,,,,,,,,,,,,👤🟩💡,淡蓝色带釉陶瓦,light_blue_glazed_terracotta,淺藍色釉陶,,,,,,,
,,,,,,,,,,,,,,,,,,,,,,,,,,,,,,,,🟨💡,淡蓝色潜影盒,light_blue_shulker_box,淺藍色界伏盒,,,,,,,
,,,,,,,,,,,,,,,,,,,,,,,,,,,,,,,,👤🟩💡,淡蓝色染色玻璃,light_blue_stained_glass,淺藍色染色玻璃 (淺藍色玻璃),,,,,,,
,,,,,,,,,,,,,,,,,,,,,,,,,,,,,,,,👤🟩💡,淡蓝色染色玻璃板 [无边],light_blue_stained_glass_pane_noside,淺藍色染色玻璃片 (淺藍色玻璃片) [無邊],,,,,,,
,,,,,,,,,,,,,,,,,,,,,,,,,,,,,,,,👤🟩💡,淡蓝色染色玻璃板 [无边交替],light_blue_stained_glass_pane_noside_alt,淺藍色染色玻璃片 (淺藍色玻璃片) [無邊交替],,,,,,,
,,,,,,,,,,,,,,,,,,,,,,,,,,,,,,,,👤🟩💡,淡蓝色染色玻璃板 [柱],light_blue_stained_glass_pane_post,淺藍色染色玻璃片 (淺藍色玻璃片) [柱],,,,,,,
,,,,,,,,,,,,,,,,,,,,,,,,,,,,,,,,👤🟩💡,淡蓝色染色玻璃板 [边],light_blue_stained_glass_pane_side,淺藍色染色玻璃片 (淺藍色玻璃片) [邊],,,,,,,
,,,,,,,,,,,,,,,,,,,,,,,,,,,,,,,,👤🟩💡,淡蓝色染色玻璃板 [边交替],light_blue_stained_glass_pane_side_alt,淺藍色染色玻璃片 (淺藍色玻璃片) [邊交替],,,,,,,
,,,,,,,,,,,,,,,,,,,,,,,,,,,,,,,,👤🟩💡,淡蓝色陶瓦,light_blue_terracotta,淺藍色陶瓦 (淺藍色陶土),,,,,,,
,,,,,,,,,,,,,,,,,,,,,,,,,,,,,,,,👤🟩💡,淡蓝色羊毛,light_blue_wool,淺藍色羊毛,,,,,,,
,,,,,,,,,,,,,,,,,,,,,,,,,,,,,,,,👤🟩💡,淡灰色床 [尾],light_gray_bed_foot,淺灰色牀 (淺灰色床) [尾],,,,,,,
,,,,,,,,,,,,,,,,,,,,,,,,,,,,,,,,👤🟩💡,淡灰色床 [头],light_gray_bed_head,淺灰色牀 (淺灰色床) [頭],,,,,,,
,,,,,,,,,,,,,,,,,,,,,,,,,,,,,,,,👤🟩💡,插上淡灰色蜡烛的蛋糕,light_gray_candle_cake,插上淺灰色蠟燭的蛋糕,,,,,,,
,,,,,,,,,,,,,,,,,,,,,,,,,,,,,,,,👤🟩💡,插上淡灰色蜡烛的蛋糕 [点燃],light_gray_candle_cake_lit,插上淺灰色蠟燭的蛋糕 [點燃],,,,,,,
,,,,,,,,,,,,,,,,,,,,,,,,,,,,,,,,👤🟩💡,淡灰色蜡烛 [四支蜡烛],light_gray_candle_four_candles,淺灰色蠟燭 [四支蠟燭],,,,,,,
,,,,,,,,,,,,,,,,,,,,,,,,,,,,,,,,👤🟩💡,淡灰色蜡烛 [四支蜡烛点燃],light_gray_candle_four_candles_lit,淺灰色蠟燭 [四支蠟燭點燃],,,,,,,
,,,,,,,,,,,,,,,,,,,,,,,,,,,,,,,,👤🟩💡,淡灰色蜡烛 [一支蜡烛],light_gray_candle_one_candle,淺灰色蠟燭 [一支蠟燭],,,,,,,
,,,,,,,,,,,,,,,,,,,,,,,,,,,,,,,,👤🟩💡,淡灰色蜡烛 [一支蜡烛点燃],light_gray_candle_one_candle_lit,淺灰色蠟燭 [一支蠟燭點燃],,,,,,,
,,,,,,,,,,,,,,,,,,,,,,,,,,,,,,,,👤🟩💡,淡灰色蜡烛 [三支蜡烛],light_gray_candle_three_candles,淺灰色蠟燭 [三支蠟燭],,,,,,,
,,,,,,,,,,,,,,,,,,,,,,,,,,,,,,,,👤🟩💡,淡灰色蜡烛 [三支蜡烛点燃],light_gray_candle_three_candles_lit,淺灰色蠟燭 [三支蠟燭點燃],,,,,,,
,,,,,,,,,,,,,,,,,,,,,,,,,,,,,,,,👤🟩💡,淡灰色蜡烛 [两支蜡烛],light_gray_candle_two_candles,淺灰色蠟燭 [兩支蠟燭],,,,,,,
,,,,,,,,,,,,,,,,,,,,,,,,,,,,,,,,👤🟩💡,淡灰色蜡烛 [两支蜡烛点燃],light_gray_candle_two_candles_lit,淺灰色蠟燭 [兩支蠟燭點燃],,,,,,,
,,,,,,,,,,,,,,,,,,,,,,,,,,,,,,,,👤🟩💡,淡灰色地毯,light_gray_carpet,淺灰色地氈 (淺灰色地毯),,,,,,,
,,,,,,,,,,,,,,,,,,,,,,,,,,,,,,,,👤🟩💡,淡灰色混凝土,light_gray_concrete,淺灰色混凝土,,,,,,,
,,,,,,,,,,,,,,,,,,,,,,,,,,,,,,,,👤🟩💡,淡灰色混凝土粉末,light_gray_concrete_powder,淺灰色混凝土粉末,,,,,,,
,,,,,,,,,,,,,,,,,,,,,,,,,,,,,,,,👤🟩💡,淡灰色带釉陶瓦,light_gray_glazed_terracotta,淺灰色釉陶,,,,,,,
,,,,,,,,,,,,,,,,,,,,,,,,,,,,,,,,🟨💡,淡灰色潜影盒,light_gray_shulker_box,淺灰色界伏盒,,,,,,,
,,,,,,,,,,,,,,,,,,,,,,,,,,,,,,,,👤🟩💡,淡灰色染色玻璃,light_gray_stained_glass,淺灰色染色玻璃 (淺灰色玻璃),,,,,,,
,,,,,,,,,,,,,,,,,,,,,,,,,,,,,,,,👤🟩💡,淡灰色染色玻璃板 [无边],light_gray_stained_glass_pane_noside,淺灰色染色玻璃片 (淺灰色玻璃片) [無邊],,,,,,,
,,,,,,,,,,,,,,,,,,,,,,,,,,,,,,,,👤🟩💡,淡灰色染色玻璃板 [无边交替],light_gray_stained_glass_pane_noside_alt,淺灰色染色玻璃片 (淺灰色玻璃片) [無邊交替],,,,,,,
,,,,,,,,,,,,,,,,,,,,,,,,,,,,,,,,👤🟩💡,淡灰色染色玻璃板 [柱],light_gray_stained_glass_pane_post,淺灰色染色玻璃片 (淺灰色玻璃片) [柱],,,,,,,
,,,,,,,,,,,,,,,,,,,,,,,,,,,,,,,,👤🟩💡,淡灰色染色玻璃板 [边],light_gray_stained_glass_pane_side,淺灰色染色玻璃片 (淺灰色玻璃片) [邊],,,,,,,
,,,,,,,,,,,,,,,,,,,,,,,,,,,,,,,,👤🟩💡,淡灰色染色玻璃板 [边交替],light_gray_stained_glass_pane_side_alt,淺灰色染色玻璃片 (淺灰色玻璃片) [邊交替],,,,,,,
,,,,,,,,,,,,,,,,,,,,,,,,,,,,,,,,👤🟩💡,淡灰色陶瓦,light_gray_terracotta,淺灰色陶瓦 (淺灰色陶土),,,,,,,
,,,,,,,,,,,,,,,,,,,,,,,,,,,,,,,,👤🟩💡,淡灰色羊毛,light_gray_wool,淺灰色羊毛,,,,,,,
,,,,,,,,,,,,,,,,,,,,,,,,,,,,,,,,👤🟩💡,轻质测重压力板,light_weighted_pressure_plate,輕質測重壓力板,,,,,,,
,,,,,,,,,,,,,,,,,,,,,,,,,,,,,,,,👤🟩💡,轻质测重压力板 [按下],light_weighted_pressure_plate_down,輕質測重壓力板 [按下],,,,,,,
,,,,,,,,,,,,,,,,,,,,,,,,,,,,,,,,👤🟩,避雷针,lightning_rod,避雷針,,,,,,,
,,,,,,,,,,,,,,,,,,,,,,,,,,,,,,,,👤🟩,避雷针 [开启],lightning_rod_on,避雷針 [開啟],,,,,,,
,,,,,,,,,,,,,,,,,,,,,,,,,,,,,,,,🟩,丁香 [底部],lilac_bottom,紫丁香 [底部],,,,,,,
,,,,,,,,,,,,,,,,,,,,,,,,,,,,,,,,🟩,丁香 [顶部],lilac_top,紫丁香 [頂部],,,,,,,
,,,,,,,,,,,,,,,,,,,,,,,,,,,,,,,,🟩,铃兰,lily_of_the_valley,鈴蘭,,,,,,,
,,,,,,,,,,,,,,,,,,,,,,,,,,,,,,,,🟩,睡莲,lily_pad,荷葉,,,,,,,
,,,,,,,,,,,,,,,,,,,,,,,,,,,,,,,,👤🟩,黄绿色床 [尾],lime_bed_foot,淺綠色牀 (淺綠色床) [尾],,,,,,,
,,,,,,,,,,,,,,,,,,,,,,,,,,,,,,,,👤🟩,黄绿色床 [头],lime_bed_head,淺綠色牀 (淺綠色床) [頭],,,,,,,
,,,,,,,,,,,,,,,,,,,,,,,,,,,,,,,,👤🟩💡,插上黄绿色蜡烛的蛋糕,lime_candle_cake,插上淺綠色蠟燭的蛋糕,,,,,,,
,,,,,,,,,,,,,,,,,,,,,,,,,,,,,,,,👤🟩💡,插上黄绿色蜡烛的蛋糕 [点燃],lime_candle_cake_lit,插上淺綠色蠟燭的蛋糕 [點燃],,,,,,,
,,,,,,,,,,,,,,,,,,,,,,,,,,,,,,,,👤🟩💡,黄绿色蜡烛 [四支蜡烛],lime_candle_four_candles,淺綠色蠟燭 [四支蠟燭],,,,,,,
,,,,,,,,,,,,,,,,,,,,,,,,,,,,,,,,👤🟩💡,黄绿色蜡烛 [四支蜡烛点燃],lime_candle_four_candles_lit,淺綠色蠟燭 [四支蠟燭點燃],,,,,,,
,,,,,,,,,,,,,,,,,,,,,,,,,,,,,,,,👤🟩💡,黄绿色蜡烛 [一支蜡烛],lime_candle_one_candle,淺綠色蠟燭 [一支蠟燭],,,,,,,
,,,,,,,,,,,,,,,,,,,,,,,,,,,,,,,,👤🟩💡,黄绿色蜡烛 [一支蜡烛点燃],lime_candle_one_candle_lit,淺綠色蠟燭 [一支蠟燭點燃],,,,,,,
,,,,,,,,,,,,,,,,,,,,,,,,,,,,,,,,👤🟩💡,黄绿色蜡烛 [三支蜡烛],lime_candle_three_candles,淺綠色蠟燭 [三支蠟燭],,,,,,,
,,,,,,,,,,,,,,,,,,,,,,,,,,,,,,,,👤🟩💡,黄绿色蜡烛 [三支蜡烛点燃],lime_candle_three_candles_lit,淺綠色蠟燭 [三支蠟燭點燃],,,,,,,
,,,,,,,,,,,,,,,,,,,,,,,,,,,,,,,,👤🟩💡,黄绿色蜡烛 [两支蜡烛],lime_candle_two_candles,淺綠色蠟燭 [兩支蠟燭],,,,,,,
,,,,,,,,,,,,,,,,,,,,,,,,,,,,,,,,👤🟩💡,黄绿色蜡烛 [两支蜡烛点燃],lime_candle_two_candles_lit,淺綠色蠟燭 [兩支蠟燭點燃],,,,,,,
,,,,,,,,,,,,,,,,,,,,,,,,,,,,,,,,👤🟩,黄绿色地毯,lime_carpet,淺綠色地氈 (淺綠色地毯),,,,,,,
,,,,,,,,,,,,,,,,,,,,,,,,,,,,,,,,👤🟩,黄绿色混凝土,lime_concrete,淺綠色混凝土,,,,,,,
,,,,,,,,,,,,,,,,,,,,,,,,,,,,,,,,👤🟩,黄绿色混凝土粉末,lime_concrete_powder,淺綠色混凝土粉末,,,,,,,
,,,,,,,,,,,,,,,,,,,,,,,,,,,,,,,,👤🟩,黄绿色带釉陶瓦,lime_glazed_terracotta,淺綠色釉陶,,,,,,,
,,,,,,,,,,,,,,,,,,,,,,,,,,,,,,,,🟨,黄绿色潜影盒,lime_shulker_box,淺綠色界伏盒,,,,,,,
,,,,,,,,,,,,,,,,,,,,,,,,,,,,,,,,👤🟩,黄绿色染色玻璃,lime_stained_glass,淺綠色染色玻璃 (淺綠色玻璃),,,,,,,
,,,,,,,,,,,,,,,,,,,,,,,,,,,,,,,,👤🟩,黄绿色染色玻璃板 [无边],lime_stained_glass_pane_noside,淺綠色染色玻璃片 (淺綠色玻璃片) [無邊],,,,,,,
,,,,,,,,,,,,,,,,,,,,,,,,,,,,,,,,👤🟩,黄绿色染色玻璃板 [无边交替],lime_stained_glass_pane_noside_alt,淺綠色染色玻璃片 (淺綠色玻璃片) [無邊交替],,,,,,,
,,,,,,,,,,,,,,,,,,,,,,,,,,,,,,,,👤🟩,黄绿色染色玻璃板 [柱],lime_stained_glass_pane_post,淺綠色染色玻璃片 (淺綠色玻璃片) [柱],,,,,,,
,,,,,,,,,,,,,,,,,,,,,,,,,,,,,,,,👤🟩,黄绿色染色玻璃板 [边],lime_stained_glass_pane_side,淺綠色染色玻璃片 (淺綠色玻璃片) [邊],,,,,,,
,,,,,,,,,,,,,,,,,,,,,,,,,,,,,,,,👤🟩,黄绿色染色玻璃板 [边交替],lime_stained_glass_pane_side_alt,淺綠色染色玻璃片 (淺綠色玻璃片) [邊交替],,,,,,,
,,,,,,,,,,,,,,,,,,,,,,,,,,,,,,,,👤🟩,黄绿色陶瓦,lime_terracotta,淺綠色陶瓦 (淺綠色陶土),,,,,,,
,,,,,,,,,,,,,,,,,,,,,,,,,,,,,,,,👤🟩,黄绿色羊毛,lime_wool,淺綠色羊毛,,,,,,,
,,,,,,,,,,,,,,,,,,,,,,,,,,,,,,,,🟩,磁石,lodestone,磁石,,,,,,,
,,,,,,,,,,,,,,,,,,,,,,,,,,,,,,,,👤🟩,织布机,loom,織布機 (紡織機),,,,,,,
,,,,,,,,,,,,,,,,,,,,,,,,,,,,,,,,👤🟩,品红色床 [尾],magenta_bed_foot,紫紅色牀 (洋紅色床) [尾],,,,,,,
,,,,,,,,,,,,,,,,,,,,,,,,,,,,,,,,👤🟩,品红色床 [头],magenta_bed_head,紫紅色牀 (洋紅色床) [頭],,,,,,,
,,,,,,,,,,,,,,,,,,,,,,,,,,,,,,,,👤🟩💡,插上品红色蜡烛的蛋糕,magenta_candle_cake,插上紫紅色蠟燭的蛋糕 (插上洋紅色蠟燭的蛋糕),,,,,,,
,,,,,,,,,,,,,,,,,,,,,,,,,,,,,,,,👤🟩💡,插上品红色蜡烛的蛋糕 [点燃],magenta_candle_cake_lit,插上紫紅色蠟燭的蛋糕 (插上洋紅色蠟燭的蛋糕) [點燃],,,,,,,
,,,,,,,,,,,,,,,,,,,,,,,,,,,,,,,,👤🟩💡,品红色蜡烛 [四支蜡烛],magenta_candle_four_candles,紫紅色蠟燭 (洋紅色蠟燭) [四支蠟燭],,,,,,,
,,,,,,,,,,,,,,,,,,,,,,,,,,,,,,,,👤🟩💡,品红色蜡烛 [四支蜡烛点燃],magenta_candle_four_candles_lit,紫紅色蠟燭 (洋紅色蠟燭) [四支蠟燭點燃],,,,,,,
,,,,,,,,,,,,,,,,,,,,,,,,,,,,,,,,👤🟩💡,品红色蜡烛 [一支蜡烛],magenta_candle_one_candle,紫紅色蠟燭 (洋紅色蠟燭) [一支蠟燭],,,,,,,
,,,,,,,,,,,,,,,,,,,,,,,,,,,,,,,,👤🟩💡,品红色蜡烛 [一支蜡烛点燃],magenta_candle_one_candle_lit,紫紅色蠟燭 (洋紅色蠟燭) [一支蠟燭點燃],,,,,,,
,,,,,,,,,,,,,,,,,,,,,,,,,,,,,,,,👤🟩💡,品红色蜡烛 [三支蜡烛],magenta_candle_three_candles,紫紅色蠟燭 (洋紅色蠟燭) [三支蠟燭],,,,,,,
,,,,,,,,,,,,,,,,,,,,,,,,,,,,,,,,👤🟩💡,品红色蜡烛 [三支蜡烛点燃],magenta_candle_three_candles_lit,紫紅色蠟燭 (洋紅色蠟燭) [三支蠟燭點燃],,,,,,,
,,,,,,,,,,,,,,,,,,,,,,,,,,,,,,,,👤🟩💡,品红色蜡烛 [两支蜡烛],magenta_candle_two_candles,紫紅色蠟燭 (洋紅色蠟燭) [兩支蠟燭],,,,,,,
,,,,,,,,,,,,,,,,,,,,,,,,,,,,,,,,👤🟩💡,品红色蜡烛 [两支蜡烛点燃],magenta_candle_two_candles_lit,紫紅色蠟燭 (洋紅色蠟燭) [兩支蠟燭點燃],,,,,,,
,,,,,,,,,,,,,,,,,,,,,,,,,,,,,,,,👤🟩,品红色地毯,magenta_carpet,紫紅色地氈 (洋紅色地毯),,,,,,,
,,,,,,,,,,,,,,,,,,,,,,,,,,,,,,,,👤🟩,品红色混凝土,magenta_concrete,紫紅色混凝土 (洋紅色混凝土),,,,,,,
,,,,,,,,,,,,,,,,,,,,,,,,,,,,,,,,👤🟩,品红色混凝土粉末,magenta_concrete_powder,紫紅色混凝土粉末 (洋紅色混凝土粉末),,,,,,,
,,,,,,,,,,,,,,,,,,,,,,,,,,,,,,,,👤🟩,品红色带釉陶瓦,magenta_glazed_terracotta,紫紅色釉陶 (洋紅色釉陶),,,,,,,
,,,,,,,,,,,,,,,,,,,,,,,,,,,,,,,,🟨,品红色潜影盒,magenta_shulker_box,紫紅色界伏盒 (洋紅色界伏盒),,,,,,,
,,,,,,,,,,,,,,,,,,,,,,,,,,,,,,,,👤🟩,品红色染色玻璃,magenta_stained_glass,紫紅色染色玻璃 (洋紅色玻璃),,,,,,,
,,,,,,,,,,,,,,,,,,,,,,,,,,,,,,,,👤🟩,品红色染色玻璃板 [无边],magenta_stained_glass_pane_noside,紫紅色染色玻璃片 (洋紅色玻璃片) [無邊],,,,,,,
,,,,,,,,,,,,,,,,,,,,,,,,,,,,,,,,👤🟩,品红色染色玻璃板 [无边交替],magenta_stained_glass_pane_noside_alt,紫紅色染色玻璃片 (洋紅色玻璃片) [無邊交替],,,,,,,
,,,,,,,,,,,,,,,,,,,,,,,,,,,,,,,,👤🟩,品红色染色玻璃板 [柱],magenta_stained_glass_pane_post,紫紅色染色玻璃片 (洋紅色玻璃片) [柱],,,,,,,
,,,,,,,,,,,,,,,,,,,,,,,,,,,,,,,,👤🟩,品红色染色玻璃板 [边],magenta_stained_glass_pane_side,紫紅色染色玻璃片 (洋紅色玻璃片) [邊],,,,,,,
,,,,,,,,,,,,,,,,,,,,,,,,,,,,,,,,👤🟩,品红色染色玻璃板 [边交替],magenta_stained_glass_pane_side_alt,紫紅色染色玻璃片 (洋紅色玻璃片) [邊交替],,,,,,,
,,,,,,,,,,,,,,,,,,,,,,,,,,,,,,,,👤🟩,品红色陶瓦,magenta_terracotta,紫紅色陶瓦 (洋紅色陶土),,,,,,,
,,,,,,,,,,,,,,,,,,,,,,,,,,,,,,,,👤🟩,品红色羊毛,magenta_wool,紫紅色羊毛 (洋紅色羊毛),,,,,,,
,,,,,,,,,,,,,,,,,,,,,,,,,,,,,,,,🟥💡,岩浆块,magma_block,巖漿塊 (岩漿塊),,,,,,,
,,,,,,,,,,,,,,,,,,,,,,,,,,,,,,,,👤🟩,红树木按钮,mangrove_button,紅樹木按鈕 (紅樹林木按鈕),,,,,,,
,,,,,,,,,,,,,,,,,,,,,,,,,,,,,,,,👤🟩,红树木按钮 [物品栏],mangrove_button_inventory,紅樹木按鈕 (紅樹林木按鈕) [物品欄],,,,,,,
,,,,,,,,,,,,,,,,,,,,,,,,,,,,,,,,👤🟩,红树木按钮 [按下],mangrove_button_pressed,紅樹木按鈕 (紅樹林木按鈕) [按下],,,,,,,
,,,,,,,,,,,,,,,,,,,,,,,,,,,,,,,,👤🟩,红树木门 [底部左],mangrove_door_bottom_left,紅樹木門 (紅樹林木門) [底部左],,,,,,,
,,,,,,,,,,,,,,,,,,,,,,,,,,,,,,,,👤🟩,红树木门 [底部左打开],mangrove_door_bottom_left_open,紅樹木門 (紅樹林木門) [底部左打開],,,,,,,
,,,,,,,,,,,,,,,,,,,,,,,,,,,,,,,,👤🟩,红树木门 [底部右],mangrove_door_bottom_right,紅樹木門 (紅樹林木門) [底部右],,,,,,,
,,,,,,,,,,,,,,,,,,,,,,,,,,,,,,,,👤🟩,红树木门 [底部右打开],mangrove_door_bottom_right_open,紅樹木門 (紅樹林木門) [底部右打開],,,,,,,
,,,,,,,,,,,,,,,,,,,,,,,,,,,,,,,,👤🟩,红树木门 [顶部左],mangrove_door_top_left,紅樹木門 (紅樹林木門) [頂部左],,,,,,,
,,,,,,,,,,,,,,,,,,,,,,,,,,,,,,,,👤🟩,红树木门 [顶部左打开],mangrove_door_top_left_open,紅樹木門 (紅樹林木門) [頂部左打開],,,,,,,
,,,,,,,,,,,,,,,,,,,,,,,,,,,,,,,,👤🟩,红树木门 [顶部右],mangrove_door_top_right,紅樹木門 (紅樹林木門) [頂部右],,,,,,,
,,,,,,,,,,,,,,,,,,,,,,,,,,,,,,,,👤🟩,红树木门 [顶部右打开],mangrove_door_top_right_open,紅樹木門 (紅樹林木門) [頂部右打開],,,,,,,
,,,,,,,,,,,,,,,,,,,,,,,,,,,,,,,,👤🟩,红树木栅栏门,mangrove_fence_gate,紅樹木閘門 (紅樹林木柵欄門),,,,,,,
,,,,,,,,,,,,,,,,,,,,,,,,,,,,,,,,👤🟩,红树木栅栏门 [打开],mangrove_fence_gate_open,紅樹木閘門 (紅樹林木柵欄門) [打開],,,,,,,
,,,,,,,,,,,,,,,,,,,,,,,,,,,,,,,,👤🟩,红树木栅栏门 [墙上],mangrove_fence_gate_wall,紅樹木閘門 (紅樹林木柵欄門) [牆上],,,,,,,
,,,,,,,,,,,,,,,,,,,,,,,,,,,,,,,,👤🟩,红树木栅栏门 [墙上打开],mangrove_fence_gate_wall_open,紅樹木閘門 (紅樹林木柵欄門) [牆上打開],,,,,,,
,,,,,,,,,,,,,,,,,,,,,,,,,,,,,,,,👤🟩,红树木栅栏 [物品栏],mangrove_fence_inventory,紅樹木欄杆 (紅樹林木柵欄) [物品欄],,,,,,,
,,,,,,,,,,,,,,,,,,,,,,,,,,,,,,,,👤🟩,红树木栅栏 [柱],mangrove_fence_post,紅樹木欄杆 (紅樹林木柵欄) [柱],,,,,,,
,,,,,,,,,,,,,,,,,,,,,,,,,,,,,,,,👤🟩,红树木栅栏 [边],mangrove_fence_side,紅樹木欄杆 (紅樹林木柵欄) [邊],,,,,,,
,,,,,,,,,,,,,,,,,,,,,,,,,,,,,,,,👤🟩,悬挂式红树木告示牌 [附着旋转0],mangrove_hanging_sign_attached_rot_0,紅樹木吊牌 (懸掛式紅樹林木告示牌) [附著旋轉0],,,,,,,
,,,,,,,,,,,,,,,,,,,,,,,,,,,,,,,,👤🟩,悬挂式红树木告示牌 [附着旋转1],mangrove_hanging_sign_attached_rot_1,紅樹木吊牌 (懸掛式紅樹林木告示牌) [附著旋轉1],,,,,,,
,,,,,,,,,,,,,,,,,,,,,,,,,,,,,,,,👤🟩,悬挂式红树木告示牌 [附着旋转2],mangrove_hanging_sign_attached_rot_2,紅樹木吊牌 (懸掛式紅樹林木告示牌) [附著旋轉2],,,,,,,
,,,,,,,,,,,,,,,,,,,,,,,,,,,,,,,,👤🟩,悬挂式红树木告示牌 [附着旋转3],mangrove_hanging_sign_attached_rot_3,紅樹木吊牌 (懸掛式紅樹林木告示牌) [附著旋轉3],,,,,,,
,,,,,,,,,,,,,,,,,,,,,,,,,,,,,,,,👤🟩,悬挂式红树木告示牌 [旋转0],mangrove_hanging_sign_rot_0,紅樹木吊牌 (懸掛式紅樹林木告示牌) [旋轉0],,,,,,,
,,,,,,,,,,,,,,,,,,,,,,,,,,,,,,,,👤🟩,悬挂式红树木告示牌 [旋转1],mangrove_hanging_sign_rot_1,紅樹木吊牌 (懸掛式紅樹林木告示牌) [旋轉1],,,,,,,
,,,,,,,,,,,,,,,,,,,,,,,,,,,,,,,,👤🟩,悬挂式红树木告示牌 [旋转2],mangrove_hanging_sign_rot_2,紅樹木吊牌 (懸掛式紅樹林木告示牌) [旋轉2],,,,,,,
,,,,,,,,,,,,,,,,,,,,,,,,,,,,,,,,👤🟩,悬挂式红树木告示牌 [旋转3],mangrove_hanging_sign_rot_3,紅樹木吊牌 (懸掛式紅樹林木告示牌) [旋轉3],,,,,,,
,,,,,,,,,,,,,,,,,,,,,,,,,,,,,,,,🟩,红树树叶,mangrove_leaves,紅樹木樹葉 (紅樹林木樹葉),,,,,,,
,,,,,,,,,,,,,,,,,,,,,,,,,,,,,,,,🟩,红树原木,mangrove_log,紅樹木原木 (紅樹林木原木),,,,,,,
,,,,,,,,,,,,,,,,,,,,,,,,,,,,,,,,🟩,红树原木 [水平],mangrove_log_horizontal,紅樹木原木 (紅樹林木原木) [水平],,,,,,,
,,,,,,,,,,,,,,,,,,,,,,,,,,,,,,,,👤🟩,红树木板,mangrove_planks,紅樹木板 (紅樹林木材),,,,,,,
,,,,,,,,,,,,,,,,,,,,,,,,,,,,,,,,👤🟩,红树木压力板,mangrove_pressure_plate,紅樹木壓力板 (紅樹林木壓力板),,,,,,,
,,,,,,,,,,,,,,,,,,,,,,,,,,,,,,,,👤🟩,红树木压力板 [按下],mangrove_pressure_plate_down,紅樹木壓力板 (紅樹林木壓力板) [按下],,,,,,,
,,,,,,,,,,,,,,,,,,,,,,,,,,,,,,,,🟩,红树胎生苗,mangrove_propagule,紅樹胎生苗 (紅樹林木胎生苗),,,,,,,
,,,,,,,,,,,,,,,,,,,,,,,,,,,,,,,,🟩,红树胎生苗 [悬挂0],mangrove_propagule_hanging_0,紅樹胎生苗 (紅樹林木胎生苗) [懸掛0],,,,,,,
,,,,,,,,,,,,,,,,,,,,,,,,,,,,,,,,🟩,红树胎生苗 [悬挂1],mangrove_propagule_hanging_1,紅樹胎生苗 (紅樹林木胎生苗) [懸掛1],,,,,,,
,,,,,,,,,,,,,,,,,,,,,,,,,,,,,,,,🟩,红树胎生苗 [悬挂2],mangrove_propagule_hanging_2,紅樹胎生苗 (紅樹林木胎生苗) [懸掛2],,,,,,,
,,,,,,,,,,,,,,,,,,,,,,,,,,,,,,,,🟩,红树胎生苗 [悬挂3],mangrove_propagule_hanging_3,紅樹胎生苗 (紅樹林木胎生苗) [懸掛3],,,,,,,
,,,,,,,,,,,,,,,,,,,,,,,,,,,,,,,,🟩,红树胎生苗 [悬挂4],mangrove_propagule_hanging_4,紅樹胎生苗 (紅樹林木胎生苗) [懸掛4],,,,,,,
,,,,,,,,,,,,,,,,,,,,,,,,,,,,,,,,🟩,红树根,mangrove_roots,紅樹根 (紅樹林木根),,,,,,,
,,,,,,,,,,,,,,,,,,,,,,,,,,,,,,,,👤🟩,红树木展示架,mangrove_shelf,紅樹木置物架 (紅樹林木展示架),,,,,,,
,,,,,,,,,,,,,,,,,,,,,,,,,,,,,,,,👤🟩,红树木展示架 [中],mangrove_shelf_center,紅樹木置物架 (紅樹林木展示架) [中],,,,,,,
,,,,,,,,,,,,,,,,,,,,,,,,,,,,,,,,👤🟩,红树木展示架 [物品栏],mangrove_shelf_inventory,紅樹木置物架 (紅樹林木展示架) [物品欄],,,,,,,
,,,,,,,,,,,,,,,,,,,,,,,,,,,,,,,,👤🟩,红树木展示架 [左],mangrove_shelf_left,紅樹木置物架 (紅樹林木展示架) [左],,,,,,,
,,,,,,,,,,,,,,,,,,,,,,,,,,,,,,,,👤🟩,红树木展示架 [右],mangrove_shelf_right,紅樹木置物架 (紅樹林木展示架) [右],,,,,,,
,,,,,,,,,,,,,,,,,,,,,,,,,,,,,,,,👤🟩,红树木展示架 [未连接],mangrove_shelf_unconnected,紅樹木置物架 (紅樹林木展示架) [未連接],,,,,,,
,,,,,,,,,,,,,,,,,,,,,,,,,,,,,,,,👤🟩,红树木展示架 [未充能],mangrove_shelf_unpowered,紅樹木置物架 (紅樹林木展示架) [未充能],,,,,,,
,,,,,,,,,,,,,,,,,,,,,,,,,,,,,,,,👤🟩,红树木告示牌 [旋转0],mangrove_sign_rot_0,紅樹木指示牌 (紅樹林木告示牌) [旋轉0],,,,,,,
,,,,,,,,,,,,,,,,,,,,,,,,,,,,,,,,👤🟩,红树木告示牌 [旋转1],mangrove_sign_rot_1,紅樹木指示牌 (紅樹林木告示牌) [旋轉1],,,,,,,
,,,,,,,,,,,,,,,,,,,,,,,,,,,,,,,,👤🟩,红树木告示牌 [旋转2],mangrove_sign_rot_2,紅樹木指示牌 (紅樹林木告示牌) [旋轉2],,,,,,,
,,,,,,,,,,,,,,,,,,,,,,,,,,,,,,,,👤🟩,红树木告示牌 [旋转3],mangrove_sign_rot_3,紅樹木指示牌 (紅樹林木告示牌) [旋轉3],,,,,,,
,,,,,,,,,,,,,,,,,,,,,,,,,,,,,,,,👤🟩,红树木台阶,mangrove_slab,紅樹木半磚 (紅樹林木半磚),,,,,,,
,,,,,,,,,,,,,,,,,,,,,,,,,,,,,,,,👤🟩,红树木台阶 [顶部],mangrove_slab_top,紅樹木半磚 (紅樹林木半磚) [頂部],,,,,,,
,,,,,,,,,,,,,,,,,,,,,,,,,,,,,,,,👤🟩,红树木楼梯,mangrove_stairs,紅樹木樓梯 (紅樹林木階梯),,,,,,,
,,,,,,,,,,,,,,,,,,,,,,,,,,,,,,,,👤🟩,红树木楼梯 [内角],mangrove_stairs_inner,紅樹木樓梯 (紅樹林木階梯) [內角],,,,,,,
,,,,,,,,,,,,,,,,,,,,,,,,,,,,,,,,👤🟩,红树木楼梯 [外角],mangrove_stairs_outer,紅樹木樓梯 (紅樹林木階梯) [外角],,,,,,,
,,,,,,,,,,,,,,,,,,,,,,,,,,,,,,,,👤🟩,红树木活板门 [底部],mangrove_trapdoor_bottom,紅樹木地板門 (紅樹林木地板門) [底部],,,,,,,
,,,,,,,,,,,,,,,,,,,,,,,,,,,,,,,,👤🟩,红树木活板门 [打开],mangrove_trapdoor_open,紅樹木地板門 (紅樹林木地板門) [打開],,,,,,,
,,,,,,,,,,,,,,,,,,,,,,,,,,,,,,,,👤🟩,红树木活板门 [顶部],mangrove_trapdoor_top,紅樹木地板門 (紅樹林木地板門) [頂部],,,,,,,
,,,,,,,,,,,,,,,,,,,,,,,,,,,,,,,,👤🟩,墙上的悬挂式红树木告示牌,mangrove_wall_hanging_sign,牆上的紅樹木吊牌 (牆上的懸掛式紅樹林木告示牌),,,,,,,
,,,,,,,,,,,,,,,,,,,,,,,,,,,,,,,,👤🟩,墙上的红树木告示牌,mangrove_wall_sign,牆上的紅樹木指示牌 (牆上的紅樹林木告示牌),,,,,,,
,,,,,,,,,,,,,,,,,,,,,,,,,,,,,,,,🟩,红树木,mangrove_wood,紅樹木 (紅樹林木塊),,,,,,,
,,,,,,,,,,,,,,,,,,,,,,,,,,,,,,,,🟩,中型紫晶芽,medium_amethyst_bud,中型紫水晶芽,,,,,,,
,,,,,,,,,,,,,,,,,,,,,,,,,,,,,,,,🟩,西瓜,melon,西瓜,,,,,,,
,,,,,,,,,,,,,,,,,,,,,,,,,,,,,,,,🟩,西瓜茎 [阶段0],melon_stem_stage0,西瓜莖 (西瓜梗) [階段0],,,,,,,
,,,,,,,,,,,,,,,,,,,,,,,,,,,,,,,,🟩,西瓜茎 [阶段1],melon_stem_stage1,西瓜莖 (西瓜梗) [階段1],,,,,,,
,,,,,,,,,,,,,,,,,,,,,,,,,,,,,,,,🟩,西瓜茎 [阶段2],melon_stem_stage2,西瓜莖 (西瓜梗) [階段2],,,,,,,
,,,,,,,,,,,,,,,,,,,,,,,,,,,,,,,,🟩,西瓜茎 [阶段3],melon_stem_stage3,西瓜莖 (西瓜梗) [階段3],,,,,,,
,,,,,,,,,,,,,,,,,,,,,,,,,,,,,,,,🟩,西瓜茎 [阶段4],melon_stem_stage4,西瓜莖 (西瓜梗) [階段4],,,,,,,
,,,,,,,,,,,,,,,,,,,,,,,,,,,,,,,,🟩,西瓜茎 [阶段5],melon_stem_stage5,西瓜莖 (西瓜梗) [階段5],,,,,,,
,,,,,,,,,,,,,,,,,,,,,,,,,,,,,,,,🟩,西瓜茎 [阶段6],melon_stem_stage6,西瓜莖 (西瓜梗) [階段6],,,,,,,
,,,,,,,,,,,,,,,,,,,,,,,,,,,,,,,,🟩,西瓜茎 [阶段7],melon_stem_stage7,西瓜莖 (西瓜梗) [階段7],,,,,,,
,,,,,,,,,,,,,,,,,,,,,,,,,,,,,,,,🟩,苔藓块,moss_block,青苔方塊 (苔蘚方塊),,,,,,,
,,,,,,,,,,,,,,,,,,,,,,,,,,,,,,,,👤🟩,覆地苔藓,moss_carpet,青苔 (覆地苔蘚),,,,,,,
,,,,,,,,,,,,,,,,,,,,,,,,,,,,,,,,🟩,苔藓地毯（父模型） [边],mossy_carpet_side,苔蘚地毯（父模型） [邊],,,,,,,
,,,,,,,,,,,,,,,,,,,,,,,,,,,,,,,,🟩,苔石,mossy_cobblestone,青苔碎石 (青苔鵝卵石),,,,,,,
,,,,,,,,,,,,,,,,,,,,,,,,,,,,,,,,👤🟩,苔石台阶,mossy_cobblestone_slab,青苔碎石半磚 (青苔鵝卵石半磚),,,,,,,
,,,,,,,,,,,,,,,,,,,,,,,,,,,,,,,,👤🟩,苔石台阶 [顶部],mossy_cobblestone_slab_top,青苔碎石半磚 (青苔鵝卵石半磚) [頂部],,,,,,,
,,,,,,,,,,,,,,,,,,,,,,,,,,,,,,,,👤🟩,苔石楼梯,mossy_cobblestone_stairs,青苔碎石樓梯 (青苔鵝卵石階梯),,,,,,,
,,,,,,,,,,,,,,,,,,,,,,,,,,,,,,,,👤🟩,苔石楼梯 [内角],mossy_cobblestone_stairs_inner,青苔碎石樓梯 (青苔鵝卵石階梯) [內角],,,,,,,
,,,,,,,,,,,,,,,,,,,,,,,,,,,,,,,,👤🟩,苔石楼梯 [外角],mossy_cobblestone_stairs_outer,青苔碎石樓梯 (青苔鵝卵石階梯) [外角],,,,,,,
,,,,,,,,,,,,,,,,,,,,,,,,,,,,,,,,👤🟩,苔石墙 [物品栏],mossy_cobblestone_wall_inventory,青苔碎石牆 (青苔鵝卵石牆) [物品欄],,,,,,,
,,,,,,,,,,,,,,,,,,,,,,,,,,,,,,,,👤🟩,苔石墙 [柱],mossy_cobblestone_wall_post,青苔碎石牆 (青苔鵝卵石牆) [柱],,,,,,,
,,,,,,,,,,,,,,,,,,,,,,,,,,,,,,,,👤🟩,苔石墙 [边],mossy_cobblestone_wall_side,青苔碎石牆 (青苔鵝卵石牆) [邊],,,,,,,
,,,,,,,,,,,,,,,,,,,,,,,,,,,,,,,,👤🟩,苔石墙 [边高],mossy_cobblestone_wall_side_tall,青苔碎石牆 (青苔鵝卵石牆) [邊高],,,,,,,
,,,,,,,,,,,,,,,,,,,,,,,,,,,,,,,,👤🟩,苔石砖台阶,mossy_stone_brick_slab,青苔石磚半磚,,,,,,,
,,,,,,,,,,,,,,,,,,,,,,,,,,,,,,,,👤🟩,苔石砖台阶 [顶部],mossy_stone_brick_slab_top,青苔石磚半磚 [頂部],,,,,,,
,,,,,,,,,,,,,,,,,,,,,,,,,,,,,,,,👤🟩,苔石砖楼梯,mossy_stone_brick_stairs,青苔石磚樓梯 (青苔石磚階梯),,,,,,,
,,,,,,,,,,,,,,,,,,,,,,,,,,,,,,,,👤🟩,苔石砖楼梯 [内角],mossy_stone_brick_stairs_inner,青苔石磚樓梯 (青苔石磚階梯) [內角],,,,,,,
,,,,,,,,,,,,,,,,,,,,,,,,,,,,,,,,👤🟩,苔石砖楼梯 [外角],mossy_stone_brick_stairs_outer,青苔石磚樓梯 (青苔石磚階梯) [外角],,,,,,,
,,,,,,,,,,,,,,,,,,,,,,,,,,,,,,,,👤🟩,苔石砖墙 [物品栏],mossy_stone_brick_wall_inventory,青苔石磚牆 [物品欄],,,,,,,
,,,,,,,,,,,,,,,,,,,,,,,,,,,,,,,,👤🟩,苔石砖墙 [柱],mossy_stone_brick_wall_post,青苔石磚牆 [柱],,,,,,,
,,,,,,,,,,,,,,,,,,,,,,,,,,,,,,,,👤🟩,苔石砖墙 [边],mossy_stone_brick_wall_side,青苔石磚牆 [邊],,,,,,,
,,,,,,,,,,,,,,,,,,,,,,,,,,,,,,,,👤🟩,苔石砖墙 [边高],mossy_stone_brick_wall_side_tall,青苔石磚牆 [邊高],,,,,,,
,,,,,,,,,,,,,,,,,,,,,,,,,,,,,,,,👤🟩,苔石砖,mossy_stone_bricks,青苔石磚,,,,,,,
,,,,,,,,,,,,,,,,,,,,,,,,,,,,,,,,👤🟩,移动的活塞,moving_piston,移動的活塞 (移動中的活塞),,,,,,,
,,,,,,,,,,,,,,,,,,,,,,,,,,,,,,,,🟩,泥巴,mud,泥 (泥巴),,,,,,,
,,,,,,,,,,,,,,,,,,,,,,,,,,,,,,,,👤🟩,泥砖台阶,mud_brick_slab,泥磚半磚,,,,,,,
,,,,,,,,,,,,,,,,,,,,,,,,,,,,,,,,👤🟩,泥砖台阶 [顶部],mud_brick_slab_top,泥磚半磚 [頂部],,,,,,,
,,,,,,,,,,,,,,,,,,,,,,,,,,,,,,,,👤🟩,泥砖楼梯,mud_brick_stairs,泥磚樓梯 (泥磚階梯),,,,,,,
,,,,,,,,,,,,,,,,,,,,,,,,,,,,,,,,👤🟩,泥砖楼梯 [内角],mud_brick_stairs_inner,泥磚樓梯 (泥磚階梯) [內角],,,,,,,
,,,,,,,,,,,,,,,,,,,,,,,,,,,,,,,,👤🟩,泥砖楼梯 [外角],mud_brick_stairs_outer,泥磚樓梯 (泥磚階梯) [外角],,,,,,,
,,,,,,,,,,,,,,,,,,,,,,,,,,,,,,,,👤🟩,泥砖墙 [物品栏],mud_brick_wall_inventory,泥磚牆 [物品欄],,,,,,,
,,,,,,,,,,,,,,,,,,,,,,,,,,,,,,,,👤🟩,泥砖墙 [柱],mud_brick_wall_post,泥磚牆 [柱],,,,,,,
,,,,,,,,,,,,,,,,,,,,,,,,,,,,,,,,👤🟩,泥砖墙 [边],mud_brick_wall_side,泥磚牆 [邊],,,,,,,
,,,,,,,,,,,,,,,,,,,,,,,,,,,,,,,,👤🟩,泥砖墙 [边高],mud_brick_wall_side_tall,泥磚牆 [邊高],,,,,,,
,,,,,,,,,,,,,,,,,,,,,,,,,,,,,,,,👤🟩,泥砖,mud_bricks,泥磚,,,,,,,
,,,,,,,,,,,,,,,,,,,,,,,,,,,,,,,,👤🟩,泥砖 [西北镜像],mud_bricks_north_west_mirrored,泥磚 [西北鏡像],,,,,,,
,,,,,,,,,,,,,,,,,,,,,,,,,,,,,,,,🟩,沾泥的红树根,muddy_mangrove_roots,泥濘的紅樹根 (淤泥紅樹林木根),,,,,,,
,,,,,,,,,,,,,,,,,,,,,,,,,,,,,,,,🟩,蘑菇方块内部（父模型）,mushroom_block_inside,蘑菇方塊內部（父模型）,,,,,,,
,,,,,,,,,,,,,,,,,,,,,,,,,,,,,,,,🟩,蘑菇柄,mushroom_stem,蘑菇柄,,,,,,,
,,,,,,,,,,,,,,,,,,,,,,,,,,,,,,,,🟩,蘑菇柄 [物品栏],mushroom_stem_inventory,蘑菇柄 [物品欄],,,,,,,
,,,,,,,,,,,,,,,,,,,,,,,,,,,,,,,,🟩,菌丝体,mycelium,菌絲土,,,,,,,
,,,,,,,,,,,,,,,,,,,,,,,,,,,,,,,,👤🟥,下界砖栅栏 [物品栏],nether_brick_fence_inventory,地獄磚欄杆 (地獄磚柵欄) [物品欄],,,,,,,
,,,,,,,,,,,,,,,,,,,,,,,,,,,,,,,,👤🟥,下界砖栅栏 [柱],nether_brick_fence_post,地獄磚欄杆 (地獄磚柵欄) [柱],,,,,,,
,,,,,,,,,,,,,,,,,,,,,,,,,,,,,,,,👤🟥,下界砖栅栏 [边],nether_brick_fence_side,地獄磚欄杆 (地獄磚柵欄) [邊],,,,,,,
,,,,,,,,,,,,,,,,,,,,,,,,,,,,,,,,👤🟥,下界砖台阶,nether_brick_slab,地獄磚半磚,,,,,,,
,,,,,,,,,,,,,,,,,,,,,,,,,,,,,,,,👤🟥,下界砖台阶 [顶部],nether_brick_slab_top,地獄磚半磚 [頂部],,,,,,,
,,,,,,,,,,,,,,,,,,,,,,,,,,,,,,,,👤🟥,下界砖楼梯,nether_brick_stairs,地獄磚樓梯 (地獄磚階梯),,,,,,,
,,,,,,,,,,,,,,,,,,,,,,,,,,,,,,,,👤🟥,下界砖楼梯 [内角],nether_brick_stairs_inner,地獄磚樓梯 (地獄磚階梯) [內角],,,,,,,
,,,,,,,,,,,,,,,,,,,,,,,,,,,,,,,,👤🟥,下界砖楼梯 [外角],nether_brick_stairs_outer,地獄磚樓梯 (地獄磚階梯) [外角],,,,,,,
,,,,,,,,,,,,,,,,,,,,,,,,,,,,,,,,👤🟥,下界砖墙 [物品栏],nether_brick_wall_inventory,地獄磚牆 [物品欄],,,,,,,
,,,,,,,,,,,,,,,,,,,,,,,,,,,,,,,,👤🟥,下界砖墙 [柱],nether_brick_wall_post,地獄磚牆 [柱],,,,,,,
,,,,,,,,,,,,,,,,,,,,,,,,,,,,,,,,👤🟥,下界砖墙 [边],nether_brick_wall_side,地獄磚牆 [邊],,,,,,,
,,,,,,,,,,,,,,,,,,,,,,,,,,,,,,,,👤🟥,下界砖墙 [边高],nether_brick_wall_side_tall,地獄磚牆 [邊高],,,,,,,
,,,,,,,,,,,,,,,,,,,,,,,,,,,,,,,,👤🟥,下界砖块,nether_bricks,地獄磚,,,,,,,
,,,,,,,,,,,,,,,,,,,,,,,,,,,,,,,,🟥,下界金矿石,nether_gold_ore,地獄金礦,,,,,,,
,,,,,,,,,,,,,,,,,,,,,,,,,,,,,,,,🟥,下界传送门 [东西],nether_portal_ew,地獄傳送門 [東西],,,,,,,
,,,,,,,,,,,,,,,,,,,,,,,,,,,,,,,,🟥,下界传送门 [南北],nether_portal_ns,地獄傳送門 [南北],,,,,,,
,,,,,,,,,,,,,,,,,,,,,,,,,,,,,,,,🟥,下界石英矿石,nether_quartz_ore,地獄石英礦,,,,,,,
,,,,,,,,,,,,,,,,,,,,,,,,,,,,,,,,🟥,下界苗,nether_sprouts,地獄芽,,,,,,,
,,,,,,,,,,,,,,,,,,,,,,,,,,,,,,,,🟥,下界疣块,nether_wart_block,地獄孢子塊 (地獄疙瘩塊),,,,,,,
,,,,,,,,,,,,,,,,,,,,,,,,,,,,,,,,🟥,下界疣 [阶段0],nether_wart_stage0,地獄孢子 (地獄疙瘩) [階段0],,,,,,,
,,,,,,,,,,,,,,,,,,,,,,,,,,,,,,,,🟥,下界疣 [阶段1],nether_wart_stage1,地獄孢子 (地獄疙瘩) [階段1],,,,,,,
,,,,,,,,,,,,,,,,,,,,,,,,,,,,,,,,🟥,下界疣 [阶段2],nether_wart_stage2,地獄孢子 (地獄疙瘩) [階段2],,,,,,,
,,,,,,,,,,,,,,,,,,,,,,,,,,,,,,,,👤🟥,下界合金块,netherite_block,地獄合金磚 (獄髓方塊),,,,,,,
,,,,,,,,,,,,,,,,,,,,,,,,,,,,,,,,🟥,下界岩,netherrack,地獄石,,,,,,,
,,,,,,,,,,,,,,,,,,,,,,,,,,,,,,,,👤🟩,音符盒,note_block,音符盒 (音階盒),,,,,,,
,,,,,,,,,,,,,,,,,,,,,,,,,,,,,,,,👤🟩,橡木按钮,oak_button,橡木按鈕,,,,,,,
,,,,,,,,,,,,,,,,,,,,,,,,,,,,,,,,👤🟩,橡木按钮 [物品栏],oak_button_inventory,橡木按鈕 [物品欄],,,,,,,
,,,,,,,,,,,,,,,,,,,,,,,,,,,,,,,,👤🟩,橡木按钮 [按下],oak_button_pressed,橡木按鈕 [按下],,,,,,,
,,,,,,,,,,,,,,,,,,,,,,,,,,,,,,,,👤🟩,橡木门 [底部左],oak_door_bottom_left,橡木門 [底部左],,,,,,,
,,,,,,,,,,,,,,,,,,,,,,,,,,,,,,,,👤🟩,橡木门 [底部左打开],oak_door_bottom_left_open,橡木門 [底部左打開],,,,,,,
,,,,,,,,,,,,,,,,,,,,,,,,,,,,,,,,👤🟩,橡木门 [底部右],oak_door_bottom_right,橡木門 [底部右],,,,,,,
,,,,,,,,,,,,,,,,,,,,,,,,,,,,,,,,👤🟩,橡木门 [底部右打开],oak_door_bottom_right_open,橡木門 [底部右打開],,,,,,,
,,,,,,,,,,,,,,,,,,,,,,,,,,,,,,,,👤🟩,橡木门 [顶部左],oak_door_top_left,橡木門 [頂部左],,,,,,,
,,,,,,,,,,,,,,,,,,,,,,,,,,,,,,,,👤🟩,橡木门 [顶部左打开],oak_door_top_left_open,橡木門 [頂部左打開],,,,,,,
,,,,,,,,,,,,,,,,,,,,,,,,,,,,,,,,👤🟩,橡木门 [顶部右],oak_door_top_right,橡木門 [頂部右],,,,,,,
,,,,,,,,,,,,,,,,,,,,,,,,,,,,,,,,👤🟩,橡木门 [顶部右打开],oak_door_top_right_open,橡木門 [頂部右打開],,,,,,,
,,,,,,,,,,,,,,,,,,,,,,,,,,,,,,,,👤🟩,橡木栅栏门,oak_fence_gate,橡木閘門 (橡木柵欄門),,,,,,,
,,,,,,,,,,,,,,,,,,,,,,,,,,,,,,,,👤🟩,橡木栅栏门 [打开],oak_fence_gate_open,橡木閘門 (橡木柵欄門) [打開],,,,,,,
,,,,,,,,,,,,,,,,,,,,,,,,,,,,,,,,👤🟩,橡木栅栏门 [墙上],oak_fence_gate_wall,橡木閘門 (橡木柵欄門) [牆上],,,,,,,
,,,,,,,,,,,,,,,,,,,,,,,,,,,,,,,,👤🟩,橡木栅栏门 [墙上打开],oak_fence_gate_wall_open,橡木閘門 (橡木柵欄門) [牆上打開],,,,,,,
,,,,,,,,,,,,,,,,,,,,,,,,,,,,,,,,👤🟩,橡木栅栏 [物品栏],oak_fence_inventory,橡木欄杆 (橡木柵欄) [物品欄],,,,,,,
,,,,,,,,,,,,,,,,,,,,,,,,,,,,,,,,👤🟩,橡木栅栏 [柱],oak_fence_post,橡木欄杆 (橡木柵欄) [柱],,,,,,,
,,,,,,,,,,,,,,,,,,,,,,,,,,,,,,,,👤🟩,橡木栅栏 [边],oak_fence_side,橡木欄杆 (橡木柵欄) [邊],,,,,,,
,,,,,,,,,,,,,,,,,,,,,,,,,,,,,,,,👤🟩,悬挂式橡木告示牌 [附着旋转0],oak_hanging_sign_attached_rot_0,橡木吊牌 (懸掛式橡木告示牌) [附著旋轉0],,,,,,,
,,,,,,,,,,,,,,,,,,,,,,,,,,,,,,,,👤🟩,悬挂式橡木告示牌 [附着旋转1],oak_hanging_sign_attached_rot_1,橡木吊牌 (懸掛式橡木告示牌) [附著旋轉1],,,,,,,
,,,,,,,,,,,,,,,,,,,,,,,,,,,,,,,,👤🟩,悬挂式橡木告示牌 [附着旋转2],oak_hanging_sign_attached_rot_2,橡木吊牌 (懸掛式橡木告示牌) [附著旋轉2],,,,,,,
,,,,,,,,,,,,,,,,,,,,,,,,,,,,,,,,👤🟩,悬挂式橡木告示牌 [附着旋转3],oak_hanging_sign_attached_rot_3,橡木吊牌 (懸掛式橡木告示牌) [附著旋轉3],,,,,,,
,,,,,,,,,,,,,,,,,,,,,,,,,,,,,,,,👤🟩,悬挂式橡木告示牌 [旋转0],oak_hanging_sign_rot_0,橡木吊牌 (懸掛式橡木告示牌) [旋轉0],,,,,,,
,,,,,,,,,,,,,,,,,,,,,,,,,,,,,,,,👤🟩,悬挂式橡木告示牌 [旋转1],oak_hanging_sign_rot_1,橡木吊牌 (懸掛式橡木告示牌) [旋轉1],,,,,,,
,,,,,,,,,,,,,,,,,,,,,,,,,,,,,,,,👤🟩,悬挂式橡木告示牌 [旋转2],oak_hanging_sign_rot_2,橡木吊牌 (懸掛式橡木告示牌) [旋轉2],,,,,,,
,,,,,,,,,,,,,,,,,,,,,,,,,,,,,,,,👤🟩,悬挂式橡木告示牌 [旋转3],oak_hanging_sign_rot_3,橡木吊牌 (懸掛式橡木告示牌) [旋轉3],,,,,,,
,,,,,,,,,,,,,,,,,,,,,,,,,,,,,,,,🟩,橡树树叶,oak_leaves,橡木樹葉,,,,,,,
,,,,,,,,,,,,,,,,,,,,,,,,,,,,,,,,🟩,橡木原木,oak_log,橡木原木,,,,,,,
,,,,,,,,,,,,,,,,,,,,,,,,,,,,,,,,🟩,橡木原木 [水平],oak_log_horizontal,橡木原木 [水平],,,,,,,
,,,,,,,,,,,,,,,,,,,,,,,,,,,,,,,,👤🟩,橡木木板,oak_planks,橡木板 (橡木材),,,,,,,
,,,,,,,,,,,,,,,,,,,,,,,,,,,,,,,,👤🟩,橡木压力板,oak_pressure_plate,橡木壓力板,,,,,,,
,,,,,,,,,,,,,,,,,,,,,,,,,,,,,,,,👤🟩,橡木压力板 [按下],oak_pressure_plate_down,橡木壓力板 [按下],,,,,,,
,,,,,,,,,,,,,,,,,,,,,,,,,,,,,,,,🟩,橡树树苗,oak_sapling,橡木樹苗,,,,,,,
,,,,,,,,,,,,,,,,,,,,,,,,,,,,,,,,👤🟩,橡木展示架,oak_shelf,橡木置物架 (橡木展示架),,,,,,,
,,,,,,,,,,,,,,,,,,,,,,,,,,,,,,,,👤🟩,橡木展示架 [中],oak_shelf_center,橡木置物架 (橡木展示架) [中],,,,,,,
,,,,,,,,,,,,,,,,,,,,,,,,,,,,,,,,👤🟩,橡木展示架 [物品栏],oak_shelf_inventory,橡木置物架 (橡木展示架) [物品欄],,,,,,,
,,,,,,,,,,,,,,,,,,,,,,,,,,,,,,,,👤🟩,橡木展示架 [左],oak_shelf_left,橡木置物架 (橡木展示架) [左],,,,,,,
,,,,,,,,,,,,,,,,,,,,,,,,,,,,,,,,👤🟩,橡木展示架 [右],oak_shelf_right,橡木置物架 (橡木展示架) [右],,,,,,,
,,,,,,,,,,,,,,,,,,,,,,,,,,,,,,,,👤🟩,橡木展示架 [未连接],oak_shelf_unconnected,橡木置物架 (橡木展示架) [未連接],,,,,,,
,,,,,,,,,,,,,,,,,,,,,,,,,,,,,,,,👤🟩,橡木展示架 [未充能],oak_shelf_unpowered,橡木置物架 (橡木展示架) [未充能],,,,,,,
,,,,,,,,,,,,,,,,,,,,,,,,,,,,,,,,👤🟩,橡木告示牌 [旋转0],oak_sign_rot_0,橡木指示牌 (橡木告示牌) [旋轉0],,,,,,,
,,,,,,,,,,,,,,,,,,,,,,,,,,,,,,,,👤🟩,橡木告示牌 [旋转1],oak_sign_rot_1,橡木指示牌 (橡木告示牌) [旋轉1],,,,,,,
,,,,,,,,,,,,,,,,,,,,,,,,,,,,,,,,👤🟩,橡木告示牌 [旋转2],oak_sign_rot_2,橡木指示牌 (橡木告示牌) [旋轉2],,,,,,,
,,,,,,,,,,,,,,,,,,,,,,,,,,,,,,,,👤🟩,橡木告示牌 [旋转3],oak_sign_rot_3,橡木指示牌 (橡木告示牌) [旋轉3],,,,,,,
,,,,,,,,,,,,,,,,,,,,,,,,,,,,,,,,👤🟩,橡木台阶,oak_slab,橡木半磚,,,,,,,
,,,,,,,,,,,,,,,,,,,,,,,,,,,,,,,,👤🟩,橡木台阶 [顶部],oak_slab_top,橡木半磚 [頂部],,,,,,,
,,,,,,,,,,,,,,,,,,,,,,,,,,,,,,,,👤🟩,橡木楼梯,oak_stairs,橡木樓梯 (橡木階梯),,,,,,,
,,,,,,,,,,,,,,,,,,,,,,,,,,,,,,,,👤🟩,橡木楼梯 [内角],oak_stairs_inner,橡木樓梯 (橡木階梯) [內角],,,,,,,
,,,,,,,,,,,,,,,,,,,,,,,,,,,,,,,,👤🟩,橡木楼梯 [外角],oak_stairs_outer,橡木樓梯 (橡木階梯) [外角],,,,,,,
,,,,,,,,,,,,,,,,,,,,,,,,,,,,,,,,👤🟩,橡木活板门 [底部],oak_trapdoor_bottom,橡木地板門 [底部],,,,,,,
,,,,,,,,,,,,,,,,,,,,,,,,,,,,,,,,👤🟩,橡木活板门 [打开],oak_trapdoor_open,橡木地板門 [打開],,,,,,,
,,,,,,,,,,,,,,,,,,,,,,,,,,,,,,,,👤🟩,橡木活板门 [顶部],oak_trapdoor_top,橡木地板門 [頂部],,,,,,,
,,,,,,,,,,,,,,,,,,,,,,,,,,,,,,,,👤🟩,墙上的悬挂式橡木告示牌,oak_wall_hanging_sign,牆上的橡木吊牌 (牆上的懸掛式橡木告示牌),,,,,,,
,,,,,,,,,,,,,,,,,,,,,,,,,,,,,,,,👤🟩,墙上的橡木告示牌,oak_wall_sign,牆上的橡木指示牌 (牆上的橡木告示牌),,,,,,,
,,,,,,,,,,,,,,,,,,,,,,,,,,,,,,,,🟩,橡木,oak_wood,橡木 (橡木塊),,,,,,,
,,,,,,,,,,,,,,,,,,,,,,,,,,,,,,,,👤🟩,侦测器,observer,偵測器,,,,,,,
,,,,,,,,,,,,,,,,,,,,,,,,,,,,,,,,👤🟩,侦测器 [开启],observer_on,偵測器 [開啟],,,,,,,
,,,,,,,,,,,,,,,,,,,,,,,,,,,,,,,,🟩,黑曜石,obsidian,黑曜石,,,,,,,
,,,,,,,,,,,,,,,,,,,,,,,,,,,,,,,,🟩💡,赭黄蛙明灯,ochre_froglight,赭黃蛙明燈 (赭黃蛙光體),,,,,,,
,,,,,,,,,,,,,,,,,,,,,,,,,,,,,,,,🟩💡,赭黄蛙明灯 [水平],ochre_froglight_horizontal,赭黃蛙明燈 (赭黃蛙光體) [水平],,,,,,,
,,,,,,,,,,,,,,,,,,,,,,,,,,,,,,,,🟩,张开的眼眸花,open_eyeblossom,張開的眼眸花 (張開的擬目花),,,,,,,
,,,,,,,,,,,,,,,,,,,,,,,,,,,,,,,,👤🟩,橙色床 [尾],orange_bed_foot,橙色牀 (橙色床) [尾],,,,,,,
,,,,,,,,,,,,,,,,,,,,,,,,,,,,,,,,👤🟩,橙色床 [头],orange_bed_head,橙色牀 (橙色床) [頭],,,,,,,
,,,,,,,,,,,,,,,,,,,,,,,,,,,,,,,,👤🟩💡,插上橙色蜡烛的蛋糕,orange_candle_cake,插上橙色蠟燭的蛋糕,,,,,,,
,,,,,,,,,,,,,,,,,,,,,,,,,,,,,,,,👤🟩💡,插上橙色蜡烛的蛋糕 [点燃],orange_candle_cake_lit,插上橙色蠟燭的蛋糕 [點燃],,,,,,,
,,,,,,,,,,,,,,,,,,,,,,,,,,,,,,,,👤🟩💡,橙色蜡烛 [四支蜡烛],orange_candle_four_candles,橙色蠟燭 [四支蠟燭],,,,,,,
,,,,,,,,,,,,,,,,,,,,,,,,,,,,,,,,👤🟩💡,橙色蜡烛 [四支蜡烛点燃],orange_candle_four_candles_lit,橙色蠟燭 [四支蠟燭點燃],,,,,,,
,,,,,,,,,,,,,,,,,,,,,,,,,,,,,,,,👤🟩💡,橙色蜡烛 [一支蜡烛],orange_candle_one_candle,橙色蠟燭 [一支蠟燭],,,,,,,
,,,,,,,,,,,,,,,,,,,,,,,,,,,,,,,,👤🟩💡,橙色蜡烛 [一支蜡烛点燃],orange_candle_one_candle_lit,橙色蠟燭 [一支蠟燭點燃],,,,,,,
,,,,,,,,,,,,,,,,,,,,,,,,,,,,,,,,👤🟩💡,橙色蜡烛 [三支蜡烛],orange_candle_three_candles,橙色蠟燭 [三支蠟燭],,,,,,,
,,,,,,,,,,,,,,,,,,,,,,,,,,,,,,,,👤🟩💡,橙色蜡烛 [三支蜡烛点燃],orange_candle_three_candles_lit,橙色蠟燭 [三支蠟燭點燃],,,,,,,
,,,,,,,,,,,,,,,,,,,,,,,,,,,,,,,,👤🟩💡,橙色蜡烛 [两支蜡烛],orange_candle_two_candles,橙色蠟燭 [兩支蠟燭],,,,,,,
,,,,,,,,,,,,,,,,,,,,,,,,,,,,,,,,👤🟩💡,橙色蜡烛 [两支蜡烛点燃],orange_candle_two_candles_lit,橙色蠟燭 [兩支蠟燭點燃],,,,,,,
,,,,,,,,,,,,,,,,,,,,,,,,,,,,,,,,👤🟩,橙色地毯,orange_carpet,橙色地氈 (橙色地毯),,,,,,,
,,,,,,,,,,,,,,,,,,,,,,,,,,,,,,,,👤🟩,橙色混凝土,orange_concrete,橙色混凝土,,,,,,,
,,,,,,,,,,,,,,,,,,,,,,,,,,,,,,,,👤🟩,橙色混凝土粉末,orange_concrete_powder,橙色混凝土粉末,,,,,,,
,,,,,,,,,,,,,,,,,,,,,,,,,,,,,,,,👤🟩,橙色带釉陶瓦,orange_glazed_terracotta,橙色釉陶,,,,,,,
,,,,,,,,,,,,,,,,,,,,,,,,,,,,,,,,🟨,橙色潜影盒,orange_shulker_box,橙色界伏盒,,,,,,,
,,,,,,,,,,,,,,,,,,,,,,,,,,,,,,,,👤🟩,橙色染色玻璃,orange_stained_glass,橙色染色玻璃 (橙色玻璃),,,,,,,
,,,,,,,,,,,,,,,,,,,,,,,,,,,,,,,,👤🟩,橙色染色玻璃板 [无边],orange_stained_glass_pane_noside,橙色染色玻璃片 (橙色玻璃片) [無邊],,,,,,,
,,,,,,,,,,,,,,,,,,,,,,,,,,,,,,,,👤🟩,橙色染色玻璃板 [无边交替],orange_stained_glass_pane_noside_alt,橙色染色玻璃片 (橙色玻璃片) [無邊交替],,,,,,,
,,,,,,,,,,,,,,,,,,,,,,,,,,,,,,,,👤🟩,橙色染色玻璃板 [柱],orange_stained_glass_pane_post,橙色染色玻璃片 (橙色玻璃片) [柱],,,,,,,
,,,,,,,,,,,,,,,,,,,,,,,,,,,,,,,,👤🟩,橙色染色玻璃板 [边],orange_stained_glass_pane_side,橙色染色玻璃片 (橙色玻璃片) [邊],,,,,,,
,,,,,,,,,,,,,,,,,,,,,,,,,,,,,,,,👤🟩,橙色染色玻璃板 [边交替],orange_stained_glass_pane_side_alt,橙色染色玻璃片 (橙色玻璃片) [邊交替],,,,,,,
,,,,,,,,,,,,,,,,,,,,,,,,,,,,,,,,👤🟩,橙色陶瓦,orange_terracotta,橙色陶瓦 (橙色陶土),,,,,,,
,,,,,,,,,,,,,,,,,,,,,,,,,,,,,,,,🟩,橙色郁金香,orange_tulip,橙色鬱金香,,,,,,,
,,,,,,,,,,,,,,,,,,,,,,,,,,,,,,,,👤🟩,橙色羊毛,orange_wool,橙色羊毛,,,,,,,
,,,,,,,,,,,,,,,,,,,,,,,,,,,,,,,,#,可定向（父模型）,orientable,可定向（父模型）,,,,,,,
,,,,,,,,,,,,,,,,,,,,,,,,,,,,,,,,#,可定向竖直（父模型）,orientable_vertical,可定向豎直（父模型）,,,,,,,
,,,,,,,,,,,,,,,,,,,,,,,,,,,,,,,,#,可定向含底面（父模型）,orientable_with_bottom,可定向含底面（父模型）,,,,,,,
,,,,,,,,,,,,,,,,,,,,,,,,,,,,,,,,#,楼梯（父模型） [外角],outer_stairs,樓梯（父模型） (階梯（父模型）) [外角],,,,,,,
,,,,,,,,,,,,,,,,,,,,,,,,,,,,,,,,🟩,滨菊,oxeye_daisy,雛菊,,,,,,,
,,,,,,,,,,,,,,,,,,,,,,,,,,,,,,,,👤🟩,氧化的雕纹铜块,oxidized_chiseled_copper,氧化的浮雕銅磚 (氧化的浮雕銅方塊),,,,,,,
,,,,,,,,,,,,,,,,,,,,,,,,,,,,,,,,👤🟩,氧化的铜块,oxidized_copper,氧化的銅磚 (氧化的銅方塊),,,,,,,
,,,,,,,,,,,,,,,,,,,,,,,,,,,,,,,,👤🟩,氧化的铜栏杆 [端帽],oxidized_copper_bars_cap,氧化的銅欄杆 (氧化的銅柵欄) [端帽],,,,,,,
,,,,,,,,,,,,,,,,,,,,,,,,,,,,,,,,👤🟩,氧化的铜栏杆 [端帽交替],oxidized_copper_bars_cap_alt,氧化的銅欄杆 (氧化的銅柵欄) [端帽交替],,,,,,,
,,,,,,,,,,,,,,,,,,,,,,,,,,,,,,,,👤🟩,氧化的铜栏杆 [柱],oxidized_copper_bars_post,氧化的銅欄杆 (氧化的銅柵欄) [柱],,,,,,,
,,,,,,,,,,,,,,,,,,,,,,,,,,,,,,,,👤🟩,氧化的铜栏杆 [柱端],oxidized_copper_bars_post_ends,氧化的銅欄杆 (氧化的銅柵欄) [柱端],,,,,,,
,,,,,,,,,,,,,,,,,,,,,,,,,,,,,,,,👤🟩,氧化的铜栏杆 [边],oxidized_copper_bars_side,氧化的銅欄杆 (氧化的銅柵欄) [邊],,,,,,,
,,,,,,,,,,,,,,,,,,,,,,,,,,,,,,,,👤🟩,氧化的铜栏杆 [边交替],oxidized_copper_bars_side_alt,氧化的銅欄杆 (氧化的銅柵欄) [邊交替],,,,,,,
,,,,,,,,,,,,,,,,,,,,,,,,,,,,,,,,👤🟩💡,氧化的铜灯,oxidized_copper_bulb,氧化的銅燈,,,,,,,
,,,,,,,,,,,,,,,,,,,,,,,,,,,,,,,,👤🟩💡,氧化的铜灯 [点燃],oxidized_copper_bulb_lit,氧化的銅燈 [點燃],,,,,,,
,,,,,,,,,,,,,,,,,,,,,,,,,,,,,,,,👤🟩💡,氧化的铜灯 [点燃充能],oxidized_copper_bulb_lit_powered,氧化的銅燈 [點燃充能],,,,,,,
,,,,,,,,,,,,,,,,,,,,,,,,,,,,,,,,👤🟩💡,氧化的铜灯 [充能],oxidized_copper_bulb_powered,氧化的銅燈 [充能],,,,,,,
,,,,,,,,,,,,,,,,,,,,,,,,,,,,,,,,👤🟩,氧化的铜链,oxidized_copper_chain,氧化的銅鏈,,,,,,,
,,,,,,,,,,,,,,,,,,,,,,,,,,,,,,,,👤🟩,氧化的铜箱子,oxidized_copper_chest,氧化的銅儲物箱,,,,,,,
,,,,,,,,,,,,,,,,,,,,,,,,,,,,,,,,👤🟩,氧化的铜门 [底部左],oxidized_copper_door_bottom_left,氧化的銅門 [底部左],,,,,,,
,,,,,,,,,,,,,,,,,,,,,,,,,,,,,,,,👤🟩,氧化的铜门 [底部左打开],oxidized_copper_door_bottom_left_open,氧化的銅門 [底部左打開],,,,,,,
,,,,,,,,,,,,,,,,,,,,,,,,,,,,,,,,👤🟩,氧化的铜门 [底部右],oxidized_copper_door_bottom_right,氧化的銅門 [底部右],,,,,,,
,,,,,,,,,,,,,,,,,,,,,,,,,,,,,,,,👤🟩,氧化的铜门 [底部右打开],oxidized_copper_door_bottom_right_open,氧化的銅門 [底部右打開],,,,,,,
,,,,,,,,,,,,,,,,,,,,,,,,,,,,,,,,👤🟩,氧化的铜门 [顶部左],oxidized_copper_door_top_left,氧化的銅門 [頂部左],,,,,,,
,,,,,,,,,,,,,,,,,,,,,,,,,,,,,,,,👤🟩,氧化的铜门 [顶部左打开],oxidized_copper_door_top_left_open,氧化的銅門 [頂部左打開],,,,,,,
,,,,,,,,,,,,,,,,,,,,,,,,,,,,,,,,👤🟩,氧化的铜门 [顶部右],oxidized_copper_door_top_right,氧化的銅門 [頂部右],,,,,,,
,,,,,,,,,,,,,,,,,,,,,,,,,,,,,,,,👤🟩,氧化的铜门 [顶部右打开],oxidized_copper_door_top_right_open,氧化的銅門 [頂部右打開],,,,,,,
,,,,,,,,,,,,,,,,,,,,,,,,,,,,,,,,👤🟩,氧化的铜傀儡像,oxidized_copper_golem_statue,氧化的銅人雕像 (氧化的銅像),,,,,,,
,,,,,,,,,,,,,,,,,,,,,,,,,,,,,,,,👤🟩,氧化的铜格栅,oxidized_copper_grate,氧化的銅網格 (氧化的銅格柵),,,,,,,
,,,,,,,,,,,,,,,,,,,,,,,,,,,,,,,,👤🟩💡,氧化的铜灯笼,oxidized_copper_lantern,氧化的銅燈籠,,,,,,,
,,,,,,,,,,,,,,,,,,,,,,,,,,,,,,,,👤🟩💡,氧化的铜灯笼 [悬挂],oxidized_copper_lantern_hanging,氧化的銅燈籠 [懸掛],,,,,,,
,,,,,,,,,,,,,,,,,,,,,,,,,,,,,,,,👤🟩,氧化的铜活板门 [底部],oxidized_copper_trapdoor_bottom,氧化的銅地板門 [底部],,,,,,,
,,,,,,,,,,,,,,,,,,,,,,,,,,,,,,,,👤🟩,氧化的铜活板门 [打开],oxidized_copper_trapdoor_open,氧化的銅地板門 [打開],,,,,,,
,,,,,,,,,,,,,,,,,,,,,,,,,,,,,,,,👤🟩,氧化的铜活板门 [顶部],oxidized_copper_trapdoor_top,氧化的銅地板門 [頂部],,,,,,,
,,,,,,,,,,,,,,,,,,,,,,,,,,,,,,,,👤🟩,氧化的切制铜块,oxidized_cut_copper,氧化的切製銅磚 (氧化的切製銅方塊),,,,,,,
,,,,,,,,,,,,,,,,,,,,,,,,,,,,,,,,👤🟩,氧化的切制铜台阶,oxidized_cut_copper_slab,氧化的切製銅半磚,,,,,,,
,,,,,,,,,,,,,,,,,,,,,,,,,,,,,,,,👤🟩,氧化的切制铜台阶 [顶部],oxidized_cut_copper_slab_top,氧化的切製銅半磚 [頂部],,,,,,,
,,,,,,,,,,,,,,,,,,,,,,,,,,,,,,,,👤🟩,氧化的切制铜楼梯,oxidized_cut_copper_stairs,氧化的切製銅樓梯 (氧化的切製銅階梯),,,,,,,
,,,,,,,,,,,,,,,,,,,,,,,,,,,,,,,,👤🟩,氧化的切制铜楼梯 [内角],oxidized_cut_copper_stairs_inner,氧化的切製銅樓梯 (氧化的切製銅階梯) [內角],,,,,,,
,,,,,,,,,,,,,,,,,,,,,,,,,,,,,,,,👤🟩,氧化的切制铜楼梯 [外角],oxidized_cut_copper_stairs_outer,氧化的切製銅樓梯 (氧化的切製銅階梯) [外角],,,,,,,
,,,,,,,,,,,,,,,,,,,,,,,,,,,,,,,,👤🟩,氧化的避雷针,oxidized_lightning_rod,氧化的避雷針,,,,,,,
,,,,,,,,,,,,,,,,,,,,,,,,,,,,,,,,🟩🌊,浮冰,packed_ice,冰磚,,,,,,,
,,,,,,,,,,,,,,,,,,,,,,,,,,,,,,,,🟩,泥坯,packed_mud,泥坯,,,,,,,
,,,,,,,,,,,,,,,,,,,,,,,,,,,,,,,,🟩,苍白垂须,pale_hanging_moss,蒼白垂鬚 (蒼白垂絲),,,,,,,
,,,,,,,,,,,,,,,,,,,,,,,,,,,,,,,,🟩,苍白垂须 [尖端],pale_hanging_moss_tip,蒼白垂鬚 (蒼白垂絲) [尖端],,,,,,,
,,,,,,,,,,,,,,,,,,,,,,,,,,,,,,,,🟩,苍白苔藓块,pale_moss_block,蒼白青苔方塊 (蒼白苔蘚方塊),,,,,,,
,,,,,,,,,,,,,,,,,,,,,,,,,,,,,,,,👤🟩,苍白覆地苔藓,pale_moss_carpet,蒼白青苔 (蒼白覆地苔蘚),,,,,,,
,,,,,,,,,,,,,,,,,,,,,,,,,,,,,,,,👤🟩,苍白覆地苔藓 [边小],pale_moss_carpet_side_small,蒼白青苔 (蒼白覆地苔蘚) [邊小],,,,,,,
,,,,,,,,,,,,,,,,,,,,,,,,,,,,,,,,👤🟩,苍白覆地苔藓 [边高],pale_moss_carpet_side_tall,蒼白青苔 (蒼白覆地苔蘚) [邊高],,,,,,,
,,,,,,,,,,,,,,,,,,,,,,,,,,,,,,,,👤🟩,苍白橡木按钮,pale_oak_button,蒼白橡木按鈕,,,,,,,
,,,,,,,,,,,,,,,,,,,,,,,,,,,,,,,,👤🟩,苍白橡木按钮 [物品栏],pale_oak_button_inventory,蒼白橡木按鈕 [物品欄],,,,,,,
,,,,,,,,,,,,,,,,,,,,,,,,,,,,,,,,👤🟩,苍白橡木按钮 [按下],pale_oak_button_pressed,蒼白橡木按鈕 [按下],,,,,,,
,,,,,,,,,,,,,,,,,,,,,,,,,,,,,,,,👤🟩,苍白橡木门 [底部左],pale_oak_door_bottom_left,蒼白橡木門 [底部左],,,,,,,
,,,,,,,,,,,,,,,,,,,,,,,,,,,,,,,,👤🟩,苍白橡木门 [底部左打开],pale_oak_door_bottom_left_open,蒼白橡木門 [底部左打開],,,,,,,
,,,,,,,,,,,,,,,,,,,,,,,,,,,,,,,,👤🟩,苍白橡木门 [底部右],pale_oak_door_bottom_right,蒼白橡木門 [底部右],,,,,,,
,,,,,,,,,,,,,,,,,,,,,,,,,,,,,,,,👤🟩,苍白橡木门 [底部右打开],pale_oak_door_bottom_right_open,蒼白橡木門 [底部右打開],,,,,,,
,,,,,,,,,,,,,,,,,,,,,,,,,,,,,,,,👤🟩,苍白橡木门 [顶部左],pale_oak_door_top_left,蒼白橡木門 [頂部左],,,,,,,
,,,,,,,,,,,,,,,,,,,,,,,,,,,,,,,,👤🟩,苍白橡木门 [顶部左打开],pale_oak_door_top_left_open,蒼白橡木門 [頂部左打開],,,,,,,
,,,,,,,,,,,,,,,,,,,,,,,,,,,,,,,,👤🟩,苍白橡木门 [顶部右],pale_oak_door_top_right,蒼白橡木門 [頂部右],,,,,,,
,,,,,,,,,,,,,,,,,,,,,,,,,,,,,,,,👤🟩,苍白橡木门 [顶部右打开],pale_oak_door_top_right_open,蒼白橡木門 [頂部右打開],,,,,,,
,,,,,,,,,,,,,,,,,,,,,,,,,,,,,,,,👤🟩,苍白橡木栅栏门,pale_oak_fence_gate,蒼白橡木閘門 (蒼白橡木柵欄門),,,,,,,
,,,,,,,,,,,,,,,,,,,,,,,,,,,,,,,,👤🟩,苍白橡木栅栏门 [打开],pale_oak_fence_gate_open,蒼白橡木閘門 (蒼白橡木柵欄門) [打開],,,,,,,
,,,,,,,,,,,,,,,,,,,,,,,,,,,,,,,,👤🟩,苍白橡木栅栏门 [墙上],pale_oak_fence_gate_wall,蒼白橡木閘門 (蒼白橡木柵欄門) [牆上],,,,,,,
,,,,,,,,,,,,,,,,,,,,,,,,,,,,,,,,👤🟩,苍白橡木栅栏门 [墙上打开],pale_oak_fence_gate_wall_open,蒼白橡木閘門 (蒼白橡木柵欄門) [牆上打開],,,,,,,
,,,,,,,,,,,,,,,,,,,,,,,,,,,,,,,,👤🟩,苍白橡木栅栏 [物品栏],pale_oak_fence_inventory,蒼白橡木欄杆 (蒼白橡木柵欄) [物品欄],,,,,,,
,,,,,,,,,,,,,,,,,,,,,,,,,,,,,,,,👤🟩,苍白橡木栅栏 [柱],pale_oak_fence_post,蒼白橡木欄杆 (蒼白橡木柵欄) [柱],,,,,,,
,,,,,,,,,,,,,,,,,,,,,,,,,,,,,,,,👤🟩,苍白橡木栅栏 [边],pale_oak_fence_side,蒼白橡木欄杆 (蒼白橡木柵欄) [邊],,,,,,,
,,,,,,,,,,,,,,,,,,,,,,,,,,,,,,,,👤🟩,悬挂式苍白橡木告示牌 [附着旋转0],pale_oak_hanging_sign_attached_rot_0,蒼白橡木吊牌 (懸掛式蒼白橡木告示牌) [附著旋轉0],,,,,,,
,,,,,,,,,,,,,,,,,,,,,,,,,,,,,,,,👤🟩,悬挂式苍白橡木告示牌 [附着旋转1],pale_oak_hanging_sign_attached_rot_1,蒼白橡木吊牌 (懸掛式蒼白橡木告示牌) [附著旋轉1],,,,,,,
,,,,,,,,,,,,,,,,,,,,,,,,,,,,,,,,👤🟩,悬挂式苍白橡木告示牌 [附着旋转2],pale_oak_hanging_sign_attached_rot_2,蒼白橡木吊牌 (懸掛式蒼白橡木告示牌) [附著旋轉2],,,,,,,
,,,,,,,,,,,,,,,,,,,,,,,,,,,,,,,,👤🟩,悬挂式苍白橡木告示牌 [附着旋转3],pale_oak_hanging_sign_attached_rot_3,蒼白橡木吊牌 (懸掛式蒼白橡木告示牌) [附著旋轉3],,,,,,,
,,,,,,,,,,,,,,,,,,,,,,,,,,,,,,,,👤🟩,悬挂式苍白橡木告示牌 [旋转0],pale_oak_hanging_sign_rot_0,蒼白橡木吊牌 (懸掛式蒼白橡木告示牌) [旋轉0],,,,,,,
,,,,,,,,,,,,,,,,,,,,,,,,,,,,,,,,👤🟩,悬挂式苍白橡木告示牌 [旋转1],pale_oak_hanging_sign_rot_1,蒼白橡木吊牌 (懸掛式蒼白橡木告示牌) [旋轉1],,,,,,,
,,,,,,,,,,,,,,,,,,,,,,,,,,,,,,,,👤🟩,悬挂式苍白橡木告示牌 [旋转2],pale_oak_hanging_sign_rot_2,蒼白橡木吊牌 (懸掛式蒼白橡木告示牌) [旋轉2],,,,,,,
,,,,,,,,,,,,,,,,,,,,,,,,,,,,,,,,👤🟩,悬挂式苍白橡木告示牌 [旋转3],pale_oak_hanging_sign_rot_3,蒼白橡木吊牌 (懸掛式蒼白橡木告示牌) [旋轉3],,,,,,,
,,,,,,,,,,,,,,,,,,,,,,,,,,,,,,,,🟩,苍白橡树树叶,pale_oak_leaves,蒼白橡木樹葉,,,,,,,
,,,,,,,,,,,,,,,,,,,,,,,,,,,,,,,,🟩,苍白橡木原木,pale_oak_log,蒼白橡木原木,,,,,,,
,,,,,,,,,,,,,,,,,,,,,,,,,,,,,,,,🟩,苍白橡木原木 [水平],pale_oak_log_horizontal,蒼白橡木原木 [水平],,,,,,,
,,,,,,,,,,,,,,,,,,,,,,,,,,,,,,,,👤🟩,苍白橡木木板,pale_oak_planks,蒼白橡木板 (蒼白橡木材),,,,,,,
,,,,,,,,,,,,,,,,,,,,,,,,,,,,,,,,👤🟩,苍白橡木压力板,pale_oak_pressure_plate,蒼白橡木壓力板,,,,,,,
,,,,,,,,,,,,,,,,,,,,,,,,,,,,,,,,👤🟩,苍白橡木压力板 [按下],pale_oak_pressure_plate_down,蒼白橡木壓力板 [按下],,,,,,,
,,,,,,,,,,,,,,,,,,,,,,,,,,,,,,,,🟩,苍白橡树树苗,pale_oak_sapling,蒼白橡木樹苗,,,,,,,
,,,,,,,,,,,,,,,,,,,,,,,,,,,,,,,,👤🟩,苍白橡木展示架,pale_oak_shelf,蒼白橡木置物架 (蒼白橡木展示架),,,,,,,
,,,,,,,,,,,,,,,,,,,,,,,,,,,,,,,,👤🟩,苍白橡木展示架 [中],pale_oak_shelf_center,蒼白橡木置物架 (蒼白橡木展示架) [中],,,,,,,
,,,,,,,,,,,,,,,,,,,,,,,,,,,,,,,,👤🟩,苍白橡木展示架 [物品栏],pale_oak_shelf_inventory,蒼白橡木置物架 (蒼白橡木展示架) [物品欄],,,,,,,
,,,,,,,,,,,,,,,,,,,,,,,,,,,,,,,,👤🟩,苍白橡木展示架 [左],pale_oak_shelf_left,蒼白橡木置物架 (蒼白橡木展示架) [左],,,,,,,
,,,,,,,,,,,,,,,,,,,,,,,,,,,,,,,,👤🟩,苍白橡木展示架 [右],pale_oak_shelf_right,蒼白橡木置物架 (蒼白橡木展示架) [右],,,,,,,
,,,,,,,,,,,,,,,,,,,,,,,,,,,,,,,,👤🟩,苍白橡木展示架 [未连接],pale_oak_shelf_unconnected,蒼白橡木置物架 (蒼白橡木展示架) [未連接],,,,,,,
,,,,,,,,,,,,,,,,,,,,,,,,,,,,,,,,👤🟩,苍白橡木展示架 [未充能],pale_oak_shelf_unpowered,蒼白橡木置物架 (蒼白橡木展示架) [未充能],,,,,,,
,,,,,,,,,,,,,,,,,,,,,,,,,,,,,,,,👤🟩,苍白橡木告示牌 [旋转0],pale_oak_sign_rot_0,蒼白橡木指示牌 (蒼白橡木告示牌) [旋轉0],,,,,,,
,,,,,,,,,,,,,,,,,,,,,,,,,,,,,,,,👤🟩,苍白橡木告示牌 [旋转1],pale_oak_sign_rot_1,蒼白橡木指示牌 (蒼白橡木告示牌) [旋轉1],,,,,,,
,,,,,,,,,,,,,,,,,,,,,,,,,,,,,,,,👤🟩,苍白橡木告示牌 [旋转2],pale_oak_sign_rot_2,蒼白橡木指示牌 (蒼白橡木告示牌) [旋轉2],,,,,,,
,,,,,,,,,,,,,,,,,,,,,,,,,,,,,,,,👤🟩,苍白橡木告示牌 [旋转3],pale_oak_sign_rot_3,蒼白橡木指示牌 (蒼白橡木告示牌) [旋轉3],,,,,,,
,,,,,,,,,,,,,,,,,,,,,,,,,,,,,,,,👤🟩,苍白橡木台阶,pale_oak_slab,蒼白橡木半磚,,,,,,,
,,,,,,,,,,,,,,,,,,,,,,,,,,,,,,,,👤🟩,苍白橡木台阶 [顶部],pale_oak_slab_top,蒼白橡木半磚 [頂部],,,,,,,
,,,,,,,,,,,,,,,,,,,,,,,,,,,,,,,,👤🟩,苍白橡木楼梯,pale_oak_stairs,蒼白橡木樓梯 (蒼白橡木階梯),,,,,,,
,,,,,,,,,,,,,,,,,,,,,,,,,,,,,,,,👤🟩,苍白橡木楼梯 [内角],pale_oak_stairs_inner,蒼白橡木樓梯 (蒼白橡木階梯) [內角],,,,,,,
,,,,,,,,,,,,,,,,,,,,,,,,,,,,,,,,👤🟩,苍白橡木楼梯 [外角],pale_oak_stairs_outer,蒼白橡木樓梯 (蒼白橡木階梯) [外角],,,,,,,
,,,,,,,,,,,,,,,,,,,,,,,,,,,,,,,,👤🟩,苍白橡木活板门 [底部],pale_oak_trapdoor_bottom,蒼白橡木地板門 [底部],,,,,,,
,,,,,,,,,,,,,,,,,,,,,,,,,,,,,,,,👤🟩,苍白橡木活板门 [打开],pale_oak_trapdoor_open,蒼白橡木地板門 [打開],,,,,,,
,,,,,,,,,,,,,,,,,,,,,,,,,,,,,,,,👤🟩,苍白橡木活板门 [顶部],pale_oak_trapdoor_top,蒼白橡木地板門 [頂部],,,,,,,
,,,,,,,,,,,,,,,,,,,,,,,,,,,,,,,,👤🟩,墙上的悬挂式苍白橡木告示牌,pale_oak_wall_hanging_sign,牆上的蒼白橡木吊牌 (牆上的懸掛式蒼白橡木告示牌),,,,,,,
,,,,,,,,,,,,,,,,,,,,,,,,,,,,,,,,👤🟩,墙上的苍白橡木告示牌,pale_oak_wall_sign,牆上的蒼白橡木指示牌 (牆上的蒼白橡木告示牌),,,,,,,
,,,,,,,,,,,,,,,,,,,,,,,,,,,,,,,,🟩,苍白橡木,pale_oak_wood,蒼白橡木 (蒼白橡木塊),,,,,,,
,,,,,,,,,,,,,,,,,,,,,,,,,,,,,,,,🟩💡,珠光蛙明灯,pearlescent_froglight,珠光蛙明燈 (珠紫蛙光體),,,,,,,
,,,,,,,,,,,,,,,,,,,,,,,,,,,,,,,,🟩💡,珠光蛙明灯 [水平],pearlescent_froglight_horizontal,珠光蛙明燈 (珠紫蛙光體) [水平],,,,,,,
,,,,,,,,,,,,,,,,,,,,,,,,,,,,,,,,🟩,牡丹 [底部],peony_bottom,牡丹花 [底部],,,,,,,
,,,,,,,,,,,,,,,,,,,,,,,,,,,,,,,,🟩,牡丹 [顶部],peony_top,牡丹花 [頂部],,,,,,,
,,,,,,,,,,,,,,,,,,,,,,,,,,,,,,,,👤🟩,石化橡木台阶,petrified_oak_slab,石化橡木半磚,,,,,,,
,,,,,,,,,,,,,,,,,,,,,,,,,,,,,,,,👤🟩,石化橡木台阶 [顶部],petrified_oak_slab_top,石化橡木半磚 [頂部],,,,,,,
,,,,,,,,,,,,,,,,,,,,,,,,,,,,,,,,👤🟩,粉红色床 [尾],pink_bed_foot,粉紅色牀 (粉紅色床) [尾],,,,,,,
,,,,,,,,,,,,,,,,,,,,,,,,,,,,,,,,👤🟩,粉红色床 [头],pink_bed_head,粉紅色牀 (粉紅色床) [頭],,,,,,,
,,,,,,,,,,,,,,,,,,,,,,,,,,,,,,,,👤🟩💡,插上粉红色蜡烛的蛋糕,pink_candle_cake,插上粉紅色蠟燭的蛋糕,,,,,,,
,,,,,,,,,,,,,,,,,,,,,,,,,,,,,,,,👤🟩💡,插上粉红色蜡烛的蛋糕 [点燃],pink_candle_cake_lit,插上粉紅色蠟燭的蛋糕 [點燃],,,,,,,
,,,,,,,,,,,,,,,,,,,,,,,,,,,,,,,,👤🟩💡,粉红色蜡烛 [四支蜡烛],pink_candle_four_candles,粉紅色蠟燭 [四支蠟燭],,,,,,,
,,,,,,,,,,,,,,,,,,,,,,,,,,,,,,,,👤🟩💡,粉红色蜡烛 [四支蜡烛点燃],pink_candle_four_candles_lit,粉紅色蠟燭 [四支蠟燭點燃],,,,,,,
,,,,,,,,,,,,,,,,,,,,,,,,,,,,,,,,👤🟩💡,粉红色蜡烛 [一支蜡烛],pink_candle_one_candle,粉紅色蠟燭 [一支蠟燭],,,,,,,
,,,,,,,,,,,,,,,,,,,,,,,,,,,,,,,,👤🟩💡,粉红色蜡烛 [一支蜡烛点燃],pink_candle_one_candle_lit,粉紅色蠟燭 [一支蠟燭點燃],,,,,,,
,,,,,,,,,,,,,,,,,,,,,,,,,,,,,,,,👤🟩💡,粉红色蜡烛 [三支蜡烛],pink_candle_three_candles,粉紅色蠟燭 [三支蠟燭],,,,,,,
,,,,,,,,,,,,,,,,,,,,,,,,,,,,,,,,👤🟩💡,粉红色蜡烛 [三支蜡烛点燃],pink_candle_three_candles_lit,粉紅色蠟燭 [三支蠟燭點燃],,,,,,,
,,,,,,,,,,,,,,,,,,,,,,,,,,,,,,,,👤🟩💡,粉红色蜡烛 [两支蜡烛],pink_candle_two_candles,粉紅色蠟燭 [兩支蠟燭],,,,,,,
,,,,,,,,,,,,,,,,,,,,,,,,,,,,,,,,👤🟩💡,粉红色蜡烛 [两支蜡烛点燃],pink_candle_two_candles_lit,粉紅色蠟燭 [兩支蠟燭點燃],,,,,,,
,,,,,,,,,,,,,,,,,,,,,,,,,,,,,,,,👤🟩,粉红色地毯,pink_carpet,粉紅色地氈 (粉紅色地毯),,,,,,,
,,,,,,,,,,,,,,,,,,,,,,,,,,,,,,,,👤🟩,粉红色混凝土,pink_concrete,粉紅色混凝土,,,,,,,
,,,,,,,,,,,,,,,,,,,,,,,,,,,,,,,,👤🟩,粉红色混凝土粉末,pink_concrete_powder,粉紅色混凝土粉末,,,,,,,
,,,,,,,,,,,,,,,,,,,,,,,,,,,,,,,,👤🟩,粉红色带釉陶瓦,pink_glazed_terracotta,粉紅色釉陶,,,,,,,
,,,,,,,,,,,,,,,,,,,,,,,,,,,,,,,,🟩,粉红色花簇 [1],pink_petals_1,粉紅色花簇 (粉瓣花) [1],,,,,,,
,,,,,,,,,,,,,,,,,,,,,,,,,,,,,,,,🟩,粉红色花簇 [2],pink_petals_2,粉紅色花簇 (粉瓣花) [2],,,,,,,
,,,,,,,,,,,,,,,,,,,,,,,,,,,,,,,,🟩,粉红色花簇 [3],pink_petals_3,粉紅色花簇 (粉瓣花) [3],,,,,,,
,,,,,,,,,,,,,,,,,,,,,,,,,,,,,,,,🟩,粉红色花簇 [4],pink_petals_4,粉紅色花簇 (粉瓣花) [4],,,,,,,
,,,,,,,,,,,,,,,,,,,,,,,,,,,,,,,,🟨,粉红色潜影盒,pink_shulker_box,粉紅色界伏盒,,,,,,,
,,,,,,,,,,,,,,,,,,,,,,,,,,,,,,,,👤🟩,粉红色染色玻璃,pink_stained_glass,粉紅色染色玻璃 (粉紅色玻璃),,,,,,,
,,,,,,,,,,,,,,,,,,,,,,,,,,,,,,,,👤🟩,粉红色染色玻璃板 [无边],pink_stained_glass_pane_noside,粉紅色染色玻璃片 (粉紅色玻璃片) [無邊],,,,,,,
,,,,,,,,,,,,,,,,,,,,,,,,,,,,,,,,👤🟩,粉红色染色玻璃板 [无边交替],pink_stained_glass_pane_noside_alt,粉紅色染色玻璃片 (粉紅色玻璃片) [無邊交替],,,,,,,
,,,,,,,,,,,,,,,,,,,,,,,,,,,,,,,,👤🟩,粉红色染色玻璃板 [柱],pink_stained_glass_pane_post,粉紅色染色玻璃片 (粉紅色玻璃片) [柱],,,,,,,
,,,,,,,,,,,,,,,,,,,,,,,,,,,,,,,,👤🟩,粉红色染色玻璃板 [边],pink_stained_glass_pane_side,粉紅色染色玻璃片 (粉紅色玻璃片) [邊],,,,,,,
,,,,,,,,,,,,,,,,,,,,,,,,,,,,,,,,👤🟩,粉红色染色玻璃板 [边交替],pink_stained_glass_pane_side_alt,粉紅色染色玻璃片 (粉紅色玻璃片) [邊交替],,,,,,,
,,,,,,,,,,,,,,,,,,,,,,,,,,,,,,,,👤🟩,粉红色陶瓦,pink_terracotta,粉紅色陶瓦 (粉紅色陶土),,,,,,,
,,,,,,,,,,,,,,,,,,,,,,,,,,,,,,,,🟩,粉红色郁金香,pink_tulip,粉紅色鬱金香,,,,,,,
,,,,,,,,,,,,,,,,,,,,,,,,,,,,,,,,👤🟩,粉红色羊毛,pink_wool,粉紅色羊毛,,,,,,,
,,,,,,,,,,,,,,,,,,,,,,,,,,,,,,,,👤🟩,活塞,piston,活塞,,,,,,,
,,,,,,,,,,,,,,,,,,,,,,,,,,,,,,,,👤🟩,活塞 [基部],piston_base,活塞 [基部],,,,,,,
,,,,,,,,,,,,,,,,,,,,,,,,,,,,,,,,👤🟩,活塞 [伸出],piston_extended,活塞 [伸出],,,,,,,
,,,,,,,,,,,,,,,,,,,,,,,,,,,,,,,,👤🟩,活塞头,piston_head,活塞頭,,,,,,,
,,,,,,,,,,,,,,,,,,,,,,,,,,,,,,,,👤🟩,活塞头 [短],piston_head_short,活塞頭 [短],,,,,,,
,,,,,,,,,,,,,,,,,,,,,,,,,,,,,,,,👤🟩,活塞头 [短粘性],piston_head_short_sticky,活塞頭 [短黏性],,,,,,,
,,,,,,,,,,,,,,,,,,,,,,,,,,,,,,,,👤🟩,活塞头 [粘性],piston_head_sticky,活塞頭 [黏性],,,,,,,
,,,,,,,,,,,,,,,,,,,,,,,,,,,,,,,,👤🟩,活塞 [物品栏],piston_inventory,活塞 [物品欄],,,,,,,
,,,,,,,,,,,,,,,,,,,,,,,,,,,,,,,,🟩,瓶子草植株 [底部阶段0],pitcher_crop_bottom_stage_0,樽草植株 (瓶子草植株) [底部階段0],,,,,,,
,,,,,,,,,,,,,,,,,,,,,,,,,,,,,,,,🟩,瓶子草植株 [底部阶段1],pitcher_crop_bottom_stage_1,樽草植株 (瓶子草植株) [底部階段1],,,,,,,
,,,,,,,,,,,,,,,,,,,,,,,,,,,,,,,,🟩,瓶子草植株 [底部阶段2],pitcher_crop_bottom_stage_2,樽草植株 (瓶子草植株) [底部階段2],,,,,,,
,,,,,,,,,,,,,,,,,,,,,,,,,,,,,,,,🟩,瓶子草植株 [底部阶段3],pitcher_crop_bottom_stage_3,樽草植株 (瓶子草植株) [底部階段3],,,,,,,
,,,,,,,,,,,,,,,,,,,,,,,,,,,,,,,,🟩,瓶子草植株 [底部阶段4],pitcher_crop_bottom_stage_4,樽草植株 (瓶子草植株) [底部階段4],,,,,,,
,,,,,,,,,,,,,,,,,,,,,,,,,,,,,,,,🟩,瓶子草植株 [顶部阶段0],pitcher_crop_top_stage_0,樽草植株 (瓶子草植株) [頂部階段0],,,,,,,
,,,,,,,,,,,,,,,,,,,,,,,,,,,,,,,,🟩,瓶子草植株 [顶部阶段1],pitcher_crop_top_stage_1,樽草植株 (瓶子草植株) [頂部階段1],,,,,,,
,,,,,,,,,,,,,,,,,,,,,,,,,,,,,,,,🟩,瓶子草植株 [顶部阶段2],pitcher_crop_top_stage_2,樽草植株 (瓶子草植株) [頂部階段2],,,,,,,
,,,,,,,,,,,,,,,,,,,,,,,,,,,,,,,,🟩,瓶子草植株 [顶部阶段3],pitcher_crop_top_stage_3,樽草植株 (瓶子草植株) [頂部階段3],,,,,,,
,,,,,,,,,,,,,,,,,,,,,,,,,,,,,,,,🟩,瓶子草植株 [顶部阶段4],pitcher_crop_top_stage_4,樽草植株 (瓶子草植株) [頂部階段4],,,,,,,
,,,,,,,,,,,,,,,,,,,,,,,,,,,,,,,,🟩,瓶子草 [底部],pitcher_plant_bottom,樽草 (瓶子草) [底部],,,,,,,
,,,,,,,,,,,,,,,,,,,,,,,,,,,,,,,,🟩,瓶子草 [顶部],pitcher_plant_top,樽草 (瓶子草) [頂部],,,,,,,
,,,,,,,,,,,,,,,,,,,,,,,,,,,,,,,,🟩,灰化土,podzol,灰壤,,,,,,,
,,,,,,,,,,,,,,,,,,,,,,,,,,,,,,,,🟩,滴水石锥,pointed_dripstone,滴水石柱 (鐘乳石),,,,,,,
,,,,,,,,,,,,,,,,,,,,,,,,,,,,,,,,🟩,滴水石锥 [向下基部],pointed_dripstone_down_base,滴水石柱 (鐘乳石) [向下基部],,,,,,,
,,,,,,,,,,,,,,,,,,,,,,,,,,,,,,,,🟩,滴水石锥 [向下锥体],pointed_dripstone_down_frustum,滴水石柱 (鐘乳石) [向下錐體],,,,,,,
,,,,,,,,,,,,,,,,,,,,,,,,,,,,,,,,🟩,滴水石锥 [向下中段],pointed_dripstone_down_middle,滴水石柱 (鐘乳石) [向下中段],,,,,,,
,,,,,,,,,,,,,,,,,,,,,,,,,,,,,,,,🟩,滴水石锥 [向下尖端],pointed_dripstone_down_tip,滴水石柱 (鐘乳石) [向下尖端],,,,,,,
,,,,,,,,,,,,,,,,,,,,,,,,,,,,,,,,🟩,滴水石锥 [向下尖端合并],pointed_dripstone_down_tip_merge,滴水石柱 (鐘乳石) [向下尖端合併],,,,,,,
,,,,,,,,,,,,,,,,,,,,,,,,,,,,,,,,🟩,滴水石锥 [向上基部],pointed_dripstone_up_base,滴水石柱 (鐘乳石) [向上基部],,,,,,,
,,,,,,,,,,,,,,,,,,,,,,,,,,,,,,,,🟩,滴水石锥 [向上锥体],pointed_dripstone_up_frustum,滴水石柱 (鐘乳石) [向上錐體],,,,,,,
,,,,,,,,,,,,,,,,,,,,,,,,,,,,,,,,🟩,滴水石锥 [向上中段],pointed_dripstone_up_middle,滴水石柱 (鐘乳石) [向上中段],,,,,,,
,,,,,,,,,,,,,,,,,,,,,,,,,,,,,,,,🟩,滴水石锥 [向上尖端],pointed_dripstone_up_tip,滴水石柱 (鐘乳石) [向上尖端],,,,,,,
,,,,,,,,,,,,,,,,,,,,,,,,,,,,,,,,🟩,滴水石锥 [向上尖端合并],pointed_dripstone_up_tip_merge,滴水石柱 (鐘乳石) [向上尖端合併],,,,,,,
,,,,,,,,,,,,,,,,,,,,,,,,,,,,,,,,👤🟩,磨制安山岩,polished_andesite,拋光安山巖 (拋光安山岩),,,,,,,
,,,,,,,,,,,,,,,,,,,,,,,,,,,,,,,,👤🟩,磨制安山岩台阶,polished_andesite_slab,拋光安山巖半磚 (拋光安山岩半磚),,,,,,,
,,,,,,,,,,,,,,,,,,,,,,,,,,,,,,,,👤🟩,磨制安山岩台阶 [顶部],polished_andesite_slab_top,拋光安山巖半磚 (拋光安山岩半磚) [頂部],,,,,,,
,,,,,,,,,,,,,,,,,,,,,,,,,,,,,,,,👤🟩,磨制安山岩楼梯,polished_andesite_stairs,拋光安山巖樓梯 (拋光安山岩階梯),,,,,,,
,,,,,,,,,,,,,,,,,,,,,,,,,,,,,,,,👤🟩,磨制安山岩楼梯 [内角],polished_andesite_stairs_inner,拋光安山巖樓梯 (拋光安山岩階梯) [內角],,,,,,,
,,,,,,,,,,,,,,,,,,,,,,,,,,,,,,,,👤🟩,磨制安山岩楼梯 [外角],polished_andesite_stairs_outer,拋光安山巖樓梯 (拋光安山岩階梯) [外角],,,,,,,
,,,,,,,,,,,,,,,,,,,,,,,,,,,,,,,,👤🟥,磨制玄武岩,polished_basalt,拋光玄武巖 (拋光玄武岩),,,,,,,
,,,,,,,,,,,,,,,,,,,,,,,,,,,,,,,,👤🟥,磨制黑石,polished_blackstone,拋光黑石,,,,,,,
,,,,,,,,,,,,,,,,,,,,,,,,,,,,,,,,👤🟥,磨制黑石砖台阶,polished_blackstone_brick_slab,拋光黑石磚半磚,,,,,,,
,,,,,,,,,,,,,,,,,,,,,,,,,,,,,,,,👤🟥,磨制黑石砖台阶 [顶部],polished_blackstone_brick_slab_top,拋光黑石磚半磚 [頂部],,,,,,,
,,,,,,,,,,,,,,,,,,,,,,,,,,,,,,,,👤🟥,磨制黑石砖楼梯,polished_blackstone_brick_stairs,拋光黑石磚樓梯 (拋光黑石磚階梯),,,,,,,
,,,,,,,,,,,,,,,,,,,,,,,,,,,,,,,,👤🟥,磨制黑石砖楼梯 [内角],polished_blackstone_brick_stairs_inner,拋光黑石磚樓梯 (拋光黑石磚階梯) [內角],,,,,,,
,,,,,,,,,,,,,,,,,,,,,,,,,,,,,,,,👤🟥,磨制黑石砖楼梯 [外角],polished_blackstone_brick_stairs_outer,拋光黑石磚樓梯 (拋光黑石磚階梯) [外角],,,,,,,
,,,,,,,,,,,,,,,,,,,,,,,,,,,,,,,,👤🟥,磨制黑石砖墙 [物品栏],polished_blackstone_brick_wall_inventory,拋光黑石磚牆 [物品欄],,,,,,,
,,,,,,,,,,,,,,,,,,,,,,,,,,,,,,,,👤🟥,磨制黑石砖墙 [柱],polished_blackstone_brick_wall_post,拋光黑石磚牆 [柱],,,,,,,
,,,,,,,,,,,,,,,,,,,,,,,,,,,,,,,,👤🟥,磨制黑石砖墙 [边],polished_blackstone_brick_wall_side,拋光黑石磚牆 [邊],,,,,,,
,,,,,,,,,,,,,,,,,,,,,,,,,,,,,,,,👤🟥,磨制黑石砖墙 [边高],polished_blackstone_brick_wall_side_tall,拋光黑石磚牆 [邊高],,,,,,,
,,,,,,,,,,,,,,,,,,,,,,,,,,,,,,,,👤🟥,磨制黑石砖,polished_blackstone_bricks,拋光黑石磚,,,,,,,
,,,,,,,,,,,,,,,,,,,,,,,,,,,,,,,,👤🟥,磨制黑石按钮,polished_blackstone_button,拋光黑石按鈕,,,,,,,
,,,,,,,,,,,,,,,,,,,,,,,,,,,,,,,,👤🟥,磨制黑石按钮 [物品栏],polished_blackstone_button_inventory,拋光黑石按鈕 [物品欄],,,,,,,
,,,,,,,,,,,,,,,,,,,,,,,,,,,,,,,,👤🟥,磨制黑石按钮 [按下],polished_blackstone_button_pressed,拋光黑石按鈕 [按下],,,,,,,
,,,,,,,,,,,,,,,,,,,,,,,,,,,,,,,,👤🟥,磨制黑石压力板,polished_blackstone_pressure_plate,拋光黑石壓力板,,,,,,,
,,,,,,,,,,,,,,,,,,,,,,,,,,,,,,,,👤🟥,磨制黑石压力板 [按下],polished_blackstone_pressure_plate_down,拋光黑石壓力板 [按下],,,,,,,
,,,,,,,,,,,,,,,,,,,,,,,,,,,,,,,,👤🟥,磨制黑石台阶,polished_blackstone_slab,拋光黑石半磚,,,,,,,
,,,,,,,,,,,,,,,,,,,,,,,,,,,,,,,,👤🟥,磨制黑石台阶 [顶部],polished_blackstone_slab_top,拋光黑石半磚 [頂部],,,,,,,
,,,,,,,,,,,,,,,,,,,,,,,,,,,,,,,,👤🟥,磨制黑石楼梯,polished_blackstone_stairs,拋光黑石樓梯 (拋光黑石階梯),,,,,,,
,,,,,,,,,,,,,,,,,,,,,,,,,,,,,,,,👤🟥,磨制黑石楼梯 [内角],polished_blackstone_stairs_inner,拋光黑石樓梯 (拋光黑石階梯) [內角],,,,,,,
,,,,,,,,,,,,,,,,,,,,,,,,,,,,,,,,👤🟥,磨制黑石楼梯 [外角],polished_blackstone_stairs_outer,拋光黑石樓梯 (拋光黑石階梯) [外角],,,,,,,
,,,,,,,,,,,,,,,,,,,,,,,,,,,,,,,,👤🟥,磨制黑石墙 [物品栏],polished_blackstone_wall_inventory,拋光黑石牆 [物品欄],,,,,,,
,,,,,,,,,,,,,,,,,,,,,,,,,,,,,,,,👤🟥,磨制黑石墙 [柱],polished_blackstone_wall_post,拋光黑石牆 [柱],,,,,,,
,,,,,,,,,,,,,,,,,,,,,,,,,,,,,,,,👤🟥,磨制黑石墙 [边],polished_blackstone_wall_side,拋光黑石牆 [邊],,,,,,,
,,,,,,,,,,,,,,,,,,,,,,,,,,,,,,,,👤🟥,磨制黑石墙 [边高],polished_blackstone_wall_side_tall,拋光黑石牆 [邊高],,,,,,,
,,,,,,,,,,,,,,,,,,,,,,,,,,,,,,,,👤🟩,磨制朱砂,polished_cinnabar,拋光朱砂 (拋光硃砂),,,,,,,
,,,,,,,,,,,,,,,,,,,,,,,,,,,,,,,,👤🟩,磨制朱砂台阶,polished_cinnabar_slab,拋光朱砂半磚 (拋光硃砂半磚),,,,,,,
,,,,,,,,,,,,,,,,,,,,,,,,,,,,,,,,👤🟩,磨制朱砂台阶 [顶部],polished_cinnabar_slab_top,拋光朱砂半磚 (拋光硃砂半磚) [頂部],,,,,,,
,,,,,,,,,,,,,,,,,,,,,,,,,,,,,,,,👤🟩,磨制朱砂楼梯,polished_cinnabar_stairs,拋光朱砂樓梯 (拋光硃砂階梯),,,,,,,
,,,,,,,,,,,,,,,,,,,,,,,,,,,,,,,,👤🟩,磨制朱砂楼梯 [内角],polished_cinnabar_stairs_inner,拋光朱砂樓梯 (拋光硃砂階梯) [內角],,,,,,,
,,,,,,,,,,,,,,,,,,,,,,,,,,,,,,,,👤🟩,磨制朱砂楼梯 [外角],polished_cinnabar_stairs_outer,拋光朱砂樓梯 (拋光硃砂階梯) [外角],,,,,,,
,,,,,,,,,,,,,,,,,,,,,,,,,,,,,,,,👤🟩,磨制朱砂墙 [物品栏],polished_cinnabar_wall_inventory,拋光朱砂牆 (拋光硃砂牆) [物品欄],,,,,,,
,,,,,,,,,,,,,,,,,,,,,,,,,,,,,,,,👤🟩,磨制朱砂墙 [柱],polished_cinnabar_wall_post,拋光朱砂牆 (拋光硃砂牆) [柱],,,,,,,
,,,,,,,,,,,,,,,,,,,,,,,,,,,,,,,,👤🟩,磨制朱砂墙 [边],polished_cinnabar_wall_side,拋光朱砂牆 (拋光硃砂牆) [邊],,,,,,,
,,,,,,,,,,,,,,,,,,,,,,,,,,,,,,,,👤🟩,磨制朱砂墙 [边高],polished_cinnabar_wall_side_tall,拋光朱砂牆 (拋光硃砂牆) [邊高],,,,,,,
,,,,,,,,,,,,,,,,,,,,,,,,,,,,,,,,👤🟩,磨制深板岩,polished_deepslate,拋光深板巖 (拋光深板岩),,,,,,,
,,,,,,,,,,,,,,,,,,,,,,,,,,,,,,,,👤🟩,磨制深板岩台阶,polished_deepslate_slab,拋光深板巖半磚 (拋光深板岩半磚),,,,,,,
,,,,,,,,,,,,,,,,,,,,,,,,,,,,,,,,👤🟩,磨制深板岩台阶 [顶部],polished_deepslate_slab_top,拋光深板巖半磚 (拋光深板岩半磚) [頂部],,,,,,,
,,,,,,,,,,,,,,,,,,,,,,,,,,,,,,,,👤🟩,磨制深板岩楼梯,polished_deepslate_stairs,拋光深板巖樓梯 (拋光深板岩階梯),,,,,,,
,,,,,,,,,,,,,,,,,,,,,,,,,,,,,,,,👤🟩,磨制深板岩楼梯 [内角],polished_deepslate_stairs_inner,拋光深板巖樓梯 (拋光深板岩階梯) [內角],,,,,,,
,,,,,,,,,,,,,,,,,,,,,,,,,,,,,,,,👤🟩,磨制深板岩楼梯 [外角],polished_deepslate_stairs_outer,拋光深板巖樓梯 (拋光深板岩階梯) [外角],,,,,,,
,,,,,,,,,,,,,,,,,,,,,,,,,,,,,,,,👤🟩,磨制深板岩墙 [物品栏],polished_deepslate_wall_inventory,拋光深板巖牆 (拋光深板岩牆) [物品欄],,,,,,,
,,,,,,,,,,,,,,,,,,,,,,,,,,,,,,,,👤🟩,磨制深板岩墙 [柱],polished_deepslate_wall_post,拋光深板巖牆 (拋光深板岩牆) [柱],,,,,,,
,,,,,,,,,,,,,,,,,,,,,,,,,,,,,,,,👤🟩,磨制深板岩墙 [边],polished_deepslate_wall_side,拋光深板巖牆 (拋光深板岩牆) [邊],,,,,,,
,,,,,,,,,,,,,,,,,,,,,,,,,,,,,,,,👤🟩,磨制深板岩墙 [边高],polished_deepslate_wall_side_tall,拋光深板巖牆 (拋光深板岩牆) [邊高],,,,,,,
,,,,,,,,,,,,,,,,,,,,,,,,,,,,,,,,👤🟩,磨制闪长岩,polished_diorite,拋光閃長巖 (拋光閃長岩),,,,,,,
,,,,,,,,,,,,,,,,,,,,,,,,,,,,,,,,👤🟩,磨制闪长岩台阶,polished_diorite_slab,拋光閃長巖半磚 (拋光閃長岩半磚),,,,,,,
,,,,,,,,,,,,,,,,,,,,,,,,,,,,,,,,👤🟩,磨制闪长岩台阶 [顶部],polished_diorite_slab_top,拋光閃長巖半磚 (拋光閃長岩半磚) [頂部],,,,,,,
,,,,,,,,,,,,,,,,,,,,,,,,,,,,,,,,👤🟩,磨制闪长岩楼梯,polished_diorite_stairs,拋光閃長巖樓梯 (拋光閃長岩階梯),,,,,,,
,,,,,,,,,,,,,,,,,,,,,,,,,,,,,,,,👤🟩,磨制闪长岩楼梯 [内角],polished_diorite_stairs_inner,拋光閃長巖樓梯 (拋光閃長岩階梯) [內角],,,,,,,
,,,,,,,,,,,,,,,,,,,,,,,,,,,,,,,,👤🟩,磨制闪长岩楼梯 [外角],polished_diorite_stairs_outer,拋光閃長巖樓梯 (拋光閃長岩階梯) [外角],,,,,,,
,,,,,,,,,,,,,,,,,,,,,,,,,,,,,,,,👤🟩,磨制花岗岩,polished_granite,拋光花崗巖 (拋光花崗岩),,,,,,,
,,,,,,,,,,,,,,,,,,,,,,,,,,,,,,,,👤🟩,磨制花岗岩台阶,polished_granite_slab,拋光花崗巖半磚 (拋光花崗岩半磚),,,,,,,
,,,,,,,,,,,,,,,,,,,,,,,,,,,,,,,,👤🟩,磨制花岗岩台阶 [顶部],polished_granite_slab_top,拋光花崗巖半磚 (拋光花崗岩半磚) [頂部],,,,,,,
,,,,,,,,,,,,,,,,,,,,,,,,,,,,,,,,👤🟩,磨制花岗岩楼梯,polished_granite_stairs,拋光花崗巖樓梯 (拋光花崗岩階梯),,,,,,,
,,,,,,,,,,,,,,,,,,,,,,,,,,,,,,,,👤🟩,磨制花岗岩楼梯 [内角],polished_granite_stairs_inner,拋光花崗巖樓梯 (拋光花崗岩階梯) [內角],,,,,,,
,,,,,,,,,,,,,,,,,,,,,,,,,,,,,,,,👤🟩,磨制花岗岩楼梯 [外角],polished_granite_stairs_outer,拋光花崗巖樓梯 (拋光花崗岩階梯) [外角],,,,,,,
,,,,,,,,,,,,,,,,,,,,,,,,,,,,,,,,👤🟩,磨制硫黄,polished_sulfur,拋光硫磺,,,,,,,
,,,,,,,,,,,,,,,,,,,,,,,,,,,,,,,,👤🟩,磨制硫黄台阶,polished_sulfur_slab,拋光硫磺半磚,,,,,,,
,,,,,,,,,,,,,,,,,,,,,,,,,,,,,,,,👤🟩,磨制硫黄台阶 [顶部],polished_sulfur_slab_top,拋光硫磺半磚 [頂部],,,,,,,
,,,,,,,,,,,,,,,,,,,,,,,,,,,,,,,,👤🟩,磨制硫黄楼梯,polished_sulfur_stairs,拋光硫磺樓梯 (拋光硫磺階梯),,,,,,,
,,,,,,,,,,,,,,,,,,,,,,,,,,,,,,,,👤🟩,磨制硫黄楼梯 [内角],polished_sulfur_stairs_inner,拋光硫磺樓梯 (拋光硫磺階梯) [內角],,,,,,,
,,,,,,,,,,,,,,,,,,,,,,,,,,,,,,,,👤🟩,磨制硫黄楼梯 [外角],polished_sulfur_stairs_outer,拋光硫磺樓梯 (拋光硫磺階梯) [外角],,,,,,,
,,,,,,,,,,,,,,,,,,,,,,,,,,,,,,,,👤🟩,磨制硫黄墙 [物品栏],polished_sulfur_wall_inventory,拋光硫磺牆 [物品欄],,,,,,,
,,,,,,,,,,,,,,,,,,,,,,,,,,,,,,,,👤🟩,磨制硫黄墙 [柱],polished_sulfur_wall_post,拋光硫磺牆 [柱],,,,,,,
,,,,,,,,,,,,,,,,,,,,,,,,,,,,,,,,👤🟩,磨制硫黄墙 [边],polished_sulfur_wall_side,拋光硫磺牆 [邊],,,,,,,
,,,,,,,,,,,,,,,,,,,,,,,,,,,,,,,,👤🟩,磨制硫黄墙 [边高],polished_sulfur_wall_side_tall,拋光硫磺牆 [邊高],,,,,,,
,,,,,,,,,,,,,,,,,,,,,,,,,,,,,,,,👤🟩,磨制凝灰岩,polished_tuff,拋光凝灰巖 (拋光凝灰岩),,,,,,,
,,,,,,,,,,,,,,,,,,,,,,,,,,,,,,,,👤🟩,磨制凝灰岩台阶,polished_tuff_slab,拋光凝灰巖半磚 (拋光凝灰岩半磚),,,,,,,
,,,,,,,,,,,,,,,,,,,,,,,,,,,,,,,,👤🟩,磨制凝灰岩台阶 [顶部],polished_tuff_slab_top,拋光凝灰巖半磚 (拋光凝灰岩半磚) [頂部],,,,,,,
,,,,,,,,,,,,,,,,,,,,,,,,,,,,,,,,👤🟩,磨制凝灰岩楼梯,polished_tuff_stairs,拋光凝灰巖樓梯 (拋光凝灰岩階梯),,,,,,,
,,,,,,,,,,,,,,,,,,,,,,,,,,,,,,,,👤🟩,磨制凝灰岩楼梯 [内角],polished_tuff_stairs_inner,拋光凝灰巖樓梯 (拋光凝灰岩階梯) [內角],,,,,,,
,,,,,,,,,,,,,,,,,,,,,,,,,,,,,,,,👤🟩,磨制凝灰岩楼梯 [外角],polished_tuff_stairs_outer,拋光凝灰巖樓梯 (拋光凝灰岩階梯) [外角],,,,,,,
,,,,,,,,,,,,,,,,,,,,,,,,,,,,,,,,👤🟩,磨制凝灰岩墙 [物品栏],polished_tuff_wall_inventory,拋光凝灰巖牆 (拋光凝灰岩牆) [物品欄],,,,,,,
,,,,,,,,,,,,,,,,,,,,,,,,,,,,,,,,👤🟩,磨制凝灰岩墙 [柱],polished_tuff_wall_post,拋光凝灰巖牆 (拋光凝灰岩牆) [柱],,,,,,,
,,,,,,,,,,,,,,,,,,,,,,,,,,,,,,,,👤🟩,磨制凝灰岩墙 [边],polished_tuff_wall_side,拋光凝灰巖牆 (拋光凝灰岩牆) [邊],,,,,,,
,,,,,,,,,,,,,,,,,,,,,,,,,,,,,,,,👤🟩,磨制凝灰岩墙 [边高],polished_tuff_wall_side_tall,拋光凝灰巖牆 (拋光凝灰岩牆) [邊高],,,,,,,
,,,,,,,,,,,,,,,,,,,,,,,,,,,,,,,,🟩,虞美人,poppy,虞美人 (罌粟花),,,,,,,
,,,,,,,,,,,,,,,,,,,,,,,,,,,,,,,,🟩,马铃薯 [阶段0],potatoes_stage0,薯仔 (馬鈴薯) [階段0],,,,,,,
,,,,,,,,,,,,,,,,,,,,,,,,,,,,,,,,🟩,马铃薯 [阶段1],potatoes_stage1,薯仔 (馬鈴薯) [階段1],,,,,,,
,,,,,,,,,,,,,,,,,,,,,,,,,,,,,,,,🟩,马铃薯 [阶段2],potatoes_stage2,薯仔 (馬鈴薯) [階段2],,,,,,,
,,,,,,,,,,,,,,,,,,,,,,,,,,,,,,,,🟩,马铃薯 [阶段3],potatoes_stage3,薯仔 (馬鈴薯) [階段3],,,,,,,
,,,,,,,,,,,,,,,,,,,,,,,,,,,,,,,,🟩,烈性硫黄,potent_sulfur,烈性硫磺,,,,,,,
,,,,,,,,,,,,,,,,,,,,,,,,,,,,,,,,👤🟩,金合欢树苗盆栽,potted_acacia_sapling,相思木樹苗盆栽,,,,,,,
,,,,,,,,,,,,,,,,,,,,,,,,,,,,,,,,👤🟩,绒球葱盆栽,potted_allium,絨球葱盆栽 (紫紅球花盆栽),,,,,,,
,,,,,,,,,,,,,,,,,,,,,,,,,,,,,,,,👤🟩,杜鹃花丛盆栽,potted_azalea_bush,杜鵑叢盆栽,,,,,,,
,,,,,,,,,,,,,,,,,,,,,,,,,,,,,,,,👤🟩,蓝花美耳草盆栽,potted_azure_bluet,藍花美耳草盆栽 (雛草盆栽),,,,,,,
,,,,,,,,,,,,,,,,,,,,,,,,,,,,,,,,👤🟩,竹子盆栽,potted_bamboo,竹盆栽 (竹子盆栽),,,,,,,
,,,,,,,,,,,,,,,,,,,,,,,,,,,,,,,,👤🟩,白桦树苗盆栽,potted_birch_sapling,樺木樹苗盆栽,,,,,,,
,,,,,,,,,,,,,,,,,,,,,,,,,,,,,,,,👤🟩,兰花盆栽,potted_blue_orchid,蘭花盆栽 (藍色蝴蝶蘭盆栽),,,,,,,
,,,,,,,,,,,,,,,,,,,,,,,,,,,,,,,,👤🟩,棕色蘑菇盆栽,potted_brown_mushroom,啡色蘑菇盆栽 (棕色蘑菇盆栽),,,,,,,
,,,,,,,,,,,,,,,,,,,,,,,,,,,,,,,,👤🟩,仙人掌盆栽,potted_cactus,仙人掌盆栽,,,,,,,
,,,,,,,,,,,,,,,,,,,,,,,,,,,,,,,,👤🟩,樱花树苗盆栽,potted_cherry_sapling,櫻花木樹苗盆栽,,,,,,,
,,,,,,,,,,,,,,,,,,,,,,,,,,,,,,,,👤🟩,闭合的眼眸花盆栽,potted_closed_eyeblossom,閉合的眼眸花盆栽 (閉合的擬目花盆栽),,,,,,,
,,,,,,,,,,,,,,,,,,,,,,,,,,,,,,,,👤🟩,矢车菊盆栽,potted_cornflower,矢車菊盆栽,,,,,,,
,,,,,,,,,,,,,,,,,,,,,,,,,,,,,,,,👤🟥,绯红菌盆栽,potted_crimson_fungus,猩紅菌菇盆栽 (緋紅蕈菇盆栽),,,,,,,
,,,,,,,,,,,,,,,,,,,,,,,,,,,,,,,,👤🟥,绯红菌索盆栽,potted_crimson_roots,猩紅菌根盆栽 (緋紅蕈根盆栽),,,,,,,
,,,,,,,,,,,,,,,,,,,,,,,,,,,,,,,,👤🟩,蒲公英盆栽,potted_dandelion,蒲公英盆栽,,,,,,,
,,,,,,,,,,,,,,,,,,,,,,,,,,,,,,,,👤🟩,深色橡树树苗盆栽,potted_dark_oak_sapling,黑橡木樹苗盆栽,,,,,,,
,,,,,,,,,,,,,,,,,,,,,,,,,,,,,,,,👤🟩,枯萎的灌木盆栽,potted_dead_bush,死灌木盆栽 (枯灌木盆栽),,,,,,,
,,,,,,,,,,,,,,,,,,,,,,,,,,,,,,,,👤🟩,蕨盆栽,potted_fern,蕨盆栽 (蕨類盆栽),,,,,,,
,,,,,,,,,,,,,,,,,,,,,,,,,,,,,,,,👤🟩,盛开的杜鹃花丛盆栽,potted_flowering_azalea_bush,盛開的杜鵑叢盆栽 (開花的杜鵑叢盆栽),,,,,,,
,,,,,,,,,,,,,,,,,,,,,,,,,,,,,,,,👤🟩,金蒲公英盆栽,potted_golden_dandelion,金蒲公英盆栽,,,,,,,
,,,,,,,,,,,,,,,,,,,,,,,,,,,,,,,,👤🟩,丛林树苗盆栽,potted_jungle_sapling,叢林木樹苗盆栽,,,,,,,
,,,,,,,,,,,,,,,,,,,,,,,,,,,,,,,,👤🟩,铃兰盆栽,potted_lily_of_the_valley,鈴蘭盆栽,,,,,,,
,,,,,,,,,,,,,,,,,,,,,,,,,,,,,,,,👤🟩,红树胎生苗盆栽,potted_mangrove_propagule,紅樹胎生苗盆栽 (紅樹林木胎生苗盆栽),,,,,,,
,,,,,,,,,,,,,,,,,,,,,,,,,,,,,,,,👤🟩,橡树树苗盆栽,potted_oak_sapling,橡木樹苗盆栽,,,,,,,
,,,,,,,,,,,,,,,,,,,,,,,,,,,,,,,,👤🟩,张开的眼眸花盆栽,potted_open_eyeblossom,張開的眼眸花盆栽 (張開的擬目花盆栽),,,,,,,
,,,,,,,,,,,,,,,,,,,,,,,,,,,,,,,,👤🟩,橙色郁金香盆栽,potted_orange_tulip,橙色鬱金香盆栽,,,,,,,
,,,,,,,,,,,,,,,,,,,,,,,,,,,,,,,,👤🟩,滨菊盆栽,potted_oxeye_daisy,雛菊盆栽,,,,,,,
,,,,,,,,,,,,,,,,,,,,,,,,,,,,,,,,👤🟩,苍白橡树树苗盆栽,potted_pale_oak_sapling,蒼白橡木樹苗盆栽,,,,,,,
,,,,,,,,,,,,,,,,,,,,,,,,,,,,,,,,👤🟩,粉红色郁金香盆栽,potted_pink_tulip,粉紅色鬱金香盆栽,,,,,,,
,,,,,,,,,,,,,,,,,,,,,,,,,,,,,,,,👤🟩,虞美人盆栽,potted_poppy,虞美人盆栽 (罌粟花盆栽),,,,,,,
,,,,,,,,,,,,,,,,,,,,,,,,,,,,,,,,👤🟩,红色蘑菇盆栽,potted_red_mushroom,紅色蘑菇盆栽,,,,,,,
,,,,,,,,,,,,,,,,,,,,,,,,,,,,,,,,👤🟩,红色郁金香盆栽,potted_red_tulip,紅色鬱金香盆栽,,,,,,,
,,,,,,,,,,,,,,,,,,,,,,,,,,,,,,,,👤🟩,云杉树苗盆栽,potted_spruce_sapling,杉木樹苗盆栽,,,,,,,
,,,,,,,,,,,,,,,,,,,,,,,,,,,,,,,,👤🟩💡,火把花盆栽,potted_torchflower,火炬花盆栽 (火把花盆栽),,,,,,,
,,,,,,,,,,,,,,,,,,,,,,,,,,,,,,,,👤🟥,诡异菌盆栽,potted_warped_fungus,迷離菌菇盆栽 (扭曲蕈菇盆栽),,,,,,,
,,,,,,,,,,,,,,,,,,,,,,,,,,,,,,,,👤🟥,诡异菌索盆栽,potted_warped_roots,迷離菌根盆栽 (扭曲蕈根盆栽),,,,,,,
,,,,,,,,,,,,,,,,,,,,,,,,,,,,,,,,👤🟩,白色郁金香盆栽,potted_white_tulip,白色鬱金香盆栽,,,,,,,
,,,,,,,,,,,,,,,,,,,,,,,,,,,,,,,,👤🟥,凋灵玫瑰盆栽,potted_wither_rose,凋零玫瑰盆栽,,,,,,,
,,,,,,,,,,,,,,,,,,,,,,,,,,,,,,,,🟩🌊,细雪,powder_snow,幼雪 (粉雪),,,,,,,
,,,,,,,,,,,,,,,,,,,,,,,,,,,,,,,,👤🟩🌊,装有细雪的炼药锅 [满],powder_snow_cauldron_full,裝幼雪的鍋 (裝粉雪的鍋釜) [滿],,,,,,,
,,,,,,,,,,,,,,,,,,,,,,,,,,,,,,,,👤🟩🌊,装有细雪的炼药锅 [液位1],powder_snow_cauldron_level1,裝幼雪的鍋 (裝粉雪的鍋釜) [液位1],,,,,,,
,,,,,,,,,,,,,,,,,,,,,,,,,,,,,,,,👤🟩🌊,装有细雪的炼药锅 [液位2],powder_snow_cauldron_level2,裝幼雪的鍋 (裝粉雪的鍋釜) [液位2],,,,,,,
,,,,,,,,,,,,,,,,,,,,,,,,,,,,,,,,👤🟩,动力铁轨,powered_rail,動力路軌 (動力鐵軌),,,,,,,
,,,,,,,,,,,,,,,,,,,,,,,,,,,,,,,,👤🟩,动力铁轨 [开启],powered_rail_on,動力路軌 (動力鐵軌) [開啟],,,,,,,
,,,,,,,,,,,,,,,,,,,,,,,,,,,,,,,,👤🟩,动力铁轨 [开启东北抬高],powered_rail_on_raised_ne,動力路軌 (動力鐵軌) [開啟東北抬高],,,,,,,
,,,,,,,,,,,,,,,,,,,,,,,,,,,,,,,,👤🟩,动力铁轨 [开启西南抬高],powered_rail_on_raised_sw,動力路軌 (動力鐵軌) [開啟西南抬高],,,,,,,
,,,,,,,,,,,,,,,,,,,,,,,,,,,,,,,,👤🟩,动力铁轨 [东北抬高],powered_rail_raised_ne,動力路軌 (動力鐵軌) [東北抬高],,,,,,,
,,,,,,,,,,,,,,,,,,,,,,,,,,,,,,,,👤🟩,动力铁轨 [西南抬高],powered_rail_raised_sw,動力路軌 (動力鐵軌) [西南抬高],,,,,,,
,,,,,,,,,,,,,,,,,,,,,,,,,,,,,,,,#,压力板（父模型） [按下],pressure_plate_down,壓力板（父模型） [按下],,,,,,,
,,,,,,,,,,,,,,,,,,,,,,,,,,,,,,,,#,压力板（父模型） [抬起],pressure_plate_up,壓力板（父模型） [抬起],,,,,,,
,,,,,,,,,,,,,,,,,,,,,,,,,,,,,,,,🟩🌊,海晶石,prismarine,海磷石,,,,,,,
,,,,,,,,,,,,,,,,,,,,,,,,,,,,,,,,👤🟩🌊,海晶石砖台阶,prismarine_brick_slab,海磷石磚半磚,,,,,,,
,,,,,,,,,,,,,,,,,,,,,,,,,,,,,,,,👤🟩🌊,海晶石砖台阶 [顶部],prismarine_brick_slab_top,海磷石磚半磚 [頂部],,,,,,,
,,,,,,,,,,,,,,,,,,,,,,,,,,,,,,,,👤🟩🌊,海晶石砖楼梯,prismarine_brick_stairs,海磷石磚樓梯 (海磷石磚階梯),,,,,,,
,,,,,,,,,,,,,,,,,,,,,,,,,,,,,,,,👤🟩🌊,海晶石砖楼梯 [内角],prismarine_brick_stairs_inner,海磷石磚樓梯 (海磷石磚階梯) [內角],,,,,,,
,,,,,,,,,,,,,,,,,,,,,,,,,,,,,,,,👤🟩🌊,海晶石砖楼梯 [外角],prismarine_brick_stairs_outer,海磷石磚樓梯 (海磷石磚階梯) [外角],,,,,,,
,,,,,,,,,,,,,,,,,,,,,,,,,,,,,,,,👤🟩🌊,海晶石砖,prismarine_bricks,海磷石磚,,,,,,,
,,,,,,,,,,,,,,,,,,,,,,,,,,,,,,,,👤🟩🌊,海晶石台阶,prismarine_slab,海磷石半磚,,,,,,,
,,,,,,,,,,,,,,,,,,,,,,,,,,,,,,,,👤🟩🌊,海晶石台阶 [顶部],prismarine_slab_top,海磷石半磚 [頂部],,,,,,,
,,,,,,,,,,,,,,,,,,,,,,,,,,,,,,,,👤🟩🌊,海晶石楼梯,prismarine_stairs,海磷石樓梯 (海磷石階梯),,,,,,,
,,,,,,,,,,,,,,,,,,,,,,,,,,,,,,,,👤🟩🌊,海晶石楼梯 [内角],prismarine_stairs_inner,海磷石樓梯 (海磷石階梯) [內角],,,,,,,
,,,,,,,,,,,,,,,,,,,,,,,,,,,,,,,,👤🟩🌊,海晶石楼梯 [外角],prismarine_stairs_outer,海磷石樓梯 (海磷石階梯) [外角],,,,,,,
,,,,,,,,,,,,,,,,,,,,,,,,,,,,,,,,👤🟩🌊,海晶石墙 [物品栏],prismarine_wall_inventory,海磷石牆 [物品欄],,,,,,,
,,,,,,,,,,,,,,,,,,,,,,,,,,,,,,,,👤🟩🌊,海晶石墙 [柱],prismarine_wall_post,海磷石牆 [柱],,,,,,,
,,,,,,,,,,,,,,,,,,,,,,,,,,,,,,,,👤🟩🌊,海晶石墙 [边],prismarine_wall_side,海磷石牆 [邊],,,,,,,
,,,,,,,,,,,,,,,,,,,,,,,,,,,,,,,,👤🟩🌊,海晶石墙 [边高],prismarine_wall_side_tall,海磷石牆 [邊高],,,,,,,
,,,,,,,,,,,,,,,,,,,,,,,,,,,,,,,,🟩,南瓜,pumpkin,南瓜,,,,,,,
,,,,,,,,,,,,,,,,,,,,,,,,,,,,,,,,🟩,南瓜茎 [阶段0],pumpkin_stem_stage0,南瓜莖 (南瓜梗) [階段0],,,,,,,
,,,,,,,,,,,,,,,,,,,,,,,,,,,,,,,,🟩,南瓜茎 [阶段1],pumpkin_stem_stage1,南瓜莖 (南瓜梗) [階段1],,,,,,,
,,,,,,,,,,,,,,,,,,,,,,,,,,,,,,,,🟩,南瓜茎 [阶段2],pumpkin_stem_stage2,南瓜莖 (南瓜梗) [階段2],,,,,,,
,,,,,,,,,,,,,,,,,,,,,,,,,,,,,,,,🟩,南瓜茎 [阶段3],pumpkin_stem_stage3,南瓜莖 (南瓜梗) [階段3],,,,,,,
,,,,,,,,,,,,,,,,,,,,,,,,,,,,,,,,🟩,南瓜茎 [阶段4],pumpkin_stem_stage4,南瓜莖 (南瓜梗) [階段4],,,,,,,
,,,,,,,,,,,,,,,,,,,,,,,,,,,,,,,,🟩,南瓜茎 [阶段5],pumpkin_stem_stage5,南瓜莖 (南瓜梗) [階段5],,,,,,,
,,,,,,,,,,,,,,,,,,,,,,,,,,,,,,,,🟩,南瓜茎 [阶段6],pumpkin_stem_stage6,南瓜莖 (南瓜梗) [階段6],,,,,,,
,,,,,,,,,,,,,,,,,,,,,,,,,,,,,,,,🟩,南瓜茎 [阶段7],pumpkin_stem_stage7,南瓜莖 (南瓜梗) [階段7],,,,,,,
,,,,,,,,,,,,,,,,,,,,,,,,,,,,,,,,👤🟩,紫色床 [尾],purple_bed_foot,紫色牀 (紫色床) [尾],,,,,,,
,,,,,,,,,,,,,,,,,,,,,,,,,,,,,,,,👤🟩,紫色床 [头],purple_bed_head,紫色牀 (紫色床) [頭],,,,,,,
,,,,,,,,,,,,,,,,,,,,,,,,,,,,,,,,👤🟩💡,插上紫色蜡烛的蛋糕,purple_candle_cake,插上紫色蠟燭的蛋糕,,,,,,,
,,,,,,,,,,,,,,,,,,,,,,,,,,,,,,,,👤🟩💡,插上紫色蜡烛的蛋糕 [点燃],purple_candle_cake_lit,插上紫色蠟燭的蛋糕 [點燃],,,,,,,
,,,,,,,,,,,,,,,,,,,,,,,,,,,,,,,,👤🟩💡,紫色蜡烛 [四支蜡烛],purple_candle_four_candles,紫色蠟燭 [四支蠟燭],,,,,,,
,,,,,,,,,,,,,,,,,,,,,,,,,,,,,,,,👤🟩💡,紫色蜡烛 [四支蜡烛点燃],purple_candle_four_candles_lit,紫色蠟燭 [四支蠟燭點燃],,,,,,,
,,,,,,,,,,,,,,,,,,,,,,,,,,,,,,,,👤🟩💡,紫色蜡烛 [一支蜡烛],purple_candle_one_candle,紫色蠟燭 [一支蠟燭],,,,,,,
,,,,,,,,,,,,,,,,,,,,,,,,,,,,,,,,👤🟩💡,紫色蜡烛 [一支蜡烛点燃],purple_candle_one_candle_lit,紫色蠟燭 [一支蠟燭點燃],,,,,,,
,,,,,,,,,,,,,,,,,,,,,,,,,,,,,,,,👤🟩💡,紫色蜡烛 [三支蜡烛],purple_candle_three_candles,紫色蠟燭 [三支蠟燭],,,,,,,
,,,,,,,,,,,,,,,,,,,,,,,,,,,,,,,,👤🟩💡,紫色蜡烛 [三支蜡烛点燃],purple_candle_three_candles_lit,紫色蠟燭 [三支蠟燭點燃],,,,,,,
,,,,,,,,,,,,,,,,,,,,,,,,,,,,,,,,👤🟩💡,紫色蜡烛 [两支蜡烛],purple_candle_two_candles,紫色蠟燭 [兩支蠟燭],,,,,,,
,,,,,,,,,,,,,,,,,,,,,,,,,,,,,,,,👤🟩💡,紫色蜡烛 [两支蜡烛点燃],purple_candle_two_candles_lit,紫色蠟燭 [兩支蠟燭點燃],,,,,,,
,,,,,,,,,,,,,,,,,,,,,,,,,,,,,,,,👤🟩,紫色地毯,purple_carpet,紫色地氈 (紫色地毯),,,,,,,
,,,,,,,,,,,,,,,,,,,,,,,,,,,,,,,,👤🟩,紫色混凝土,purple_concrete,紫色混凝土,,,,,,,
,,,,,,,,,,,,,,,,,,,,,,,,,,,,,,,,👤🟩,紫色混凝土粉末,purple_concrete_powder,紫色混凝土粉末,,,,,,,
,,,,,,,,,,,,,,,,,,,,,,,,,,,,,,,,👤🟩,紫色带釉陶瓦,purple_glazed_terracotta,紫色釉陶,,,,,,,
,,,,,,,,,,,,,,,,,,,,,,,,,,,,,,,,🟨,紫色潜影盒,purple_shulker_box,紫色界伏盒,,,,,,,
,,,,,,,,,,,,,,,,,,,,,,,,,,,,,,,,👤🟩,紫色染色玻璃,purple_stained_glass,紫色染色玻璃 (紫色玻璃),,,,,,,
,,,,,,,,,,,,,,,,,,,,,,,,,,,,,,,,👤🟩,紫色染色玻璃板 [无边],purple_stained_glass_pane_noside,紫色染色玻璃片 (紫色玻璃片) [無邊],,,,,,,
,,,,,,,,,,,,,,,,,,,,,,,,,,,,,,,,👤🟩,紫色染色玻璃板 [无边交替],purple_stained_glass_pane_noside_alt,紫色染色玻璃片 (紫色玻璃片) [無邊交替],,,,,,,
,,,,,,,,,,,,,,,,,,,,,,,,,,,,,,,,👤🟩,紫色染色玻璃板 [柱],purple_stained_glass_pane_post,紫色染色玻璃片 (紫色玻璃片) [柱],,,,,,,
,,,,,,,,,,,,,,,,,,,,,,,,,,,,,,,,👤🟩,紫色染色玻璃板 [边],purple_stained_glass_pane_side,紫色染色玻璃片 (紫色玻璃片) [邊],,,,,,,
,,,,,,,,,,,,,,,,,,,,,,,,,,,,,,,,👤🟩,紫色染色玻璃板 [边交替],purple_stained_glass_pane_side_alt,紫色染色玻璃片 (紫色玻璃片) [邊交替],,,,,,,
,,,,,,,,,,,,,,,,,,,,,,,,,,,,,,,,👤🟩,紫色陶瓦,purple_terracotta,紫色陶瓦 (紫色陶土),,,,,,,
,,,,,,,,,,,,,,,,,,,,,,,,,,,,,,,,👤🟩,紫色羊毛,purple_wool,紫色羊毛,,,,,,,
,,,,,,,,,,,,,,,,,,,,,,,,,,,,,,,,🟨,紫珀块,purpur_block,紫珀磚 (紫珀方塊),,,,,,,
,,,,,,,,,,,,,,,,,,,,,,,,,,,,,,,,🟨,紫珀柱,purpur_pillar,紫珀柱,,,,,,,
,,,,,,,,,,,,,,,,,,,,,,,,,,,,,,,,🟨,紫珀柱 [水平],purpur_pillar_horizontal,紫珀柱 [水平],,,,,,,
,,,,,,,,,,,,,,,,,,,,,,,,,,,,,,,,👤🟨,紫珀台阶,purpur_slab,紫珀半磚,,,,,,,
,,,,,,,,,,,,,,,,,,,,,,,,,,,,,,,,👤🟨,紫珀台阶 [顶部],purpur_slab_top,紫珀半磚 [頂部],,,,,,,
,,,,,,,,,,,,,,,,,,,,,,,,,,,,,,,,👤🟨,紫珀楼梯,purpur_stairs,紫珀樓梯 (紫珀階梯),,,,,,,
,,,,,,,,,,,,,,,,,,,,,,,,,,,,,,,,👤🟨,紫珀楼梯 [内角],purpur_stairs_inner,紫珀樓梯 (紫珀階梯) [內角],,,,,,,
,,,,,,,,,,,,,,,,,,,,,,,,,,,,,,,,👤🟨,紫珀楼梯 [外角],purpur_stairs_outer,紫珀樓梯 (紫珀階梯) [外角],,,,,,,
,,,,,,,,,,,,,,,,,,,,,,,,,,,,,,,,🟥,石英块,quartz_block,石英磚 (石英方塊),,,,,,,
,,,,,,,,,,,,,,,,,,,,,,,,,,,,,,,,👤🟥,石英砖,quartz_bricks,磚紋石英磚 (石英磚),,,,,,,
,,,,,,,,,,,,,,,,,,,,,,,,,,,,,,,,🟥,石英柱,quartz_pillar,石英柱,,,,,,,
,,,,,,,,,,,,,,,,,,,,,,,,,,,,,,,,🟥,石英柱 [水平],quartz_pillar_horizontal,石英柱 [水平],,,,,,,
,,,,,,,,,,,,,,,,,,,,,,,,,,,,,,,,👤🟥,石英台阶,quartz_slab,石英半磚,,,,,,,
,,,,,,,,,,,,,,,,,,,,,,,,,,,,,,,,👤🟥,石英台阶 [顶部],quartz_slab_top,石英半磚 [頂部],,,,,,,
,,,,,,,,,,,,,,,,,,,,,,,,,,,,,,,,👤🟥,石英楼梯,quartz_stairs,石英樓梯 (石英階梯),,,,,,,
,,,,,,,,,,,,,,,,,,,,,,,,,,,,,,,,👤🟥,石英楼梯 [内角],quartz_stairs_inner,石英樓梯 (石英階梯) [內角],,,,,,,
,,,,,,,,,,,,,,,,,,,,,,,,,,,,,,,,👤🟥,石英楼梯 [外角],quartz_stairs_outer,石英樓梯 (石英階梯) [外角],,,,,,,
,,,,,,,,,,,,,,,,,,,,,,,,,,,,,,,,👤🟩,铁轨,rail,路軌 (鐵軌),,,,,,,
,,,,,,,,,,,,,,,,,,,,,,,,,,,,,,,,👤🟩,铁轨 [转角],rail_corner,路軌 (鐵軌) [轉角],,,,,,,
,,,,,,,,,,,,,,,,,,,,,,,,,,,,,,,,👤🟩,铁轨 [弯曲],rail_curved,路軌 (鐵軌) [彎曲],,,,,,,
,,,,,,,,,,,,,,,,,,,,,,,,,,,,,,,,👤🟩,铁轨 [平坦],rail_flat,路軌 (鐵軌) [平坦],,,,,,,
,,,,,,,,,,,,,,,,,,,,,,,,,,,,,,,,👤🟩,铁轨 [东北抬高],rail_raised_ne,路軌 (鐵軌) [東北抬高],,,,,,,
,,,,,,,,,,,,,,,,,,,,,,,,,,,,,,,,👤🟩,铁轨 [西南抬高],rail_raised_sw,路軌 (鐵軌) [西南抬高],,,,,,,
,,,,,,,,,,,,,,,,,,,,,,,,,,,,,,,,👤🟩,粗铜块,raw_copper_block,粗銅磚 (銅原礦方塊),,,,,,,
,,,,,,,,,,,,,,,,,,,,,,,,,,,,,,,,👤🟩,粗金块,raw_gold_block,粗金磚 (金原礦方塊),,,,,,,
,,,,,,,,,,,,,,,,,,,,,,,,,,,,,,,,👤🟩,粗铁块,raw_iron_block,粗鐵磚 (鐵原礦方塊),,,,,,,
,,,,,,,,,,,,,,,,,,,,,,,,,,,,,,,,👤🟩,红色床 [尾],red_bed_foot,紅色牀 (紅色床) [尾],,,,,,,
,,,,,,,,,,,,,,,,,,,,,,,,,,,,,,,,👤🟩,红色床 [头],red_bed_head,紅色牀 (紅色床) [頭],,,,,,,
,,,,,,,,,,,,,,,,,,,,,,,,,,,,,,,,👤🟩💡,插上红色蜡烛的蛋糕,red_candle_cake,插上紅色蠟燭的蛋糕,,,,,,,
,,,,,,,,,,,,,,,,,,,,,,,,,,,,,,,,👤🟩💡,插上红色蜡烛的蛋糕 [点燃],red_candle_cake_lit,插上紅色蠟燭的蛋糕 [點燃],,,,,,,
,,,,,,,,,,,,,,,,,,,,,,,,,,,,,,,,👤🟩💡,红色蜡烛 [四支蜡烛],red_candle_four_candles,紅色蠟燭 [四支蠟燭],,,,,,,
,,,,,,,,,,,,,,,,,,,,,,,,,,,,,,,,👤🟩💡,红色蜡烛 [四支蜡烛点燃],red_candle_four_candles_lit,紅色蠟燭 [四支蠟燭點燃],,,,,,,
,,,,,,,,,,,,,,,,,,,,,,,,,,,,,,,,👤🟩💡,红色蜡烛 [一支蜡烛],red_candle_one_candle,紅色蠟燭 [一支蠟燭],,,,,,,
,,,,,,,,,,,,,,,,,,,,,,,,,,,,,,,,👤🟩💡,红色蜡烛 [一支蜡烛点燃],red_candle_one_candle_lit,紅色蠟燭 [一支蠟燭點燃],,,,,,,
,,,,,,,,,,,,,,,,,,,,,,,,,,,,,,,,👤🟩💡,红色蜡烛 [三支蜡烛],red_candle_three_candles,紅色蠟燭 [三支蠟燭],,,,,,,
,,,,,,,,,,,,,,,,,,,,,,,,,,,,,,,,👤🟩💡,红色蜡烛 [三支蜡烛点燃],red_candle_three_candles_lit,紅色蠟燭 [三支蠟燭點燃],,,,,,,
,,,,,,,,,,,,,,,,,,,,,,,,,,,,,,,,👤🟩💡,红色蜡烛 [两支蜡烛],red_candle_two_candles,紅色蠟燭 [兩支蠟燭],,,,,,,
,,,,,,,,,,,,,,,,,,,,,,,,,,,,,,,,👤🟩💡,红色蜡烛 [两支蜡烛点燃],red_candle_two_candles_lit,紅色蠟燭 [兩支蠟燭點燃],,,,,,,
,,,,,,,,,,,,,,,,,,,,,,,,,,,,,,,,👤🟩,红色地毯,red_carpet,紅色地氈 (紅色地毯),,,,,,,
,,,,,,,,,,,,,,,,,,,,,,,,,,,,,,,,👤🟩,红色混凝土,red_concrete,紅色混凝土,,,,,,,
,,,,,,,,,,,,,,,,,,,,,,,,,,,,,,,,👤🟩,红色混凝土粉末,red_concrete_powder,紅色混凝土粉末,,,,,,,
,,,,,,,,,,,,,,,,,,,,,,,,,,,,,,,,👤🟩,红色带釉陶瓦,red_glazed_terracotta,紅色釉陶,,,,,,,
,,,,,,,,,,,,,,,,,,,,,,,,,,,,,,,,🟩,红色蘑菇,red_mushroom,紅色蘑菇,,,,,,,
,,,,,,,,,,,,,,,,,,,,,,,,,,,,,,,,🟩,红色蘑菇方块,red_mushroom_block,紅色蘑菇方塊,,,,,,,
,,,,,,,,,,,,,,,,,,,,,,,,,,,,,,,,🟩,红色蘑菇方块 [物品栏],red_mushroom_block_inventory,紅色蘑菇方塊 [物品欄],,,,,,,
,,,,,,,,,,,,,,,,,,,,,,,,,,,,,,,,👤🟥,红色下界砖台阶,red_nether_brick_slab,紅色地獄磚半磚 (紅地獄磚半磚),,,,,,,
,,,,,,,,,,,,,,,,,,,,,,,,,,,,,,,,👤🟥,红色下界砖台阶 [顶部],red_nether_brick_slab_top,紅色地獄磚半磚 (紅地獄磚半磚) [頂部],,,,,,,
,,,,,,,,,,,,,,,,,,,,,,,,,,,,,,,,👤🟥,红色下界砖楼梯,red_nether_brick_stairs,紅色地獄磚樓梯 (紅地獄磚階梯),,,,,,,
,,,,,,,,,,,,,,,,,,,,,,,,,,,,,,,,👤🟥,红色下界砖楼梯 [内角],red_nether_brick_stairs_inner,紅色地獄磚樓梯 (紅地獄磚階梯) [內角],,,,,,,
,,,,,,,,,,,,,,,,,,,,,,,,,,,,,,,,👤🟥,红色下界砖楼梯 [外角],red_nether_brick_stairs_outer,紅色地獄磚樓梯 (紅地獄磚階梯) [外角],,,,,,,
,,,,,,,,,,,,,,,,,,,,,,,,,,,,,,,,👤🟥,红色下界砖墙 [物品栏],red_nether_brick_wall_inventory,紅色地獄磚牆 (紅地獄磚牆) [物品欄],,,,,,,
,,,,,,,,,,,,,,,,,,,,,,,,,,,,,,,,👤🟥,红色下界砖墙 [柱],red_nether_brick_wall_post,紅色地獄磚牆 (紅地獄磚牆) [柱],,,,,,,
,,,,,,,,,,,,,,,,,,,,,,,,,,,,,,,,👤🟥,红色下界砖墙 [边],red_nether_brick_wall_side,紅色地獄磚牆 (紅地獄磚牆) [邊],,,,,,,
,,,,,,,,,,,,,,,,,,,,,,,,,,,,,,,,👤🟥,红色下界砖墙 [边高],red_nether_brick_wall_side_tall,紅色地獄磚牆 (紅地獄磚牆) [邊高],,,,,,,
,,,,,,,,,,,,,,,,,,,,,,,,,,,,,,,,👤🟥,红色下界砖块,red_nether_bricks,紅色地獄磚 (紅地獄磚),,,,,,,
,,,,,,,,,,,,,,,,,,,,,,,,,,,,,,,,🟩,红沙,red_sand,紅沙,,,,,,,
,,,,,,,,,,,,,,,,,,,,,,,,,,,,,,,,🟩,红砂岩,red_sandstone,紅砂巖 (紅砂岩),,,,,,,
,,,,,,,,,,,,,,,,,,,,,,,,,,,,,,,,👤🟩,红砂岩台阶,red_sandstone_slab,紅砂巖半磚 (紅砂岩半磚),,,,,,,
,,,,,,,,,,,,,,,,,,,,,,,,,,,,,,,,👤🟩,红砂岩台阶 [顶部],red_sandstone_slab_top,紅砂巖半磚 (紅砂岩半磚) [頂部],,,,,,,
,,,,,,,,,,,,,,,,,,,,,,,,,,,,,,,,👤🟩,红砂岩楼梯,red_sandstone_stairs,紅砂巖樓梯 (紅砂岩階梯),,,,,,,
,,,,,,,,,,,,,,,,,,,,,,,,,,,,,,,,👤🟩,红砂岩楼梯 [内角],red_sandstone_stairs_inner,紅砂巖樓梯 (紅砂岩階梯) [內角],,,,,,,
,,,,,,,,,,,,,,,,,,,,,,,,,,,,,,,,👤🟩,红砂岩楼梯 [外角],red_sandstone_stairs_outer,紅砂巖樓梯 (紅砂岩階梯) [外角],,,,,,,
,,,,,,,,,,,,,,,,,,,,,,,,,,,,,,,,👤🟩,红砂岩墙 [物品栏],red_sandstone_wall_inventory,紅砂巖牆 (紅砂岩牆) [物品欄],,,,,,,
,,,,,,,,,,,,,,,,,,,,,,,,,,,,,,,,👤🟩,红砂岩墙 [柱],red_sandstone_wall_post,紅砂巖牆 (紅砂岩牆) [柱],,,,,,,
,,,,,,,,,,,,,,,,,,,,,,,,,,,,,,,,👤🟩,红砂岩墙 [边],red_sandstone_wall_side,紅砂巖牆 (紅砂岩牆) [邊],,,,,,,
,,,,,,,,,,,,,,,,,,,,,,,,,,,,,,,,👤🟩,红砂岩墙 [边高],red_sandstone_wall_side_tall,紅砂巖牆 (紅砂岩牆) [邊高],,,,,,,
,,,,,,,,,,,,,,,,,,,,,,,,,,,,,,,,🟨,红色潜影盒,red_shulker_box,紅色界伏盒,,,,,,,
,,,,,,,,,,,,,,,,,,,,,,,,,,,,,,,,👤🟩,红色染色玻璃,red_stained_glass,紅色染色玻璃 (紅色玻璃),,,,,,,
,,,,,,,,,,,,,,,,,,,,,,,,,,,,,,,,👤🟩,红色染色玻璃板 [无边],red_stained_glass_pane_noside,紅色染色玻璃片 (紅色玻璃片) [無邊],,,,,,,
,,,,,,,,,,,,,,,,,,,,,,,,,,,,,,,,👤🟩,红色染色玻璃板 [无边交替],red_stained_glass_pane_noside_alt,紅色染色玻璃片 (紅色玻璃片) [無邊交替],,,,,,,
,,,,,,,,,,,,,,,,,,,,,,,,,,,,,,,,👤🟩,红色染色玻璃板 [柱],red_stained_glass_pane_post,紅色染色玻璃片 (紅色玻璃片) [柱],,,,,,,
,,,,,,,,,,,,,,,,,,,,,,,,,,,,,,,,👤🟩,红色染色玻璃板 [边],red_stained_glass_pane_side,紅色染色玻璃片 (紅色玻璃片) [邊],,,,,,,
,,,,,,,,,,,,,,,,,,,,,,,,,,,,,,,,👤🟩,红色染色玻璃板 [边交替],red_stained_glass_pane_side_alt,紅色染色玻璃片 (紅色玻璃片) [邊交替],,,,,,,
,,,,,,,,,,,,,,,,,,,,,,,,,,,,,,,,👤🟩,红色陶瓦,red_terracotta,紅色陶瓦 (紅色陶土),,,,,,,
,,,,,,,,,,,,,,,,,,,,,,,,,,,,,,,,🟩,红色郁金香,red_tulip,紅色鬱金香,,,,,,,
,,,,,,,,,,,,,,,,,,,,,,,,,,,,,,,,👤🟩,红色羊毛,red_wool,紅色羊毛,,,,,,,
,,,,,,,,,,,,,,,,,,,,,,,,,,,,,,,,👤🟩,红石块,redstone_block,紅石磚 (紅石方塊),,,,,,,
,,,,,,,,,,,,,,,,,,,,,,,,,,,,,,,,👤🟩,红石粉 [红石点],redstone_dust_dot,紅石粉 [紅石點],,,,,,,
,,,,,,,,,,,,,,,,,,,,,,,,,,,,,,,,👤🟩,红石粉 [红石边],redstone_dust_side,紅石粉 [紅石邊],,,,,,,
,,,,,,,,,,,,,,,,,,,,,,,,,,,,,,,,👤🟩,红石粉 [红石边0],redstone_dust_side0,紅石粉 [紅石邊0],,,,,,,
,,,,,,,,,,,,,,,,,,,,,,,,,,,,,,,,👤🟩,红石粉 [红石边1],redstone_dust_side1,紅石粉 [紅石邊1],,,,,,,
,,,,,,,,,,,,,,,,,,,,,,,,,,,,,,,,👤🟩,红石粉 [红石边交替],redstone_dust_side_alt,紅石粉 [紅石邊交替],,,,,,,
,,,,,,,,,,,,,,,,,,,,,,,,,,,,,,,,👤🟩,红石粉 [红石边交替0],redstone_dust_side_alt0,紅石粉 [紅石邊alt0],,,,,,,
,,,,,,,,,,,,,,,,,,,,,,,,,,,,,,,,👤🟩,红石粉 [红石边交替1],redstone_dust_side_alt1,紅石粉 [紅石邊alt1],,,,,,,
,,,,,,,,,,,,,,,,,,,,,,,,,,,,,,,,👤🟩,红石粉 [红石向上],redstone_dust_up,紅石粉 [紅石向上],,,,,,,
,,,,,,,,,,,,,,,,,,,,,,,,,,,,,,,,👤🟩💡,红石灯,redstone_lamp,紅石燈,,,,,,,
,,,,,,,,,,,,,,,,,,,,,,,,,,,,,,,,👤🟩💡,红石灯 [开启],redstone_lamp_on,紅石燈 [開啟],,,,,,,
,,,,,,,,,,,,,,,,,,,,,,,,,,,,,,,,👤🟩,红石矿石,redstone_ore,紅石礦,,,,,,,
,,,,,,,,,,,,,,,,,,,,,,,,,,,,,,,,👤🟩💡,红石火把,redstone_torch,紅石火炬 (紅石火把),,,,,,,
,,,,,,,,,,,,,,,,,,,,,,,,,,,,,,,,👤🟩💡,红石火把 [关闭],redstone_torch_off,紅石火炬 (紅石火把) [關閉],,,,,,,
,,,,,,,,,,,,,,,,,,,,,,,,,,,,,,,,👤🟩💡,墙上的红石火把,redstone_wall_torch,牆上的紅石火炬 (牆上的紅石火把),,,,,,,
,,,,,,,,,,,,,,,,,,,,,,,,,,,,,,,,👤🟩💡,墙上的红石火把 [关闭],redstone_wall_torch_off,牆上的紅石火炬 (牆上的紅石火把) [關閉],,,,,,,
,,,,,,,,,,,,,,,,,,,,,,,,,,,,,,,,🟩,强化深板岩,reinforced_deepslate,強化深板巖 (強化深板岩),,,,,,,
,,,,,,,,,,,,,,,,,,,,,,,,,,,,,,,,👤🟩,红石中继器 [1刻],repeater_1tick,紅石中繼器 [1刻],,,,,,,
,,,,,,,,,,,,,,,,,,,,,,,,,,,,,,,,👤🟩,红石中继器 [1刻锁定],repeater_1tick_locked,紅石中繼器 [1刻鎖定],,,,,,,
,,,,,,,,,,,,,,,,,,,,,,,,,,,,,,,,👤🟩,红石中继器 [1刻开启],repeater_1tick_on,紅石中繼器 [1刻開啟],,,,,,,
,,,,,,,,,,,,,,,,,,,,,,,,,,,,,,,,👤🟩,红石中继器 [1刻开启锁定],repeater_1tick_on_locked,紅石中繼器 [1刻開啟鎖定],,,,,,,
,,,,,,,,,,,,,,,,,,,,,,,,,,,,,,,,👤🟩,红石中继器 [2刻],repeater_2tick,紅石中繼器 [2刻],,,,,,,
,,,,,,,,,,,,,,,,,,,,,,,,,,,,,,,,👤🟩,红石中继器 [2刻锁定],repeater_2tick_locked,紅石中繼器 [2刻鎖定],,,,,,,
,,,,,,,,,,,,,,,,,,,,,,,,,,,,,,,,👤🟩,红石中继器 [2刻开启],repeater_2tick_on,紅石中繼器 [2刻開啟],,,,,,,
,,,,,,,,,,,,,,,,,,,,,,,,,,,,,,,,👤🟩,红石中继器 [2刻开启锁定],repeater_2tick_on_locked,紅石中繼器 [2刻開啟鎖定],,,,,,,
,,,,,,,,,,,,,,,,,,,,,,,,,,,,,,,,👤🟩,红石中继器 [3刻],repeater_3tick,紅石中繼器 [3刻],,,,,,,
,,,,,,,,,,,,,,,,,,,,,,,,,,,,,,,,👤🟩,红石中继器 [3刻锁定],repeater_3tick_locked,紅石中繼器 [3刻鎖定],,,,,,,
,,,,,,,,,,,,,,,,,,,,,,,,,,,,,,,,👤🟩,红石中继器 [3刻开启],repeater_3tick_on,紅石中繼器 [3刻開啟],,,,,,,
,,,,,,,,,,,,,,,,,,,,,,,,,,,,,,,,👤🟩,红石中继器 [3刻开启锁定],repeater_3tick_on_locked,紅石中繼器 [3刻開啟鎖定],,,,,,,
,,,,,,,,,,,,,,,,,,,,,,,,,,,,,,,,👤🟩,红石中继器 [4刻],repeater_4tick,紅石中繼器 [4刻],,,,,,,
,,,,,,,,,,,,,,,,,,,,,,,,,,,,,,,,👤🟩,红石中继器 [4刻锁定],repeater_4tick_locked,紅石中繼器 [4刻鎖定],,,,,,,
,,,,,,,,,,,,,,,,,,,,,,,,,,,,,,,,👤🟩,红石中继器 [4刻开启],repeater_4tick_on,紅石中繼器 [4刻開啟],,,,,,,
,,,,,,,,,,,,,,,,,,,,,,,,,,,,,,,,👤🟩,红石中继器 [4刻开启锁定],repeater_4tick_on_locked,紅石中繼器 [4刻開啟鎖定],,,,,,,
,,,,,,,,,,,,,,,,,,,,,,,,,,,,,,,,🟩,循环型命令方块,repeating_command_block,重複型命令方塊 (重複型指令方塊),,,,,,,
,,,,,,,,,,,,,,,,,,,,,,,,,,,,,,,,🟩,循环型命令方块 [条件],repeating_command_block_conditional,重複型命令方塊 (重複型指令方塊) [條件],,,,,,,
,,,,,,,,,,,,,,,,,,,,,,,,,,,,,,,,🟩,树脂块,resin_block,樹脂塊 (樹脂方塊),,,,,,,
,,,,,,,,,,,,,,,,,,,,,,,,,,,,,,,,👤🟩,树脂砖台阶,resin_brick_slab,樹脂磚半磚,,,,,,,
,,,,,,,,,,,,,,,,,,,,,,,,,,,,,,,,👤🟩,树脂砖台阶 [顶部],resin_brick_slab_top,樹脂磚半磚 [頂部],,,,,,,
,,,,,,,,,,,,,,,,,,,,,,,,,,,,,,,,👤🟩,树脂砖楼梯,resin_brick_stairs,樹脂磚樓梯 (樹脂磚階梯),,,,,,,
,,,,,,,,,,,,,,,,,,,,,,,,,,,,,,,,👤🟩,树脂砖楼梯 [内角],resin_brick_stairs_inner,樹脂磚樓梯 (樹脂磚階梯) [內角],,,,,,,
,,,,,,,,,,,,,,,,,,,,,,,,,,,,,,,,👤🟩,树脂砖楼梯 [外角],resin_brick_stairs_outer,樹脂磚樓梯 (樹脂磚階梯) [外角],,,,,,,
,,,,,,,,,,,,,,,,,,,,,,,,,,,,,,,,👤🟩,树脂砖墙 [物品栏],resin_brick_wall_inventory,樹脂磚牆 [物品欄],,,,,,,
,,,,,,,,,,,,,,,,,,,,,,,,,,,,,,,,👤🟩,树脂砖墙 [柱],resin_brick_wall_post,樹脂磚牆 [柱],,,,,,,
,,,,,,,,,,,,,,,,,,,,,,,,,,,,,,,,👤🟩,树脂砖墙 [边],resin_brick_wall_side,樹脂磚牆 [邊],,,,,,,
,,,,,,,,,,,,,,,,,,,,,,,,,,,,,,,,👤🟩,树脂砖墙 [边高],resin_brick_wall_side_tall,樹脂磚牆 [邊高],,,,,,,
,,,,,,,,,,,,,,,,,,,,,,,,,,,,,,,,👤🟩,树脂砖块,resin_bricks,樹脂磚,,,,,,,
,,,,,,,,,,,,,,,,,,,,,,,,,,,,,,,,🟩,树脂团,resin_clump,樹脂團,,,,,,,
,,,,,,,,,,,,,,,,,,,,,,,,,,,,,,,,🟥,重生锚 [0],respawn_anchor_0,重生錨 [0],,,,,,,
,,,,,,,,,,,,,,,,,,,,,,,,,,,,,,,,🟥,重生锚 [1],respawn_anchor_1,重生錨 [1],,,,,,,
,,,,,,,,,,,,,,,,,,,,,,,,,,,,,,,,🟥,重生锚 [2],respawn_anchor_2,重生錨 [2],,,,,,,
,,,,,,,,,,,,,,,,,,,,,,,,,,,,,,,,🟥,重生锚 [3],respawn_anchor_3,重生錨 [3],,,,,,,
,,,,,,,,,,,,,,,,,,,,,,,,,,,,,,,,🟥,重生锚 [4],respawn_anchor_4,重生錨 [4],,,,,,,
,,,,,,,,,,,,,,,,,,,,,,,,,,,,,,,,🟩,缠根泥土,rooted_dirt,扎根泥 (扎根土),,,,,,,
,,,,,,,,,,,,,,,,,,,,,,,,,,,,,,,,🟩,玫瑰丛 [底部],rose_bush_bottom,玫瑰叢 [底部],,,,,,,
,,,,,,,,,,,,,,,,,,,,,,,,,,,,,,,,🟩,玫瑰丛 [顶部],rose_bush_top,玫瑰叢 [頂部],,,,,,,
,,,,,,,,,,,,,,,,,,,,,,,,,,,,,,,,🟩,沙子,sand,沙,,,,,,,
,,,,,,,,,,,,,,,,,,,,,,,,,,,,,,,,🟩,砂岩,sandstone,砂巖 (砂岩),,,,,,,
,,,,,,,,,,,,,,,,,,,,,,,,,,,,,,,,👤🟩,砂岩台阶,sandstone_slab,砂巖半磚 (砂岩半磚),,,,,,,
,,,,,,,,,,,,,,,,,,,,,,,,,,,,,,,,👤🟩,砂岩台阶 [顶部],sandstone_slab_top,砂巖半磚 (砂岩半磚) [頂部],,,,,,,
,,,,,,,,,,,,,,,,,,,,,,,,,,,,,,,,👤🟩,砂岩楼梯,sandstone_stairs,砂巖樓梯 (砂岩階梯),,,,,,,
,,,,,,,,,,,,,,,,,,,,,,,,,,,,,,,,👤🟩,砂岩楼梯 [内角],sandstone_stairs_inner,砂巖樓梯 (砂岩階梯) [內角],,,,,,,
,,,,,,,,,,,,,,,,,,,,,,,,,,,,,,,,👤🟩,砂岩楼梯 [外角],sandstone_stairs_outer,砂巖樓梯 (砂岩階梯) [外角],,,,,,,
,,,,,,,,,,,,,,,,,,,,,,,,,,,,,,,,👤🟩,砂岩墙 [物品栏],sandstone_wall_inventory,砂巖牆 (砂岩牆) [物品欄],,,,,,,
,,,,,,,,,,,,,,,,,,,,,,,,,,,,,,,,👤🟩,砂岩墙 [柱],sandstone_wall_post,砂巖牆 (砂岩牆) [柱],,,,,,,
,,,,,,,,,,,,,,,,,,,,,,,,,,,,,,,,👤🟩,砂岩墙 [边],sandstone_wall_side,砂巖牆 (砂岩牆) [邊],,,,,,,
,,,,,,,,,,,,,,,,,,,,,,,,,,,,,,,,👤🟩,砂岩墙 [边高],sandstone_wall_side_tall,砂巖牆 (砂岩牆) [邊高],,,,,,,
,,,,,,,,,,,,,,,,,,,,,,,,,,,,,,,,👤🟩,脚手架 [stable],scaffolding_stable,棚架 (鷹架) [stable],,,,,,,
,,,,,,,,,,,,,,,,,,,,,,,,,,,,,,,,👤🟩,脚手架 [unstable],scaffolding_unstable,棚架 (鷹架) [unstable],,,,,,,
,,,,,,,,,,,,,,,,,,,,,,,,,,,,,,,,🟩,幽匿块,sculk,沉靈方塊 (伏聆),,,,,,,
,,,,,,,,,,,,,,,,,,,,,,,,,,,,,,,,🟩,幽匿催发体,sculk_catalyst,沉靈催發器 (伏聆觸媒),,,,,,,
,,,,,,,,,,,,,,,,,,,,,,,,,,,,,,,,👤🟩,幽匿催发体 [bloom],sculk_catalyst_bloom,沉靈催發器 (伏聆觸媒) [bloom],,,,,,,
,,,,,,,,,,,,,,,,,,,,,,,,,,,,,,,,🟩,幽匿块 [mirrored],sculk_mirrored,沉靈方塊 (伏聆) [mirrored],,,,,,,
,,,,,,,,,,,,,,,,,,,,,,,,,,,,,,,,🟩,幽匿感测体,sculk_sensor,沉靈傳感器 (伏聆振測器),,,,,,,
,,,,,,,,,,,,,,,,,,,,,,,,,,,,,,,,🟩,幽匿感测体 [激活],sculk_sensor_active,沉靈傳感器 (伏聆振測器) [啟用],,,,,,,
,,,,,,,,,,,,,,,,,,,,,,,,,,,,,,,,🟩,幽匿感测体 [未激活],sculk_sensor_inactive,沉靈傳感器 (伏聆振測器) [未啟用],,,,,,,
,,,,,,,,,,,,,,,,,,,,,,,,,,,,,,,,🟩,幽匿尖啸体,sculk_shrieker,沉靈尖嘯器 (伏聆嘯口),,,,,,,
,,,,,,,,,,,,,,,,,,,,,,,,,,,,,,,,🟩,幽匿尖啸体 [cansummon],sculk_shrieker_can_summon,沉靈尖嘯器 (伏聆嘯口) [cansummon],,,,,,,
,,,,,,,,,,,,,,,,,,,,,,,,,,,,,,,,🟩,幽匿脉络,sculk_vein,沉靈脈絡 (伏聆脈絡),,,,,,,
,,,,,,,,,,,,,,,,,,,,,,,,,,,,,,,,🟩🌊💡,海晶灯,sea_lantern,海燈籠,,,,,,,
,,,,,,,,,,,,,,,,,,,,,,,,,,,,,,,,🟩🌊💡,海泡菜,sea_pickle,海鞘,,,,,,,
,,,,,,,,,,,,,,,,,,,,,,,,,,,,,,,,🟩🌊,海草,seagrass,海草,,,,,,,
,,,,,,,,,,,,,,,,,,,,,,,,,,,,,,,,🟩,矮枯草丛,short_dry_grass,矮枯草,,,,,,,
,,,,,,,,,,,,,,,,,,,,,,,,,,,,,,,,🟩,矮草丛,short_grass,矮草叢 (矮草),,,,,,,
,,,,,,,,,,,,,,,,,,,,,,,,,,,,,,,,🟥💡,菌光体,shroomlight,菌光體 (蕈光體),,,,,,,
,,,,,,,,,,,,,,,,,,,,,,,,,,,,,,,,🟨,潜影盒,shulker_box,界伏盒,,,,,,,
,,,,,,,,,,,,,,,,,,,,,,,,,,,,,,,,#,头颅（父模型）,skull,頭顱（父模型）,,,,,,,
,,,,,,,,,,,,,,,,,,,,,,,,,,,,,,,,#,台阶（父模型）,slab,半磚（父模型）,,,,,,,
,,,,,,,,,,,,,,,,,,,,,,,,,,,,,,,,#,台阶（父模型） [顶部],slab_top,半磚（父模型） [頂部],,,,,,,
,,,,,,,,,,,,,,,,,,,,,,,,,,,,,,,,🟩🌊,轻微破裂海龟蛋,slightly_cracked_turtle_egg,輕微破裂海龜蛋,,,,,,,
,,,,,,,,,,,,,,,,,,,,,,,,,,,,,,,,🟩,黏液块,slime_block,史萊姆方塊,,,,,,,
,,,,,,,,,,,,,,,,,,,,,,,,,,,,,,,,🟩,小型紫晶芽,small_amethyst_bud,小型紫水晶芽,,,,,,,
,,,,,,,,,,,,,,,,,,,,,,,,,,,,,,,,🟩,小型垂滴叶 [底部],small_dripleaf_bottom,細懸葉草 (小懸葉草) [底部],,,,,,,
,,,,,,,,,,,,,,,,,,,,,,,,,,,,,,,,🟩,小型垂滴叶 [顶部],small_dripleaf_top,細懸葉草 (小懸葉草) [頂部],,,,,,,
,,,,,,,,,,,,,,,,,,,,,,,,,,,,,,,,👤🟩,锻造台,smithing_table,鍛造台,,,,,,,
,,,,,,,,,,,,,,,,,,,,,,,,,,,,,,,,👤🟩,烟熏炉,smoker,煙燻爐,,,,,,,
,,,,,,,,,,,,,,,,,,,,,,,,,,,,,,,,👤🟩,烟熏炉 [开启],smoker_on,煙燻爐 [開啟],,,,,,,
,,,,,,,,,,,,,,,,,,,,,,,,,,,,,,,,🟥,平滑玄武岩,smooth_basalt,平滑玄武巖 (平滑玄武岩),,,,,,,
,,,,,,,,,,,,,,,,,,,,,,,,,,,,,,,,🟥,平滑石英块,smooth_quartz,平滑石英磚 (平滑石英方塊),,,,,,,
,,,,,,,,,,,,,,,,,,,,,,,,,,,,,,,,👤🟥,平滑石英台阶,smooth_quartz_slab,平滑石英半磚,,,,,,,
,,,,,,,,,,,,,,,,,,,,,,,,,,,,,,,,👤🟥,平滑石英台阶 [顶部],smooth_quartz_slab_top,平滑石英半磚 [頂部],,,,,,,
,,,,,,,,,,,,,,,,,,,,,,,,,,,,,,,,👤🟥,平滑石英楼梯,smooth_quartz_stairs,平滑石英樓梯 (平滑石英階梯),,,,,,,
,,,,,,,,,,,,,,,,,,,,,,,,,,,,,,,,👤🟥,平滑石英楼梯 [内角],smooth_quartz_stairs_inner,平滑石英樓梯 (平滑石英階梯) [內角],,,,,,,
,,,,,,,,,,,,,,,,,,,,,,,,,,,,,,,,👤🟥,平滑石英楼梯 [外角],smooth_quartz_stairs_outer,平滑石英樓梯 (平滑石英階梯) [外角],,,,,,,
,,,,,,,,,,,,,,,,,,,,,,,,,,,,,,,,🟩,平滑红砂岩,smooth_red_sandstone,平滑紅砂巖 (平滑紅砂岩),,,,,,,
,,,,,,,,,,,,,,,,,,,,,,,,,,,,,,,,👤🟩,平滑红砂岩台阶,smooth_red_sandstone_slab,平滑紅砂巖半磚 (平滑紅砂岩半磚),,,,,,,
,,,,,,,,,,,,,,,,,,,,,,,,,,,,,,,,👤🟩,平滑红砂岩台阶 [顶部],smooth_red_sandstone_slab_top,平滑紅砂巖半磚 (平滑紅砂岩半磚) [頂部],,,,,,,
,,,,,,,,,,,,,,,,,,,,,,,,,,,,,,,,👤🟩,平滑红砂岩楼梯,smooth_red_sandstone_stairs,平滑紅砂巖樓梯 (平滑紅砂岩階梯),,,,,,,
,,,,,,,,,,,,,,,,,,,,,,,,,,,,,,,,👤🟩,平滑红砂岩楼梯 [内角],smooth_red_sandstone_stairs_inner,平滑紅砂巖樓梯 (平滑紅砂岩階梯) [內角],,,,,,,
,,,,,,,,,,,,,,,,,,,,,,,,,,,,,,,,👤🟩,平滑红砂岩楼梯 [外角],smooth_red_sandstone_stairs_outer,平滑紅砂巖樓梯 (平滑紅砂岩階梯) [外角],,,,,,,
,,,,,,,,,,,,,,,,,,,,,,,,,,,,,,,,🟩,平滑砂岩,smooth_sandstone,平滑砂巖 (平滑砂岩),,,,,,,
,,,,,,,,,,,,,,,,,,,,,,,,,,,,,,,,👤🟩,平滑砂岩台阶,smooth_sandstone_slab,平滑砂巖半磚 (平滑砂岩半磚),,,,,,,
,,,,,,,,,,,,,,,,,,,,,,,,,,,,,,,,👤🟩,平滑砂岩台阶 [顶部],smooth_sandstone_slab_top,平滑砂巖半磚 (平滑砂岩半磚) [頂部],,,,,,,
,,,,,,,,,,,,,,,,,,,,,,,,,,,,,,,,👤🟩,平滑砂岩楼梯,smooth_sandstone_stairs,平滑砂巖樓梯 (平滑砂岩階梯),,,,,,,
,,,,,,,,,,,,,,,,,,,,,,,,,,,,,,,,👤🟩,平滑砂岩楼梯 [内角],smooth_sandstone_stairs_inner,平滑砂巖樓梯 (平滑砂岩階梯) [內角],,,,,,,
,,,,,,,,,,,,,,,,,,,,,,,,,,,,,,,,👤🟩,平滑砂岩楼梯 [外角],smooth_sandstone_stairs_outer,平滑砂巖樓梯 (平滑砂岩階梯) [外角],,,,,,,
,,,,,,,,,,,,,,,,,,,,,,,,,,,,,,,,🟩,平滑石头,smooth_stone,平滑石頭,,,,,,,
,,,,,,,,,,,,,,,,,,,,,,,,,,,,,,,,👤🟩,平滑石头台阶,smooth_stone_slab,平滑石頭半磚 (平滑石半磚),,,,,,,
,,,,,,,,,,,,,,,,,,,,,,,,,,,,,,,,👤🟩,平滑石头台阶 [double],smooth_stone_slab_double,平滑石頭半磚 (平滑石半磚) [double],,,,,,,
,,,,,,,,,,,,,,,,,,,,,,,,,,,,,,,,👤🟩,平滑石头台阶 [顶部],smooth_stone_slab_top,平滑石頭半磚 (平滑石半磚) [頂部],,,,,,,
,,,,,,,,,,,,,,,,,,,,,,,,,,,,,,,,🟩,嗅探兽蛋,sniffer_egg,嗅探獸蛋,,,,,,,
,,,,,,,,,,,,,,,,,,,,,,,,,,,,,,,,🟩,嗅探兽蛋 [notcracked],sniffer_egg_not_cracked,嗅探獸蛋 [notcracked],,,,,,,
,,,,,,,,,,,,,,,,,,,,,,,,,,,,,,,,🟩,嗅探兽蛋 [slightlycracked],sniffer_egg_slightly_cracked,嗅探獸蛋 [slightlycracked],,,,,,,
,,,,,,,,,,,,,,,,,,,,,,,,,,,,,,,,🟩,嗅探兽蛋 [verycracked],sniffer_egg_very_cracked,嗅探獸蛋 [verycracked],,,,,,,
,,,,,,,,,,,,,,,,,,,,,,,,,,,,,,,,🟩🌊,雪块,snow_block,雪塊,,,,,,,
,,,,,,,,,,,,,,,,,,,,,,,,,,,,,,,,🟩🌊,雪 [height10],snow_height10,雪 [height10],,,,,,,
,,,,,,,,,,,,,,,,,,,,,,,,,,,,,,,,🟩🌊,雪 [height12],snow_height12,雪 [height12],,,,,,,
,,,,,,,,,,,,,,,,,,,,,,,,,,,,,,,,🟩🌊,雪 [height14],snow_height14,雪 [height14],,,,,,,
,,,,,,,,,,,,,,,,,,,,,,,,,,,,,,,,🟩🌊,雪 [height2],snow_height2,雪 [height2],,,,,,,
,,,,,,,,,,,,,,,,,,,,,,,,,,,,,,,,🟩🌊,雪 [height4],snow_height4,雪 [height4],,,,,,,
,,,,,,,,,,,,,,,,,,,,,,,,,,,,,,,,🟩🌊,雪 [height6],snow_height6,雪 [height6],,,,,,,
,,,,,,,,,,,,,,,,,,,,,,,,,,,,,,,,🟩🌊,雪 [height8],snow_height8,雪 [height8],,,,,,,
,,,,,,,,,,,,,,,,,,,,,,,,,,,,,,,,🟥💡,灵魂营火,soul_campfire,靈魂營火,,,,,,,
,,,,,,,,,,,,,,,,,,,,,,,,,,,,,,,,🟥💡,灵魂火 [floor0],soul_fire_floor0,靈魂火 [floor0],,,,,,,
,,,,,,,,,,,,,,,,,,,,,,,,,,,,,,,,🟥💡,灵魂火 [floor1],soul_fire_floor1,靈魂火 [floor1],,,,,,,
,,,,,,,,,,,,,,,,,,,,,,,,,,,,,,,,🟥💡,灵魂火 [side0],soul_fire_side0,靈魂火 [side0],,,,,,,
,,,,,,,,,,,,,,,,,,,,,,,,,,,,,,,,🟥💡,灵魂火 [side1],soul_fire_side1,靈魂火 [side1],,,,,,,
,,,,,,,,,,,,,,,,,,,,,,,,,,,,,,,,🟥💡,灵魂火 [边alt0],soul_fire_side_alt0,靈魂火 [邊alt0],,,,,,,
,,,,,,,,,,,,,,,,,,,,,,,,,,,,,,,,🟥💡,灵魂火 [边alt1],soul_fire_side_alt1,靈魂火 [邊alt1],,,,,,,
,,,,,,,,,,,,,,,,,,,,,,,,,,,,,,,,🟥💡,灵魂灯笼,soul_lantern,靈魂燈籠,,,,,,,
,,,,,,,,,,,,,,,,,,,,,,,,,,,,,,,,🟥💡,灵魂灯笼 [悬挂],soul_lantern_hanging,靈魂燈籠 [懸掛],,,,,,,
,,,,,,,,,,,,,,,,,,,,,,,,,,,,,,,,🟥,灵魂沙,soul_sand,靈魂砂,,,,,,,
,,,,,,,,,,,,,,,,,,,,,,,,,,,,,,,,🟥,灵魂土,soul_soil,靈魂土,,,,,,,
,,,,,,,,,,,,,,,,,,,,,,,,,,,,,,,,🟥💡,灵魂火把,soul_torch,靈魂火炬 (靈魂火把),,,,,,,
,,,,,,,,,,,,,,,,,,,,,,,,,,,,,,,,👤🟥💡,墙上的灵魂火把,soul_wall_torch,牆上的靈魂火炬 (牆上的靈魂火把),,,,,,,
,,,,,,,,,,,,,,,,,,,,,,,,,,,,,,,,🟩,刷怪笼,spawner,生怪籠 (生怪磚),,,,,,,
,,,,,,,,,,,,,,,,,,,,,,,,,,,,,,,,🟩🌊,海绵,sponge,海綿,,,,,,,
,,,,,,,,,,,,,,,,,,,,,,,,,,,,,,,,🟩,孢子花,spore_blossom,孢子花,,,,,,,
,,,,,,,,,,,,,,,,,,,,,,,,,,,,,,,,👤🟩,云杉木按钮,spruce_button,杉木按鈕,,,,,,,
,,,,,,,,,,,,,,,,,,,,,,,,,,,,,,,,👤🟩,云杉木按钮 [物品栏],spruce_button_inventory,杉木按鈕 [物品欄],,,,,,,
,,,,,,,,,,,,,,,,,,,,,,,,,,,,,,,,👤🟩,云杉木按钮 [按下],spruce_button_pressed,杉木按鈕 [按下],,,,,,,
,,,,,,,,,,,,,,,,,,,,,,,,,,,,,,,,👤🟩,云杉木门 [底部左],spruce_door_bottom_left,杉木門 [底部左],,,,,,,
,,,,,,,,,,,,,,,,,,,,,,,,,,,,,,,,👤🟩,云杉木门 [底部左打开],spruce_door_bottom_left_open,杉木門 [底部左打開],,,,,,,
,,,,,,,,,,,,,,,,,,,,,,,,,,,,,,,,👤🟩,云杉木门 [底部右],spruce_door_bottom_right,杉木門 [底部右],,,,,,,
,,,,,,,,,,,,,,,,,,,,,,,,,,,,,,,,👤🟩,云杉木门 [底部右打开],spruce_door_bottom_right_open,杉木門 [底部右打開],,,,,,,
,,,,,,,,,,,,,,,,,,,,,,,,,,,,,,,,👤🟩,云杉木门 [顶部左],spruce_door_top_left,杉木門 [頂部左],,,,,,,
,,,,,,,,,,,,,,,,,,,,,,,,,,,,,,,,👤🟩,云杉木门 [顶部左打开],spruce_door_top_left_open,杉木門 [頂部左打開],,,,,,,
,,,,,,,,,,,,,,,,,,,,,,,,,,,,,,,,👤🟩,云杉木门 [顶部右],spruce_door_top_right,杉木門 [頂部右],,,,,,,
,,,,,,,,,,,,,,,,,,,,,,,,,,,,,,,,👤🟩,云杉木门 [顶部右打开],spruce_door_top_right_open,杉木門 [頂部右打開],,,,,,,
,,,,,,,,,,,,,,,,,,,,,,,,,,,,,,,,👤🟩,云杉木栅栏门,spruce_fence_gate,杉木閘門 (杉木柵欄門),,,,,,,
,,,,,,,,,,,,,,,,,,,,,,,,,,,,,,,,👤🟩,云杉木栅栏门 [打开],spruce_fence_gate_open,杉木閘門 (杉木柵欄門) [打開],,,,,,,
,,,,,,,,,,,,,,,,,,,,,,,,,,,,,,,,👤🟩,云杉木栅栏门 [墙上],spruce_fence_gate_wall,杉木閘門 (杉木柵欄門) [牆上],,,,,,,
,,,,,,,,,,,,,,,,,,,,,,,,,,,,,,,,👤🟩,云杉木栅栏门 [墙上打开],spruce_fence_gate_wall_open,杉木閘門 (杉木柵欄門) [牆上打開],,,,,,,
,,,,,,,,,,,,,,,,,,,,,,,,,,,,,,,,👤🟩,云杉木栅栏 [物品栏],spruce_fence_inventory,杉木欄杆 (杉木柵欄) [物品欄],,,,,,,
,,,,,,,,,,,,,,,,,,,,,,,,,,,,,,,,👤🟩,云杉木栅栏 [柱],spruce_fence_post,杉木欄杆 (杉木柵欄) [柱],,,,,,,
,,,,,,,,,,,,,,,,,,,,,,,,,,,,,,,,👤🟩,云杉木栅栏 [边],spruce_fence_side,杉木欄杆 (杉木柵欄) [邊],,,,,,,
,,,,,,,,,,,,,,,,,,,,,,,,,,,,,,,,👤🟩,悬挂式云杉木告示牌 [附着旋转0],spruce_hanging_sign_attached_rot_0,杉木吊牌 (懸掛式杉木告示牌) [附著旋轉0],,,,,,,
,,,,,,,,,,,,,,,,,,,,,,,,,,,,,,,,👤🟩,悬挂式云杉木告示牌 [附着旋转1],spruce_hanging_sign_attached_rot_1,杉木吊牌 (懸掛式杉木告示牌) [附著旋轉1],,,,,,,
,,,,,,,,,,,,,,,,,,,,,,,,,,,,,,,,👤🟩,悬挂式云杉木告示牌 [附着旋转2],spruce_hanging_sign_attached_rot_2,杉木吊牌 (懸掛式杉木告示牌) [附著旋轉2],,,,,,,
,,,,,,,,,,,,,,,,,,,,,,,,,,,,,,,,👤🟩,悬挂式云杉木告示牌 [附着旋转3],spruce_hanging_sign_attached_rot_3,杉木吊牌 (懸掛式杉木告示牌) [附著旋轉3],,,,,,,
,,,,,,,,,,,,,,,,,,,,,,,,,,,,,,,,👤🟩,悬挂式云杉木告示牌 [旋转0],spruce_hanging_sign_rot_0,杉木吊牌 (懸掛式杉木告示牌) [旋轉0],,,,,,,
,,,,,,,,,,,,,,,,,,,,,,,,,,,,,,,,👤🟩,悬挂式云杉木告示牌 [旋转1],spruce_hanging_sign_rot_1,杉木吊牌 (懸掛式杉木告示牌) [旋轉1],,,,,,,
,,,,,,,,,,,,,,,,,,,,,,,,,,,,,,,,👤🟩,悬挂式云杉木告示牌 [旋转2],spruce_hanging_sign_rot_2,杉木吊牌 (懸掛式杉木告示牌) [旋轉2],,,,,,,
,,,,,,,,,,,,,,,,,,,,,,,,,,,,,,,,👤🟩,悬挂式云杉木告示牌 [旋转3],spruce_hanging_sign_rot_3,杉木吊牌 (懸掛式杉木告示牌) [旋轉3],,,,,,,
,,,,,,,,,,,,,,,,,,,,,,,,,,,,,,,,🟩,云杉树叶,spruce_leaves,杉木樹葉,,,,,,,
,,,,,,,,,,,,,,,,,,,,,,,,,,,,,,,,🟩,云杉原木,spruce_log,杉木原木,,,,,,,
,,,,,,,,,,,,,,,,,,,,,,,,,,,,,,,,🟩,云杉原木 [水平],spruce_log_horizontal,杉木原木 [水平],,,,,,,
,,,,,,,,,,,,,,,,,,,,,,,,,,,,,,,,👤🟩,云杉木板,spruce_planks,杉木板 (杉木材),,,,,,,
,,,,,,,,,,,,,,,,,,,,,,,,,,,,,,,,👤🟩,云杉木压力板,spruce_pressure_plate,杉木壓力板,,,,,,,
,,,,,,,,,,,,,,,,,,,,,,,,,,,,,,,,👤🟩,云杉木压力板 [按下],spruce_pressure_plate_down,杉木壓力板 [按下],,,,,,,
,,,,,,,,,,,,,,,,,,,,,,,,,,,,,,,,🟩,云杉树苗,spruce_sapling,杉木樹苗,,,,,,,
,,,,,,,,,,,,,,,,,,,,,,,,,,,,,,,,👤🟩,云杉木展示架,spruce_shelf,杉木置物架 (杉木展示架),,,,,,,
,,,,,,,,,,,,,,,,,,,,,,,,,,,,,,,,👤🟩,云杉木展示架 [中],spruce_shelf_center,杉木置物架 (杉木展示架) [中],,,,,,,
,,,,,,,,,,,,,,,,,,,,,,,,,,,,,,,,👤🟩,云杉木展示架 [物品栏],spruce_shelf_inventory,杉木置物架 (杉木展示架) [物品欄],,,,,,,
,,,,,,,,,,,,,,,,,,,,,,,,,,,,,,,,👤🟩,云杉木展示架 [左],spruce_shelf_left,杉木置物架 (杉木展示架) [左],,,,,,,
,,,,,,,,,,,,,,,,,,,,,,,,,,,,,,,,👤🟩,云杉木展示架 [右],spruce_shelf_right,杉木置物架 (杉木展示架) [右],,,,,,,
,,,,,,,,,,,,,,,,,,,,,,,,,,,,,,,,👤🟩,云杉木展示架 [未连接],spruce_shelf_unconnected,杉木置物架 (杉木展示架) [未連接],,,,,,,
,,,,,,,,,,,,,,,,,,,,,,,,,,,,,,,,👤🟩,云杉木展示架 [未充能],spruce_shelf_unpowered,杉木置物架 (杉木展示架) [未充能],,,,,,,
,,,,,,,,,,,,,,,,,,,,,,,,,,,,,,,,👤🟩,云杉木告示牌 [旋转0],spruce_sign_rot_0,杉木指示牌 (杉木告示牌) [旋轉0],,,,,,,
,,,,,,,,,,,,,,,,,,,,,,,,,,,,,,,,👤🟩,云杉木告示牌 [旋转1],spruce_sign_rot_1,杉木指示牌 (杉木告示牌) [旋轉1],,,,,,,
,,,,,,,,,,,,,,,,,,,,,,,,,,,,,,,,👤🟩,云杉木告示牌 [旋转2],spruce_sign_rot_2,杉木指示牌 (杉木告示牌) [旋轉2],,,,,,,
,,,,,,,,,,,,,,,,,,,,,,,,,,,,,,,,👤🟩,云杉木告示牌 [旋转3],spruce_sign_rot_3,杉木指示牌 (杉木告示牌) [旋轉3],,,,,,,
,,,,,,,,,,,,,,,,,,,,,,,,,,,,,,,,👤🟩,云杉木台阶,spruce_slab,杉木半磚,,,,,,,
,,,,,,,,,,,,,,,,,,,,,,,,,,,,,,,,👤🟩,云杉木台阶 [顶部],spruce_slab_top,杉木半磚 [頂部],,,,,,,
,,,,,,,,,,,,,,,,,,,,,,,,,,,,,,,,👤🟩,云杉木楼梯,spruce_stairs,杉木樓梯 (杉木階梯),,,,,,,
,,,,,,,,,,,,,,,,,,,,,,,,,,,,,,,,👤🟩,云杉木楼梯 [内角],spruce_stairs_inner,杉木樓梯 (杉木階梯) [內角],,,,,,,
,,,,,,,,,,,,,,,,,,,,,,,,,,,,,,,,👤🟩,云杉木楼梯 [外角],spruce_stairs_outer,杉木樓梯 (杉木階梯) [外角],,,,,,,
,,,,,,,,,,,,,,,,,,,,,,,,,,,,,,,,👤🟩,云杉木活板门 [底部],spruce_trapdoor_bottom,杉木地板門 [底部],,,,,,,
,,,,,,,,,,,,,,,,,,,,,,,,,,,,,,,,👤🟩,云杉木活板门 [打开],spruce_trapdoor_open,杉木地板門 [打開],,,,,,,
,,,,,,,,,,,,,,,,,,,,,,,,,,,,,,,,👤🟩,云杉木活板门 [顶部],spruce_trapdoor_top,杉木地板門 [頂部],,,,,,,
,,,,,,,,,,,,,,,,,,,,,,,,,,,,,,,,👤🟩,墙上的悬挂式云杉木告示牌,spruce_wall_hanging_sign,牆上的杉木吊牌 (牆上的懸掛式杉木告示牌),,,,,,,
,,,,,,,,,,,,,,,,,,,,,,,,,,,,,,,,👤🟩,墙上的云杉木告示牌,spruce_wall_sign,牆上的杉木指示牌 (牆上的杉木告示牌),,,,,,,
,,,,,,,,,,,,,,,,,,,,,,,,,,,,,,,,🟩,云杉木,spruce_wood,杉木 (杉木塊),,,,,,,
,,,,,,,,,,,,,,,,,,,,,,,,,,,,,,,,#,楼梯（父模型）,stairs,樓梯（父模型） (階梯（父模型）),,,,,,,
,,,,,,,,,,,,,,,,,,,,,,,,,,,,,,,,#,茎连果实（父模型）,stem_fruit,莖連果實（父模型）,,,,,,,
,,,,,,,,,,,,,,,,,,,,,,,,,,,,,,,,#,茎（父模型） [生长0],stem_growth0,莖（父模型） [生長0],,,,,,,
,,,,,,,,,,,,,,,,,,,,,,,,,,,,,,,,#,茎（父模型） [生长1],stem_growth1,莖（父模型） [生長1],,,,,,,
,,,,,,,,,,,,,,,,,,,,,,,,,,,,,,,,#,茎（父模型） [生长2],stem_growth2,莖（父模型） [生長2],,,,,,,
,,,,,,,,,,,,,,,,,,,,,,,,,,,,,,,,#,茎（父模型） [生长3],stem_growth3,莖（父模型） [生長3],,,,,,,
,,,,,,,,,,,,,,,,,,,,,,,,,,,,,,,,#,茎（父模型） [生长4],stem_growth4,莖（父模型） [生長4],,,,,,,
,,,,,,,,,,,,,,,,,,,,,,,,,,,,,,,,#,茎（父模型） [生长5],stem_growth5,莖（父模型） [生長5],,,,,,,
,,,,,,,,,,,,,,,,,,,,,,,,,,,,,,,,#,茎（父模型） [生长6],stem_growth6,莖（父模型） [生長6],,,,,,,
,,,,,,,,,,,,,,,,,,,,,,,,,,,,,,,,#,茎（父模型） [生长7],stem_growth7,莖（父模型） [生長7],,,,,,,
,,,,,,,,,,,,,,,,,,,,,,,,,,,,,,,,👤🟩,黏性活塞,sticky_piston,黏性活塞,,,,,,,
,,,,,,,,,,,,,,,,,,,,,,,,,,,,,,,,👤🟩,黏性活塞 [物品栏],sticky_piston_inventory,黏性活塞 [物品欄],,,,,,,
,,,,,,,,,,,,,,,,,,,,,,,,,,,,,,,,🟩,石头,stone,石頭,,,,,,,
,,,,,,,,,,,,,,,,,,,,,,,,,,,,,,,,👤🟩,石砖台阶,stone_brick_slab,石磚半磚,,,,,,,
,,,,,,,,,,,,,,,,,,,,,,,,,,,,,,,,👤🟩,石砖台阶 [顶部],stone_brick_slab_top,石磚半磚 [頂部],,,,,,,
,,,,,,,,,,,,,,,,,,,,,,,,,,,,,,,,👤🟩,石砖楼梯,stone_brick_stairs,石磚樓梯 (石磚階梯),,,,,,,
,,,,,,,,,,,,,,,,,,,,,,,,,,,,,,,,👤🟩,石砖楼梯 [内角],stone_brick_stairs_inner,石磚樓梯 (石磚階梯) [內角],,,,,,,
,,,,,,,,,,,,,,,,,,,,,,,,,,,,,,,,👤🟩,石砖楼梯 [外角],stone_brick_stairs_outer,石磚樓梯 (石磚階梯) [外角],,,,,,,
,,,,,,,,,,,,,,,,,,,,,,,,,,,,,,,,👤🟩,石砖墙 [物品栏],stone_brick_wall_inventory,石磚牆 [物品欄],,,,,,,
,,,,,,,,,,,,,,,,,,,,,,,,,,,,,,,,👤🟩,石砖墙 [柱],stone_brick_wall_post,石磚牆 [柱],,,,,,,
,,,,,,,,,,,,,,,,,,,,,,,,,,,,,,,,👤🟩,石砖墙 [边],stone_brick_wall_side,石磚牆 [邊],,,,,,,
,,,,,,,,,,,,,,,,,,,,,,,,,,,,,,,,👤🟩,石砖墙 [边高],stone_brick_wall_side_tall,石磚牆 [邊高],,,,,,,
,,,,,,,,,,,,,,,,,,,,,,,,,,,,,,,,👤🟩,石砖,stone_bricks,石磚,,,,,,,
,,,,,,,,,,,,,,,,,,,,,,,,,,,,,,,,👤🟩,石头按钮,stone_button,石按鈕 (石製按鈕),,,,,,,
,,,,,,,,,,,,,,,,,,,,,,,,,,,,,,,,👤🟩,石头按钮 [物品栏],stone_button_inventory,石按鈕 (石製按鈕) [物品欄],,,,,,,
,,,,,,,,,,,,,,,,,,,,,,,,,,,,,,,,👤🟩,石头按钮 [按下],stone_button_pressed,石按鈕 (石製按鈕) [按下],,,,,,,
,,,,,,,,,,,,,,,,,,,,,,,,,,,,,,,,🟩,石头 [mirrored],stone_mirrored,石頭 [mirrored],,,,,,,
,,,,,,,,,,,,,,,,,,,,,,,,,,,,,,,,👤🟩,石头压力板,stone_pressure_plate,石壓力板 (石製壓力板),,,,,,,
,,,,,,,,,,,,,,,,,,,,,,,,,,,,,,,,👤🟩,石头压力板 [按下],stone_pressure_plate_down,石壓力板 (石製壓力板) [按下],,,,,,,
,,,,,,,,,,,,,,,,,,,,,,,,,,,,,,,,👤🟩,石头台阶,stone_slab,石頭半磚 (石半磚),,,,,,,
,,,,,,,,,,,,,,,,,,,,,,,,,,,,,,,,👤🟩,石头台阶 [顶部],stone_slab_top,石頭半磚 (石半磚) [頂部],,,,,,,
,,,,,,,,,,,,,,,,,,,,,,,,,,,,,,,,👤🟩,石头楼梯,stone_stairs,石頭樓梯 (石頭階梯),,,,,,,
,,,,,,,,,,,,,,,,,,,,,,,,,,,,,,,,👤🟩,石头楼梯 [内角],stone_stairs_inner,石頭樓梯 (石頭階梯) [內角],,,,,,,
,,,,,,,,,,,,,,,,,,,,,,,,,,,,,,,,👤🟩,石头楼梯 [外角],stone_stairs_outer,石頭樓梯 (石頭階梯) [外角],,,,,,,
,,,,,,,,,,,,,,,,,,,,,,,,,,,,,,,,👤🟩,切石机,stonecutter,切石機,,,,,,,
,,,,,,,,,,,,,,,,,,,,,,,,,,,,,,,,🟩,去皮金合欢原木,stripped_acacia_log,剝皮相思木原木,,,,,,,
,,,,,,,,,,,,,,,,,,,,,,,,,,,,,,,,🟩,去皮金合欢原木 [水平],stripped_acacia_log_horizontal,剝皮相思木原木 [水平],,,,,,,
,,,,,,,,,,,,,,,,,,,,,,,,,,,,,,,,🟩,去皮金合欢木,stripped_acacia_wood,剝皮相思木 (剝皮相思木塊),,,,,,,
,,,,,,,,,,,,,,,,,,,,,,,,,,,,,,,,🟩,去皮竹块,stripped_bamboo_block,剝皮竹塊 (剝皮竹方塊),,,,,,,
,,,,,,,,,,,,,,,,,,,,,,,,,,,,,,,,🟩,去皮竹块 [x],stripped_bamboo_block_x,剝皮竹塊 (剝皮竹方塊) [x],,,,,,,
,,,,,,,,,,,,,,,,,,,,,,,,,,,,,,,,🟩,去皮竹块 [y],stripped_bamboo_block_y,剝皮竹塊 (剝皮竹方塊) [y],,,,,,,
,,,,,,,,,,,,,,,,,,,,,,,,,,,,,,,,🟩,去皮竹块 [z],stripped_bamboo_block_z,剝皮竹塊 (剝皮竹方塊) [z],,,,,,,
,,,,,,,,,,,,,,,,,,,,,,,,,,,,,,,,🟩,去皮白桦原木,stripped_birch_log,剝皮樺木原木,,,,,,,
,,,,,,,,,,,,,,,,,,,,,,,,,,,,,,,,🟩,去皮白桦原木 [水平],stripped_birch_log_horizontal,剝皮樺木原木 [水平],,,,,,,
,,,,,,,,,,,,,,,,,,,,,,,,,,,,,,,,🟩,去皮白桦木,stripped_birch_wood,剝皮樺木 (剝皮樺木塊),,,,,,,
,,,,,,,,,,,,,,,,,,,,,,,,,,,,,,,,🟩,去皮樱花原木,stripped_cherry_log,剝皮櫻花木原木,,,,,,,
,,,,,,,,,,,,,,,,,,,,,,,,,,,,,,,,🟩,去皮樱花原木 [x],stripped_cherry_log_x,剝皮櫻花木原木 [x],,,,,,,
,,,,,,,,,,,,,,,,,,,,,,,,,,,,,,,,🟩,去皮樱花原木 [y],stripped_cherry_log_y,剝皮櫻花木原木 [y],,,,,,,
,,,,,,,,,,,,,,,,,,,,,,,,,,,,,,,,🟩,去皮樱花原木 [z],stripped_cherry_log_z,剝皮櫻花木原木 [z],,,,,,,
,,,,,,,,,,,,,,,,,,,,,,,,,,,,,,,,🟩,去皮樱花木,stripped_cherry_wood,剝皮櫻花木 (剝皮櫻花木塊),,,,,,,
,,,,,,,,,,,,,,,,,,,,,,,,,,,,,,,,🟥,去皮绯红菌核,stripped_crimson_hyphae,剝皮猩紅菌絲體 (剝皮緋紅菌絲體),,,,,,,
,,,,,,,,,,,,,,,,,,,,,,,,,,,,,,,,🟥,去皮绯红菌柄,stripped_crimson_stem,剝皮猩紅菌柄 (剝皮緋紅蕈柄),,,,,,,
,,,,,,,,,,,,,,,,,,,,,,,,,,,,,,,,🟩,去皮深色橡木原木,stripped_dark_oak_log,剝皮黑橡木原木,,,,,,,
,,,,,,,,,,,,,,,,,,,,,,,,,,,,,,,,🟩,去皮深色橡木原木 [水平],stripped_dark_oak_log_horizontal,剝皮黑橡木原木 [水平],,,,,,,
,,,,,,,,,,,,,,,,,,,,,,,,,,,,,,,,🟩,去皮深色橡木,stripped_dark_oak_wood,剝皮黑橡木 (剝皮黑橡木塊),,,,,,,
,,,,,,,,,,,,,,,,,,,,,,,,,,,,,,,,🟩,去皮丛林原木,stripped_jungle_log,剝皮叢林木原木,,,,,,,
,,,,,,,,,,,,,,,,,,,,,,,,,,,,,,,,🟩,去皮丛林原木 [水平],stripped_jungle_log_horizontal,剝皮叢林木原木 [水平],,,,,,,
,,,,,,,,,,,,,,,,,,,,,,,,,,,,,,,,🟩,去皮丛林木,stripped_jungle_wood,剝皮叢林木 (剝皮叢林木塊),,,,,,,
,,,,,,,,,,,,,,,,,,,,,,,,,,,,,,,,🟩,去皮红树原木,stripped_mangrove_log,剝皮紅樹木原木 (剝皮紅樹林木原木),,,,,,,
,,,,,,,,,,,,,,,,,,,,,,,,,,,,,,,,🟩,去皮红树原木 [水平],stripped_mangrove_log_horizontal,剝皮紅樹木原木 (剝皮紅樹林木原木) [水平],,,,,,,
,,,,,,,,,,,,,,,,,,,,,,,,,,,,,,,,🟩,去皮红树木,stripped_mangrove_wood,剝皮紅樹木 (剝皮紅樹林木塊),,,,,,,
,,,,,,,,,,,,,,,,,,,,,,,,,,,,,,,,🟩,去皮橡木原木,stripped_oak_log,剝皮橡木原木,,,,,,,
,,,,,,,,,,,,,,,,,,,,,,,,,,,,,,,,🟩,去皮橡木原木 [水平],stripped_oak_log_horizontal,剝皮橡木原木 [水平],,,,,,,
,,,,,,,,,,,,,,,,,,,,,,,,,,,,,,,,🟩,去皮橡木,stripped_oak_wood,剝皮橡木 (剝皮橡木塊),,,,,,,
,,,,,,,,,,,,,,,,,,,,,,,,,,,,,,,,🟩,去皮苍白橡木原木,stripped_pale_oak_log,剝皮蒼白橡木原木,,,,,,,
,,,,,,,,,,,,,,,,,,,,,,,,,,,,,,,,🟩,去皮苍白橡木原木 [水平],stripped_pale_oak_log_horizontal,剝皮蒼白橡木原木 [水平],,,,,,,
,,,,,,,,,,,,,,,,,,,,,,,,,,,,,,,,🟩,去皮苍白橡木,stripped_pale_oak_wood,剝皮蒼白橡木 (剝皮蒼白橡木塊),,,,,,,
,,,,,,,,,,,,,,,,,,,,,,,,,,,,,,,,🟩,去皮云杉原木,stripped_spruce_log,剝皮杉木原木,,,,,,,
,,,,,,,,,,,,,,,,,,,,,,,,,,,,,,,,🟩,去皮云杉原木 [水平],stripped_spruce_log_horizontal,剝皮杉木原木 [水平],,,,,,,
,,,,,,,,,,,,,,,,,,,,,,,,,,,,,,,,🟩,去皮云杉木,stripped_spruce_wood,剝皮杉木 (剝皮杉木塊),,,,,,,
,,,,,,,,,,,,,,,,,,,,,,,,,,,,,,,,🟥,去皮诡异菌核,stripped_warped_hyphae,剝皮迷離菌絲體 (剝皮扭曲菌絲體),,,,,,,
,,,,,,,,,,,,,,,,,,,,,,,,,,,,,,,,🟥,去皮诡异菌柄,stripped_warped_stem,剝皮迷離菌柄 (剝皮扭曲蕈柄),,,,,,,
,,,,,,,,,,,,,,,,,,,,,,,,,,,,,,,,🟩,结构方块,structure_block,結構方塊,,,,,,,
,,,,,,,,,,,,,,,,,,,,,,,,,,,,,,,,🟩,结构方块 [转角],structure_block_corner,結構方塊 [轉角],,,,,,,
,,,,,,,,,,,,,,,,,,,,,,,,,,,,,,,,🟩,结构方块 [data],structure_block_data,結構方塊 [data],,,,,,,
,,,,,,,,,,,,,,,,,,,,,,,,,,,,,,,,🟩,结构方块 [load],structure_block_load,結構方塊 [load],,,,,,,
,,,,,,,,,,,,,,,,,,,,,,,,,,,,,,,,🟩,结构方块 [save],structure_block_save,結構方塊 [save],,,,,,,
,,,,,,,,,,,,,,,,,,,,,,,,,,,,,,,,🟩,结构空位,structure_void,結構空位,,,,,,,
,,,,,,,,,,,,,,,,,,,,,,,,,,,,,,,,🟩,甘蔗,sugar_cane,蔗 (甘蔗),,,,,,,
,,,,,,,,,,,,,,,,,,,,,,,,,,,,,,,,🟩,硫黄,sulfur,硫磺,,,,,,,
,,,,,,,,,,,,,,,,,,,,,,,,,,,,,,,,👤🟩,硫黄砖台阶,sulfur_brick_slab,硫磺磚半磚,,,,,,,
,,,,,,,,,,,,,,,,,,,,,,,,,,,,,,,,👤🟩,硫黄砖台阶 [顶部],sulfur_brick_slab_top,硫磺磚半磚 [頂部],,,,,,,
,,,,,,,,,,,,,,,,,,,,,,,,,,,,,,,,👤🟩,硫黄砖楼梯,sulfur_brick_stairs,硫磺磚樓梯 (硫磺磚階梯),,,,,,,
,,,,,,,,,,,,,,,,,,,,,,,,,,,,,,,,👤🟩,硫黄砖楼梯 [内角],sulfur_brick_stairs_inner,硫磺磚樓梯 (硫磺磚階梯) [內角],,,,,,,
,,,,,,,,,,,,,,,,,,,,,,,,,,,,,,,,👤🟩,硫黄砖楼梯 [外角],sulfur_brick_stairs_outer,硫磺磚樓梯 (硫磺磚階梯) [外角],,,,,,,
,,,,,,,,,,,,,,,,,,,,,,,,,,,,,,,,👤🟩,硫黄砖墙 [物品栏],sulfur_brick_wall_inventory,硫磺磚牆 [物品欄],,,,,,,
,,,,,,,,,,,,,,,,,,,,,,,,,,,,,,,,👤🟩,硫黄砖墙 [柱],sulfur_brick_wall_post,硫磺磚牆 [柱],,,,,,,
,,,,,,,,,,,,,,,,,,,,,,,,,,,,,,,,👤🟩,硫黄砖墙 [边],sulfur_brick_wall_side,硫磺磚牆 [邊],,,,,,,
,,,,,,,,,,,,,,,,,,,,,,,,,,,,,,,,👤🟩,硫黄砖墙 [边高],sulfur_brick_wall_side_tall,硫磺磚牆 [邊高],,,,,,,
,,,,,,,,,,,,,,,,,,,,,,,,,,,,,,,,👤🟩,硫黄砖,sulfur_bricks,硫磺磚,,,,,,,
,,,,,,,,,,,,,,,,,,,,,,,,,,,,,,,,👤🟩,硫黄台阶,sulfur_slab,硫磺半磚,,,,,,,
,,,,,,,,,,,,,,,,,,,,,,,,,,,,,,,,👤🟩,硫黄台阶 [顶部],sulfur_slab_top,硫磺半磚 [頂部],,,,,,,
,,,,,,,,,,,,,,,,,,,,,,,,,,,,,,,,🟩,硫黄尖锥 [向下基部],sulfur_spike_down_base,硫磺尖刺 (硫磺尖錐) [向下基部],,,,,,,
,,,,,,,,,,,,,,,,,,,,,,,,,,,,,,,,🟩,硫黄尖锥 [向下锥体],sulfur_spike_down_frustum,硫磺尖刺 (硫磺尖錐) [向下錐體],,,,,,,
,,,,,,,,,,,,,,,,,,,,,,,,,,,,,,,,🟩,硫黄尖锥 [向下中段],sulfur_spike_down_middle,硫磺尖刺 (硫磺尖錐) [向下中段],,,,,,,
,,,,,,,,,,,,,,,,,,,,,,,,,,,,,,,,🟩,硫黄尖锥 [向下尖端],sulfur_spike_down_tip,硫磺尖刺 (硫磺尖錐) [向下尖端],,,,,,,
,,,,,,,,,,,,,,,,,,,,,,,,,,,,,,,,🟩,硫黄尖锥 [向下尖端合并],sulfur_spike_down_tip_merge,硫磺尖刺 (硫磺尖錐) [向下尖端合併],,,,,,,
,,,,,,,,,,,,,,,,,,,,,,,,,,,,,,,,🟩,硫黄尖锥 [向上基部],sulfur_spike_up_base,硫磺尖刺 (硫磺尖錐) [向上基部],,,,,,,
,,,,,,,,,,,,,,,,,,,,,,,,,,,,,,,,🟩,硫黄尖锥 [向上锥体],sulfur_spike_up_frustum,硫磺尖刺 (硫磺尖錐) [向上錐體],,,,,,,
,,,,,,,,,,,,,,,,,,,,,,,,,,,,,,,,🟩,硫黄尖锥 [向上中段],sulfur_spike_up_middle,硫磺尖刺 (硫磺尖錐) [向上中段],,,,,,,
,,,,,,,,,,,,,,,,,,,,,,,,,,,,,,,,🟩,硫黄尖锥 [向上尖端],sulfur_spike_up_tip,硫磺尖刺 (硫磺尖錐) [向上尖端],,,,,,,
,,,,,,,,,,,,,,,,,,,,,,,,,,,,,,,,🟩,硫黄尖锥 [向上尖端合并],sulfur_spike_up_tip_merge,硫磺尖刺 (硫磺尖錐) [向上尖端合併],,,,,,,
,,,,,,,,,,,,,,,,,,,,,,,,,,,,,,,,👤🟩,硫黄楼梯,sulfur_stairs,硫磺樓梯 (硫磺階梯),,,,,,,
,,,,,,,,,,,,,,,,,,,,,,,,,,,,,,,,👤🟩,硫黄楼梯 [内角],sulfur_stairs_inner,硫磺樓梯 (硫磺階梯) [內角],,,,,,,
,,,,,,,,,,,,,,,,,,,,,,,,,,,,,,,,👤🟩,硫黄楼梯 [外角],sulfur_stairs_outer,硫磺樓梯 (硫磺階梯) [外角],,,,,,,
,,,,,,,,,,,,,,,,,,,,,,,,,,,,,,,,👤🟩,硫黄墙 [物品栏],sulfur_wall_inventory,硫磺牆 [物品欄],,,,,,,
,,,,,,,,,,,,,,,,,,,,,,,,,,,,,,,,👤🟩,硫黄墙 [柱],sulfur_wall_post,硫磺牆 [柱],,,,,,,
,,,,,,,,,,,,,,,,,,,,,,,,,,,,,,,,👤🟩,硫黄墙 [边],sulfur_wall_side,硫磺牆 [邊],,,,,,,
,,,,,,,,,,,,,,,,,,,,,,,,,,,,,,,,👤🟩,硫黄墙 [边高],sulfur_wall_side_tall,硫磺牆 [邊高],,,,,,,
,,,,,,,,,,,,,,,,,,,,,,,,,,,,,,,,🟩,向日葵 [底部],sunflower_bottom,向日葵 [底部],,,,,,,
,,,,,,,,,,,,,,,,,,,,,,,,,,,,,,,,🟩,向日葵 [顶部],sunflower_top,向日葵 [頂部],,,,,,,
,,,,,,,,,,,,,,,,,,,,,,,,,,,,,,,,🟩,可疑的沙砾 [0],suspicious_gravel_0,可疑的砂礫 (可疑的礫石) [0],,,,,,,
,,,,,,,,,,,,,,,,,,,,,,,,,,,,,,,,🟩,可疑的沙砾 [1],suspicious_gravel_1,可疑的砂礫 (可疑的礫石) [1],,,,,,,
,,,,,,,,,,,,,,,,,,,,,,,,,,,,,,,,🟩,可疑的沙砾 [2],suspicious_gravel_2,可疑的砂礫 (可疑的礫石) [2],,,,,,,
,,,,,,,,,,,,,,,,,,,,,,,,,,,,,,,,🟩,可疑的沙砾 [3],suspicious_gravel_3,可疑的砂礫 (可疑的礫石) [3],,,,,,,
,,,,,,,,,,,,,,,,,,,,,,,,,,,,,,,,🟩,可疑的沙子 [0],suspicious_sand_0,可疑的沙 [0],,,,,,,
,,,,,,,,,,,,,,,,,,,,,,,,,,,,,,,,🟩,可疑的沙子 [1],suspicious_sand_1,可疑的沙 [1],,,,,,,
,,,,,,,,,,,,,,,,,,,,,,,,,,,,,,,,🟩,可疑的沙子 [2],suspicious_sand_2,可疑的沙 [2],,,,,,,
,,,,,,,,,,,,,,,,,,,,,,,,,,,,,,,,🟩,可疑的沙子 [3],suspicious_sand_3,可疑的沙 [3],,,,,,,
,,,,,,,,,,,,,,,,,,,,,,,,,,,,,,,,🟩,甜浆果丛 [阶段0],sweet_berry_bush_stage0,甜莓灌木叢 [階段0],,,,,,,
,,,,,,,,,,,,,,,,,,,,,,,,,,,,,,,,🟩,甜浆果丛 [阶段1],sweet_berry_bush_stage1,甜莓灌木叢 [階段1],,,,,,,
,,,,,,,,,,,,,,,,,,,,,,,,,,,,,,,,🟩,甜浆果丛 [阶段2],sweet_berry_bush_stage2,甜莓灌木叢 [階段2],,,,,,,
,,,,,,,,,,,,,,,,,,,,,,,,,,,,,,,,🟩,甜浆果丛 [阶段3],sweet_berry_bush_stage3,甜莓灌木叢 [階段3],,,,,,,
,,,,,,,,,,,,,,,,,,,,,,,,,,,,,,,,🟩,高枯草丛,tall_dry_grass,高枯草,,,,,,,
,,,,,,,,,,,,,,,,,,,,,,,,,,,,,,,,🟩,高草丛 [底部],tall_grass_bottom,長草叢 (芒草) [底部],,,,,,,
,,,,,,,,,,,,,,,,,,,,,,,,,,,,,,,,🟩,高草丛 [顶部],tall_grass_top,長草叢 (芒草) [頂部],,,,,,,
,,,,,,,,,,,,,,,,,,,,,,,,,,,,,,,,🟩🌊,高海草 [底部],tall_seagrass_bottom,長海草 (高海草) [底部],,,,,,,
,,,,,,,,,,,,,,,,,,,,,,,,,,,,,,,,🟩🌊,高海草 [顶部],tall_seagrass_top,長海草 (高海草) [頂部],,,,,,,
,,,,,,,,,,,,,,,,,,,,,,,,,,,,,,,,👤🟩,标靶,target,標靶,,,,,,,
,,,,,,,,,,,,,,,,,,,,,,,,,,,,,,,,👤🟩,陶瓦,terracotta,陶瓦 (陶土),,,,,,,
,,,,,,,,,,,,,,,,,,,,,,,,,,,,,,,,🟩,测试方块 [接受],test_block_accept,測試方塊 [接受],,,,,,,
,,,,,,,,,,,,,,,,,,,,,,,,,,,,,,,,🟩,测试方块 [失败],test_block_fail,測試方塊 [失敗],,,,,,,
,,,,,,,,,,,,,,,,,,,,,,,,,,,,,,,,🟩,测试方块 [日志输出],test_block_log,測試方塊 [記錄],,,,,,,
,,,,,,,,,,,,,,,,,,,,,,,,,,,,,,,,🟩,测试方块 [启动],test_block_start,測試方塊 [啟動],,,,,,,
,,,,,,,,,,,,,,,,,,,,,,,,,,,,,,,,🟩,测试实例方块,test_instance_block,測試實例方塊,,,,,,,
,,,,,,,,,,,,,,,,,,,,,,,,,,,,,,,,#,薄方块（父模型）,thin_block,薄方塊（父模型）,,,,,,,
,,,,,,,,,,,,,,,,,,,,,,,,,,,,,,,,🟩🌊💡,三个失活海泡菜,three_dead_sea_pickles,三個失活海鞘,,,,,,,
,,,,,,,,,,,,,,,,,,,,,,,,,,,,,,,,🟩🌊💡,三个海泡菜,three_sea_pickles,三個海鞘,,,,,,,
,,,,,,,,,,,,,,,,,,,,,,,,,,,,,,,,🟩🌊,三个轻微破裂海龟蛋,three_slightly_cracked_turtle_eggs,三個輕微破裂海龜蛋,,,,,,,
,,,,,,,,,,,,,,,,,,,,,,,,,,,,,,,,🟩🌊,三个海龟蛋,three_turtle_eggs,三個海龜蛋,,,,,,,
,,,,,,,,,,,,,,,,,,,,,,,,,,,,,,,,🟩🌊,三个严重破裂海龟蛋,three_very_cracked_turtle_eggs,三個嚴重破裂海龜蛋,,,,,,,
,,,,,,,,,,,,,,,,,,,,,,,,,,,,,,,,#,染色十字交叉（父模型）,tinted_cross,染色十字交叉（父模型）,,,,,,,
,,,,,,,,,,,,,,,,,,,,,,,,,,,,,,,,👤🟩,染色花盆十字（父模型）,tinted_flower_pot_cross,染色花盆十字（父模型）,,,,,,,
,,,,,,,,,,,,,,,,,,,,,,,,,,,,,,,,👤🟩,遮光玻璃,tinted_glass,遮光玻璃,,,,,,,
,,,,,,,,,,,,,,,,,,,,,,,,,,,,,,,,🟩,TNT,tnt,TNT,,,,,,,
,,,,,,,,,,,,,,,,,,,,,,,,,,,,,,,,🟩💡,火把,torch,火炬 (火把),,,,,,,
,,,,,,,,,,,,,,,,,,,,,,,,,,,,,,,,🟩💡,火把花,torchflower,火炬花 (火把花),,,,,,,
,,,,,,,,,,,,,,,,,,,,,,,,,,,,,,,,🟩💡,火把花植株 [阶段0],torchflower_crop_stage0,火炬花植株 (火把花植株) [階段0],,,,,,,
,,,,,,,,,,,,,,,,,,,,,,,,,,,,,,,,🟩💡,火把花植株 [阶段1],torchflower_crop_stage1,火炬花植株 (火把花植株) [階段1],,,,,,,
,,,,,,,,,,,,,,,,,,,,,,,,,,,,,,,,👤🟩,陷阱箱,trapped_chest,陷阱箱 (陷阱儲物箱),,,,,,,
,,,,,,,,,,,,,,,,,,,,,,,,,,,,,,,,👤🟩,试炼刷怪笼,trial_spawner,試煉生怪籠 (試煉生怪磚),,,,,,,
,,,,,,,,,,,,,,,,,,,,,,,,,,,,,,,,👤🟩,试炼刷怪笼 [激活],trial_spawner_active,試煉生怪籠 (試煉生怪磚) [啟動],,,,,,,
,,,,,,,,,,,,,,,,,,,,,,,,,,,,,,,,👤🟩,试炼刷怪笼 [激活不祥],trial_spawner_active_ominous,試煉生怪籠 (試煉生怪磚) [啟動不祥],,,,,,,
,,,,,,,,,,,,,,,,,,,,,,,,,,,,,,,,👤🟩,试炼刷怪笼 [弹出奖励中],trial_spawner_ejecting_reward,試煉生怪籠 (試煉生怪磚) [拋出獎勵中],,,,,,,
,,,,,,,,,,,,,,,,,,,,,,,,,,,,,,,,👤🟩,试炼刷怪笼 [弹出奖励中不祥],trial_spawner_ejecting_reward_ominous,試煉生怪籠 (試煉生怪磚) [拋出獎勵中不祥],,,,,,,
,,,,,,,,,,,,,,,,,,,,,,,,,,,,,,,,👤🟩,试炼刷怪笼 [未激活不祥],trial_spawner_inactive_ominous,試煉生怪籠 (試煉生怪磚) [未啟動不祥],,,,,,,
,,,,,,,,,,,,,,,,,,,,,,,,,,,,,,,,👤🟩,绊线 [附着北],tripwire_attached_n,撠線 (絆線) [附著n],,,,,,,
,,,,,,,,,,,,,,,,,,,,,,,,,,,,,,,,👤🟩,绊线 [附着东北],tripwire_attached_ne,撠線 (絆線) [附著東北],,,,,,,
,,,,,,,,,,,,,,,,,,,,,,,,,,,,,,,,👤🟩,绊线 [附着南北],tripwire_attached_ns,撠線 (絆線) [附著南北],,,,,,,
,,,,,,,,,,,,,,,,,,,,,,,,,,,,,,,,👤🟩,绊线 [附着东南],tripwire_attached_nse,撠線 (絆線) [附著東南],,,,,,,
,,,,,,,,,,,,,,,,,,,,,,,,,,,,,,,,👤🟩,绊线 [附着东南西北],tripwire_attached_nsew,撠線 (絆線) [附著東南西北],,,,,,,
,,,,,,,,,,,,,,,,,,,,,,,,,,,,,,,,👤🟩,绊线钩,tripwire_hook,撠線鈎 (絆線鉤),,,,,,,
,,,,,,,,,,,,,,,,,,,,,,,,,,,,,,,,👤🟩,绊线钩 [附着],tripwire_hook_attached,撠線鈎 (絆線鉤) [附著],,,,,,,
,,,,,,,,,,,,,,,,,,,,,,,,,,,,,,,,👤🟩,绊线钩 [附着开启],tripwire_hook_attached_on,撠線鈎 (絆線鉤) [附著開啟],,,,,,,
,,,,,,,,,,,,,,,,,,,,,,,,,,,,,,,,👤🟩,绊线钩 [开启],tripwire_hook_on,撠線鈎 (絆線鉤) [開啟],,,,,,,
,,,,,,,,,,,,,,,,,,,,,,,,,,,,,,,,👤🟩,绊线 [北],tripwire_n,撠線 (絆線) [北],,,,,,,
,,,,,,,,,,,,,,,,,,,,,,,,,,,,,,,,👤🟩,绊线 [东北],tripwire_ne,撠線 (絆線) [東北],,,,,,,
,,,,,,,,,,,,,,,,,,,,,,,,,,,,,,,,👤🟩,绊线 [南北],tripwire_ns,撠線 (絆線) [南北],,,,,,,
,,,,,,,,,,,,,,,,,,,,,,,,,,,,,,,,👤🟩,绊线 [东北南],tripwire_nse,撠線 (絆線) [東北南],,,,,,,
,,,,,,,,,,,,,,,,,,,,,,,,,,,,,,,,👤🟩,绊线 [东南西北],tripwire_nsew,撠線 (絆線) [東南西北],,,,,,,
,,,,,,,,,,,,,,,,,,,,,,,,,,,,,,,,🟩🌊,管珊瑚,tube_coral,管珊瑚,,,,,,,
,,,,,,,,,,,,,,,,,,,,,,,,,,,,,,,,🟩🌊,管珊瑚块,tube_coral_block,管珊瑚方塊,,,,,,,
,,,,,,,,,,,,,,,,,,,,,,,,,,,,,,,,🟩🌊,管珊瑚扇,tube_coral_fan,扇狀管珊瑚,,,,,,,
,,,,,,,,,,,,,,,,,,,,,,,,,,,,,,,,👤🟩🌊,墙上的管珊瑚扇,tube_coral_wall_fan,牆上的扇狀管珊瑚,,,,,,,
,,,,,,,,,,,,,,,,,,,,,,,,,,,,,,,,🟩,凝灰岩,tuff,凝灰巖 (凝灰岩),,,,,,,
,,,,,,,,,,,,,,,,,,,,,,,,,,,,,,,,👤🟩,凝灰岩砖台阶,tuff_brick_slab,凝灰巖磚半磚 (凝灰岩磚半磚),,,,,,,
,,,,,,,,,,,,,,,,,,,,,,,,,,,,,,,,👤🟩,凝灰岩砖台阶 [顶部],tuff_brick_slab_top,凝灰巖磚半磚 (凝灰岩磚半磚) [頂部],,,,,,,
,,,,,,,,,,,,,,,,,,,,,,,,,,,,,,,,👤🟩,凝灰岩砖楼梯,tuff_brick_stairs,凝灰巖磚樓梯 (凝灰岩磚階梯),,,,,,,
,,,,,,,,,,,,,,,,,,,,,,,,,,,,,,,,👤🟩,凝灰岩砖楼梯 [内角],tuff_brick_stairs_inner,凝灰巖磚樓梯 (凝灰岩磚階梯) [內角],,,,,,,
,,,,,,,,,,,,,,,,,,,,,,,,,,,,,,,,👤🟩,凝灰岩砖楼梯 [外角],tuff_brick_stairs_outer,凝灰巖磚樓梯 (凝灰岩磚階梯) [外角],,,,,,,
,,,,,,,,,,,,,,,,,,,,,,,,,,,,,,,,👤🟩,凝灰岩砖墙 [物品栏],tuff_brick_wall_inventory,凝灰巖磚牆 (凝灰岩磚牆) [物品欄],,,,,,,
,,,,,,,,,,,,,,,,,,,,,,,,,,,,,,,,👤🟩,凝灰岩砖墙 [柱],tuff_brick_wall_post,凝灰巖磚牆 (凝灰岩磚牆) [柱],,,,,,,
,,,,,,,,,,,,,,,,,,,,,,,,,,,,,,,,👤🟩,凝灰岩砖墙 [边],tuff_brick_wall_side,凝灰巖磚牆 (凝灰岩磚牆) [邊],,,,,,,
,,,,,,,,,,,,,,,,,,,,,,,,,,,,,,,,👤🟩,凝灰岩砖墙 [边高],tuff_brick_wall_side_tall,凝灰巖磚牆 (凝灰岩磚牆) [邊高],,,,,,,
,,,,,,,,,,,,,,,,,,,,,,,,,,,,,,,,👤🟩,凝灰岩砖,tuff_bricks,凝灰巖磚 (凝灰岩磚),,,,,,,
,,,,,,,,,,,,,,,,,,,,,,,,,,,,,,,,👤🟩,凝灰岩台阶,tuff_slab,凝灰巖半磚 (凝灰岩半磚),,,,,,,
,,,,,,,,,,,,,,,,,,,,,,,,,,,,,,,,👤🟩,凝灰岩台阶 [顶部],tuff_slab_top,凝灰巖半磚 (凝灰岩半磚) [頂部],,,,,,,
,,,,,,,,,,,,,,,,,,,,,,,,,,,,,,,,👤🟩,凝灰岩楼梯,tuff_stairs,凝灰巖樓梯 (凝灰岩階梯),,,,,,,
,,,,,,,,,,,,,,,,,,,,,,,,,,,,,,,,👤🟩,凝灰岩楼梯 [内角],tuff_stairs_inner,凝灰巖樓梯 (凝灰岩階梯) [內角],,,,,,,
,,,,,,,,,,,,,,,,,,,,,,,,,,,,,,,,👤🟩,凝灰岩楼梯 [外角],tuff_stairs_outer,凝灰巖樓梯 (凝灰岩階梯) [外角],,,,,,,
,,,,,,,,,,,,,,,,,,,,,,,,,,,,,,,,👤🟩,凝灰岩墙 [物品栏],tuff_wall_inventory,凝灰巖牆 (凝灰岩牆) [物品欄],,,,,,,
,,,,,,,,,,,,,,,,,,,,,,,,,,,,,,,,👤🟩,凝灰岩墙 [柱],tuff_wall_post,凝灰巖牆 (凝灰岩牆) [柱],,,,,,,
,,,,,,,,,,,,,,,,,,,,,,,,,,,,,,,,👤🟩,凝灰岩墙 [边],tuff_wall_side,凝灰巖牆 (凝灰岩牆) [邊],,,,,,,
,,,,,,,,,,,,,,,,,,,,,,,,,,,,,,,,👤🟩,凝灰岩墙 [边高],tuff_wall_side_tall,凝灰巖牆 (凝灰岩牆) [邊高],,,,,,,
,,,,,,,,,,,,,,,,,,,,,,,,,,,,,,,,🟩🌊,海龟蛋,turtle_egg,海龜蛋,,,,,,,
,,,,,,,,,,,,,,,,,,,,,,,,,,,,,,,,🟥,缠怨藤,twisting_vines,扭曲藤,,,,,,,
,,,,,,,,,,,,,,,,,,,,,,,,,,,,,,,,🟥,缠怨藤植株,twisting_vines_plant,扭曲藤植株,,,,,,,
,,,,,,,,,,,,,,,,,,,,,,,,,,,,,,,,🟩🌊💡,两个失活海泡菜,two_dead_sea_pickles,兩個失活海鞘,,,,,,,
,,,,,,,,,,,,,,,,,,,,,,,,,,,,,,,,🟩🌊💡,两个海泡菜,two_sea_pickles,兩個海鞘,,,,,,,
,,,,,,,,,,,,,,,,,,,,,,,,,,,,,,,,🟩🌊,两个轻微破裂海龟蛋,two_slightly_cracked_turtle_eggs,兩個輕微破裂海龜蛋,,,,,,,
,,,,,,,,,,,,,,,,,,,,,,,,,,,,,,,,🟩🌊,两个海龟蛋,two_turtle_eggs,兩個海龜蛋,,,,,,,
,,,,,,,,,,,,,,,,,,,,,,,,,,,,,,,,🟩🌊,两个严重破裂海龟蛋,two_very_cracked_turtle_eggs,兩個嚴重破裂海龜蛋,,,,,,,
,,,,,,,,,,,,,,,,,,,,,,,,,,,,,,,,👤🟩,宝库,vault,寶庫,,,,,,,
,,,,,,,,,,,,,,,,,,,,,,,,,,,,,,,,👤🟩,宝库 [激活],vault_active,寶庫 [啟動],,,,,,,
,,,,,,,,,,,,,,,,,,,,,,,,,,,,,,,,👤🟩,宝库 [激活不祥],vault_active_ominous,寶庫 [啟動不祥],,,,,,,
,,,,,,,,,,,,,,,,,,,,,,,,,,,,,,,,👤🟩,宝库 [弹出奖励中],vault_ejecting_reward,寶庫 [拋出獎勵中],,,,,,,
,,,,,,,,,,,,,,,,,,,,,,,,,,,,,,,,👤🟩,宝库 [弹出奖励中不祥],vault_ejecting_reward_ominous,寶庫 [拋出獎勵中不祥],,,,,,,
,,,,,,,,,,,,,,,,,,,,,,,,,,,,,,,,👤🟩,宝库 [不祥],vault_ominous,寶庫 [不祥],,,,,,,
,,,,,,,,,,,,,,,,,,,,,,,,,,,,,,,,👤🟩,宝库 [解锁中],vault_unlocking,寶庫 [解鎖中],,,,,,,
,,,,,,,,,,,,,,,,,,,,,,,,,,,,,,,,👤🟩,宝库 [解锁中不祥],vault_unlocking_ominous,寶庫 [解鎖中不祥],,,,,,,
,,,,,,,,,,,,,,,,,,,,,,,,,,,,,,,,🟩💡,青翠蛙明灯,verdant_froglight,青翠蛙明燈 (蒼翠蛙光體),,,,,,,
,,,,,,,,,,,,,,,,,,,,,,,,,,,,,,,,🟩💡,青翠蛙明灯 [水平],verdant_froglight_horizontal,青翠蛙明燈 (蒼翠蛙光體) [水平],,,,,,,
,,,,,,,,,,,,,,,,,,,,,,,,,,,,,,,,🟩🌊,严重破裂海龟蛋,very_cracked_turtle_egg,嚴重破裂海龜蛋,,,,,,,
,,,,,,,,,,,,,,,,,,,,,,,,,,,,,,,,🟩,藤蔓,vine,藤蔓,,,,,,,
,,,,,,,,,,,,,,,,,,,,,,,,,,,,,,,,👤🟩,墙（父模型） [物品栏],wall_inventory,牆（父模型） [物品欄],,,,,,,
,,,,,,,,,,,,,,,,,,,,,,,,,,,,,,,,👤🟩💡,墙上的火把,wall_torch,牆上的火炬 (牆上的火把),,,,,,,
,,,,,,,,,,,,,,,,,,,,,,,,,,,,,,,,👤🟥,诡异木按钮,warped_button,迷離菌木按鈕 (扭曲蕈木按鈕),,,,,,,
,,,,,,,,,,,,,,,,,,,,,,,,,,,,,,,,👤🟥,诡异木按钮 [物品栏],warped_button_inventory,迷離菌木按鈕 (扭曲蕈木按鈕) [物品欄],,,,,,,
,,,,,,,,,,,,,,,,,,,,,,,,,,,,,,,,👤🟥,诡异木按钮 [按下],warped_button_pressed,迷離菌木按鈕 (扭曲蕈木按鈕) [按下],,,,,,,
,,,,,,,,,,,,,,,,,,,,,,,,,,,,,,,,👤🟥,诡异木门 [底部左],warped_door_bottom_left,迷離菌木門 (扭曲蕈木門) [底部左],,,,,,,
,,,,,,,,,,,,,,,,,,,,,,,,,,,,,,,,👤🟥,诡异木门 [底部左打开],warped_door_bottom_left_open,迷離菌木門 (扭曲蕈木門) [底部左打開],,,,,,,
,,,,,,,,,,,,,,,,,,,,,,,,,,,,,,,,👤🟥,诡异木门 [底部右],warped_door_bottom_right,迷離菌木門 (扭曲蕈木門) [底部右],,,,,,,
,,,,,,,,,,,,,,,,,,,,,,,,,,,,,,,,👤🟥,诡异木门 [底部右打开],warped_door_bottom_right_open,迷離菌木門 (扭曲蕈木門) [底部右打開],,,,,,,
,,,,,,,,,,,,,,,,,,,,,,,,,,,,,,,,👤🟥,诡异木门 [顶部左],warped_door_top_left,迷離菌木門 (扭曲蕈木門) [頂部左],,,,,,,
,,,,,,,,,,,,,,,,,,,,,,,,,,,,,,,,👤🟥,诡异木门 [顶部左打开],warped_door_top_left_open,迷離菌木門 (扭曲蕈木門) [頂部左打開],,,,,,,
,,,,,,,,,,,,,,,,,,,,,,,,,,,,,,,,👤🟥,诡异木门 [顶部右],warped_door_top_right,迷離菌木門 (扭曲蕈木門) [頂部右],,,,,,,
,,,,,,,,,,,,,,,,,,,,,,,,,,,,,,,,👤🟥,诡异木门 [顶部右打开],warped_door_top_right_open,迷離菌木門 (扭曲蕈木門) [頂部右打開],,,,,,,
,,,,,,,,,,,,,,,,,,,,,,,,,,,,,,,,👤🟥,诡异木栅栏门,warped_fence_gate,迷離菌木閘門 (扭曲蕈木柵欄門),,,,,,,
,,,,,,,,,,,,,,,,,,,,,,,,,,,,,,,,👤🟥,诡异木栅栏门 [打开],warped_fence_gate_open,迷離菌木閘門 (扭曲蕈木柵欄門) [打開],,,,,,,
,,,,,,,,,,,,,,,,,,,,,,,,,,,,,,,,👤🟥,诡异木栅栏门 [墙上],warped_fence_gate_wall,迷離菌木閘門 (扭曲蕈木柵欄門) [牆上],,,,,,,
,,,,,,,,,,,,,,,,,,,,,,,,,,,,,,,,👤🟥,诡异木栅栏门 [墙上打开],warped_fence_gate_wall_open,迷離菌木閘門 (扭曲蕈木柵欄門) [牆上打開],,,,,,,
,,,,,,,,,,,,,,,,,,,,,,,,,,,,,,,,👤🟥,诡异木栅栏 [物品栏],warped_fence_inventory,迷離菌木欄杆 (扭曲蕈木柵欄) [物品欄],,,,,,,
,,,,,,,,,,,,,,,,,,,,,,,,,,,,,,,,👤🟥,诡异木栅栏 [柱],warped_fence_post,迷離菌木欄杆 (扭曲蕈木柵欄) [柱],,,,,,,
,,,,,,,,,,,,,,,,,,,,,,,,,,,,,,,,👤🟥,诡异木栅栏 [边],warped_fence_side,迷離菌木欄杆 (扭曲蕈木柵欄) [邊],,,,,,,
,,,,,,,,,,,,,,,,,,,,,,,,,,,,,,,,🟥,诡异菌,warped_fungus,迷離菌菇 (扭曲蕈菇),,,,,,,
,,,,,,,,,,,,,,,,,,,,,,,,,,,,,,,,👤🟥,悬挂式诡异木告示牌 [附着旋转0],warped_hanging_sign_attached_rot_0,迷離菌木吊牌 (懸掛式扭曲蕈木告示牌) [附著旋轉0],,,,,,,
,,,,,,,,,,,,,,,,,,,,,,,,,,,,,,,,👤🟥,悬挂式诡异木告示牌 [附着旋转1],warped_hanging_sign_attached_rot_1,迷離菌木吊牌 (懸掛式扭曲蕈木告示牌) [附著旋轉1],,,,,,,
,,,,,,,,,,,,,,,,,,,,,,,,,,,,,,,,👤🟥,悬挂式诡异木告示牌 [附着旋转2],warped_hanging_sign_attached_rot_2,迷離菌木吊牌 (懸掛式扭曲蕈木告示牌) [附著旋轉2],,,,,,,
,,,,,,,,,,,,,,,,,,,,,,,,,,,,,,,,👤🟥,悬挂式诡异木告示牌 [附着旋转3],warped_hanging_sign_attached_rot_3,迷離菌木吊牌 (懸掛式扭曲蕈木告示牌) [附著旋轉3],,,,,,,
,,,,,,,,,,,,,,,,,,,,,,,,,,,,,,,,👤🟥,悬挂式诡异木告示牌 [旋转0],warped_hanging_sign_rot_0,迷離菌木吊牌 (懸掛式扭曲蕈木告示牌) [旋轉0],,,,,,,
,,,,,,,,,,,,,,,,,,,,,,,,,,,,,,,,👤🟥,悬挂式诡异木告示牌 [旋转1],warped_hanging_sign_rot_1,迷離菌木吊牌 (懸掛式扭曲蕈木告示牌) [旋轉1],,,,,,,
,,,,,,,,,,,,,,,,,,,,,,,,,,,,,,,,👤🟥,悬挂式诡异木告示牌 [旋转2],warped_hanging_sign_rot_2,迷離菌木吊牌 (懸掛式扭曲蕈木告示牌) [旋轉2],,,,,,,
,,,,,,,,,,,,,,,,,,,,,,,,,,,,,,,,👤🟥,悬挂式诡异木告示牌 [旋转3],warped_hanging_sign_rot_3,迷離菌木吊牌 (懸掛式扭曲蕈木告示牌) [旋轉3],,,,,,,
,,,,,,,,,,,,,,,,,,,,,,,,,,,,,,,,🟥,诡异菌核,warped_hyphae,迷離菌絲體 (扭曲菌絲體),,,,,,,
,,,,,,,,,,,,,,,,,,,,,,,,,,,,,,,,🟥,诡异菌岩,warped_nylium,迷離菌絲石 (扭曲菌絲石),,,,,,,
,,,,,,,,,,,,,,,,,,,,,,,,,,,,,,,,👤🟥,诡异木板,warped_planks,迷離菌木板 (扭曲蕈木材),,,,,,,
,,,,,,,,,,,,,,,,,,,,,,,,,,,,,,,,👤🟥,诡异木压力板,warped_pressure_plate,迷離菌木壓力板 (扭曲蕈木壓力板),,,,,,,
,,,,,,,,,,,,,,,,,,,,,,,,,,,,,,,,👤🟥,诡异木压力板 [按下],warped_pressure_plate_down,迷離菌木壓力板 (扭曲蕈木壓力板) [按下],,,,,,,
,,,,,,,,,,,,,,,,,,,,,,,,,,,,,,,,🟥,诡异菌索,warped_roots,迷離菌根 (扭曲蕈根),,,,,,,
,,,,,,,,,,,,,,,,,,,,,,,,,,,,,,,,👤🟥,诡异木展示架,warped_shelf,迷離菌木置物架 (扭曲蕈木展示架),,,,,,,
,,,,,,,,,,,,,,,,,,,,,,,,,,,,,,,,👤🟥,诡异木展示架 [中],warped_shelf_center,迷離菌木置物架 (扭曲蕈木展示架) [中],,,,,,,
,,,,,,,,,,,,,,,,,,,,,,,,,,,,,,,,👤🟥,诡异木展示架 [物品栏],warped_shelf_inventory,迷離菌木置物架 (扭曲蕈木展示架) [物品欄],,,,,,,
,,,,,,,,,,,,,,,,,,,,,,,,,,,,,,,,👤🟥,诡异木展示架 [左],warped_shelf_left,迷離菌木置物架 (扭曲蕈木展示架) [左],,,,,,,
,,,,,,,,,,,,,,,,,,,,,,,,,,,,,,,,👤🟥,诡异木展示架 [右],warped_shelf_right,迷離菌木置物架 (扭曲蕈木展示架) [右],,,,,,,
,,,,,,,,,,,,,,,,,,,,,,,,,,,,,,,,👤🟥,诡异木展示架 [未连接],warped_shelf_unconnected,迷離菌木置物架 (扭曲蕈木展示架) [未連接],,,,,,,
,,,,,,,,,,,,,,,,,,,,,,,,,,,,,,,,👤🟥,诡异木展示架 [未充能],warped_shelf_unpowered,迷離菌木置物架 (扭曲蕈木展示架) [未充能],,,,,,,
,,,,,,,,,,,,,,,,,,,,,,,,,,,,,,,,👤🟥,诡异木告示牌 [旋转0],warped_sign_rot_0,迷離菌木指示牌 (扭曲蕈木告示牌) [旋轉0],,,,,,,
,,,,,,,,,,,,,,,,,,,,,,,,,,,,,,,,👤🟥,诡异木告示牌 [旋转1],warped_sign_rot_1,迷離菌木指示牌 (扭曲蕈木告示牌) [旋轉1],,,,,,,
,,,,,,,,,,,,,,,,,,,,,,,,,,,,,,,,👤🟥,诡异木告示牌 [旋转2],warped_sign_rot_2,迷離菌木指示牌 (扭曲蕈木告示牌) [旋轉2],,,,,,,
,,,,,,,,,,,,,,,,,,,,,,,,,,,,,,,,👤🟥,诡异木告示牌 [旋转3],warped_sign_rot_3,迷離菌木指示牌 (扭曲蕈木告示牌) [旋轉3],,,,,,,
,,,,,,,,,,,,,,,,,,,,,,,,,,,,,,,,👤🟥,诡异木台阶,warped_slab,迷離菌木半磚 (扭曲蕈木半磚),,,,,,,
,,,,,,,,,,,,,,,,,,,,,,,,,,,,,,,,👤🟥,诡异木台阶 [顶部],warped_slab_top,迷離菌木半磚 (扭曲蕈木半磚) [頂部],,,,,,,
,,,,,,,,,,,,,,,,,,,,,,,,,,,,,,,,👤🟥,诡异木楼梯,warped_stairs,迷離菌木樓梯 (扭曲蕈木階梯),,,,,,,
,,,,,,,,,,,,,,,,,,,,,,,,,,,,,,,,👤🟥,诡异木楼梯 [内角],warped_stairs_inner,迷離菌木樓梯 (扭曲蕈木階梯) [內角],,,,,,,
,,,,,,,,,,,,,,,,,,,,,,,,,,,,,,,,👤🟥,诡异木楼梯 [外角],warped_stairs_outer,迷離菌木樓梯 (扭曲蕈木階梯) [外角],,,,,,,
,,,,,,,,,,,,,,,,,,,,,,,,,,,,,,,,🟥,诡异菌柄,warped_stem,迷離菌柄 (扭曲蕈柄),,,,,,,
,,,,,,,,,,,,,,,,,,,,,,,,,,,,,,,,👤🟥,诡异木活板门 [底部],warped_trapdoor_bottom,迷離菌木地板門 (扭曲蕈木地板門) [底部],,,,,,,
,,,,,,,,,,,,,,,,,,,,,,,,,,,,,,,,👤🟥,诡异木活板门 [打开],warped_trapdoor_open,迷離菌木地板門 (扭曲蕈木地板門) [打開],,,,,,,
,,,,,,,,,,,,,,,,,,,,,,,,,,,,,,,,👤🟥,诡异木活板门 [顶部],warped_trapdoor_top,迷離菌木地板門 (扭曲蕈木地板門) [頂部],,,,,,,
,,,,,,,,,,,,,,,,,,,,,,,,,,,,,,,,👤🟥,墙上的悬挂式诡异木告示牌,warped_wall_hanging_sign,牆上的迷離菌木吊牌 (牆上的懸掛式扭曲蕈木告示牌),,,,,,,
,,,,,,,,,,,,,,,,,,,,,,,,,,,,,,,,👤🟥,墙上的诡异木告示牌,warped_wall_sign,牆上的迷離菌木指示牌 (牆上的扭曲蕈木告示牌),,,,,,,
,,,,,,,,,,,,,,,,,,,,,,,,,,,,,,,,🟥,诡异疣块,warped_wart_block,迷離孢子塊 (扭曲疙瘩塊),,,,,,,
,,,,,,,,,,,,,,,,,,,,,,,,,,,,,,,,🟩🌊,水,water,水,,,,,,,
,,,,,,,,,,,,,,,,,,,,,,,,,,,,,,,,👤🟩🌊,装有水的炼药锅 [满],water_cauldron_full,裝水的鍋 (裝水的鍋釜) [滿],,,,,,,
,,,,,,,,,,,,,,,,,,,,,,,,,,,,,,,,👤🟩🌊,装有水的炼药锅 [等级1],water_cauldron_level1,裝水的鍋 (裝水的鍋釜) [等級1],,,,,,,
,,,,,,,,,,,,,,,,,,,,,,,,,,,,,,,,👤🟩🌊,装有水的炼药锅 [等级2],water_cauldron_level2,裝水的鍋 (裝水的鍋釜) [等級2],,,,,,,
,,,,,,,,,,,,,,,,,,,,,,,,,,,,,,,,👤🟩,锈蚀的雕纹铜块,weathered_chiseled_copper,生鏽的浮雕銅磚 (風化的浮雕銅方塊),,,,,,,
,,,,,,,,,,,,,,,,,,,,,,,,,,,,,,,,👤🟩,锈蚀的铜块,weathered_copper,生鏽的銅磚 (風化的銅方塊),,,,,,,
,,,,,,,,,,,,,,,,,,,,,,,,,,,,,,,,👤🟩,锈蚀的铜栏杆 [端帽],weathered_copper_bars_cap,生鏽的銅欄杆 (風化的銅柵欄) [端帽],,,,,,,
,,,,,,,,,,,,,,,,,,,,,,,,,,,,,,,,👤🟩,锈蚀的铜栏杆 [端帽交替],weathered_copper_bars_cap_alt,生鏽的銅欄杆 (風化的銅柵欄) [端帽交替],,,,,,,
,,,,,,,,,,,,,,,,,,,,,,,,,,,,,,,,👤🟩,锈蚀的铜栏杆 [柱],weathered_copper_bars_post,生鏽的銅欄杆 (風化的銅柵欄) [柱],,,,,,,
,,,,,,,,,,,,,,,,,,,,,,,,,,,,,,,,👤🟩,锈蚀的铜栏杆 [柱端],weathered_copper_bars_post_ends,生鏽的銅欄杆 (風化的銅柵欄) [柱端],,,,,,,
,,,,,,,,,,,,,,,,,,,,,,,,,,,,,,,,👤🟩,锈蚀的铜栏杆 [边],weathered_copper_bars_side,生鏽的銅欄杆 (風化的銅柵欄) [邊],,,,,,,
,,,,,,,,,,,,,,,,,,,,,,,,,,,,,,,,👤🟩,锈蚀的铜栏杆 [边交替],weathered_copper_bars_side_alt,生鏽的銅欄杆 (風化的銅柵欄) [邊交替],,,,,,,
,,,,,,,,,,,,,,,,,,,,,,,,,,,,,,,,👤🟩💡,锈蚀的铜灯,weathered_copper_bulb,生鏽的銅燈 (風化的銅燈),,,,,,,
,,,,,,,,,,,,,,,,,,,,,,,,,,,,,,,,👤🟩💡,锈蚀的铜灯 [点燃],weathered_copper_bulb_lit,生鏽的銅燈 (風化的銅燈) [點燃],,,,,,,
,,,,,,,,,,,,,,,,,,,,,,,,,,,,,,,,👤🟩💡,锈蚀的铜灯 [点燃充能],weathered_copper_bulb_lit_powered,生鏽的銅燈 (風化的銅燈) [點燃充能],,,,,,,
,,,,,,,,,,,,,,,,,,,,,,,,,,,,,,,,👤🟩💡,锈蚀的铜灯 [充能],weathered_copper_bulb_powered,生鏽的銅燈 (風化的銅燈) [充能],,,,,,,
,,,,,,,,,,,,,,,,,,,,,,,,,,,,,,,,👤🟩,锈蚀的铜链,weathered_copper_chain,生鏽的銅鏈 (風化的銅鏈),,,,,,,
,,,,,,,,,,,,,,,,,,,,,,,,,,,,,,,,👤🟩,锈蚀的铜箱子,weathered_copper_chest,生鏽的銅儲物箱 (風化的銅儲物箱),,,,,,,
,,,,,,,,,,,,,,,,,,,,,,,,,,,,,,,,👤🟩,锈蚀的铜门 [底部左],weathered_copper_door_bottom_left,生鏽的銅門 (風化的銅門) [底部左],,,,,,,
,,,,,,,,,,,,,,,,,,,,,,,,,,,,,,,,👤🟩,锈蚀的铜门 [底部左打开],weathered_copper_door_bottom_left_open,生鏽的銅門 (風化的銅門) [底部左打開],,,,,,,
,,,,,,,,,,,,,,,,,,,,,,,,,,,,,,,,👤🟩,锈蚀的铜门 [底部右],weathered_copper_door_bottom_right,生鏽的銅門 (風化的銅門) [底部右],,,,,,,
,,,,,,,,,,,,,,,,,,,,,,,,,,,,,,,,👤🟩,锈蚀的铜门 [底部右打开],weathered_copper_door_bottom_right_open,生鏽的銅門 (風化的銅門) [底部右打開],,,,,,,
,,,,,,,,,,,,,,,,,,,,,,,,,,,,,,,,👤🟩,锈蚀的铜门 [顶部左],weathered_copper_door_top_left,生鏽的銅門 (風化的銅門) [頂部左],,,,,,,
,,,,,,,,,,,,,,,,,,,,,,,,,,,,,,,,👤🟩,锈蚀的铜门 [顶部左打开],weathered_copper_door_top_left_open,生鏽的銅門 (風化的銅門) [頂部左打開],,,,,,,
,,,,,,,,,,,,,,,,,,,,,,,,,,,,,,,,👤🟩,锈蚀的铜门 [顶部右],weathered_copper_door_top_right,生鏽的銅門 (風化的銅門) [頂部右],,,,,,,
,,,,,,,,,,,,,,,,,,,,,,,,,,,,,,,,👤🟩,锈蚀的铜门 [顶部右打开],weathered_copper_door_top_right_open,生鏽的銅門 (風化的銅門) [頂部右打開],,,,,,,
,,,,,,,,,,,,,,,,,,,,,,,,,,,,,,,,👤🟩,锈蚀的铜傀儡像,weathered_copper_golem_statue,生鏽的銅人雕像 (風化的銅像),,,,,,,
,,,,,,,,,,,,,,,,,,,,,,,,,,,,,,,,👤🟩,锈蚀的铜格栅,weathered_copper_grate,生鏽的銅網格 (風化的銅格柵),,,,,,,
,,,,,,,,,,,,,,,,,,,,,,,,,,,,,,,,👤🟩💡,锈蚀的铜灯笼,weathered_copper_lantern,生鏽的銅燈籠 (風化的銅燈籠),,,,,,,
,,,,,,,,,,,,,,,,,,,,,,,,,,,,,,,,👤🟩💡,锈蚀的铜灯笼 [悬挂],weathered_copper_lantern_hanging,生鏽的銅燈籠 (風化的銅燈籠) [懸掛],,,,,,,
,,,,,,,,,,,,,,,,,,,,,,,,,,,,,,,,👤🟩,锈蚀的铜活板门 [底部],weathered_copper_trapdoor_bottom,生鏽的銅地板門 (風化的銅地板門) [底部],,,,,,,
,,,,,,,,,,,,,,,,,,,,,,,,,,,,,,,,👤🟩,锈蚀的铜活板门 [打开],weathered_copper_trapdoor_open,生鏽的銅地板門 (風化的銅地板門) [打開],,,,,,,
,,,,,,,,,,,,,,,,,,,,,,,,,,,,,,,,👤🟩,锈蚀的铜活板门 [顶部],weathered_copper_trapdoor_top,生鏽的銅地板門 (風化的銅地板門) [頂部],,,,,,,
,,,,,,,,,,,,,,,,,,,,,,,,,,,,,,,,👤🟩,锈蚀的切制铜块,weathered_cut_copper,生鏽的切製銅磚 (風化的切製銅方塊),,,,,,,
,,,,,,,,,,,,,,,,,,,,,,,,,,,,,,,,👤🟩,锈蚀的切制铜台阶,weathered_cut_copper_slab,生鏽的切製銅半磚 (風化的切製銅半磚),,,,,,,
,,,,,,,,,,,,,,,,,,,,,,,,,,,,,,,,👤🟩,锈蚀的切制铜台阶 [顶部],weathered_cut_copper_slab_top,生鏽的切製銅半磚 (風化的切製銅半磚) [頂部],,,,,,,
,,,,,,,,,,,,,,,,,,,,,,,,,,,,,,,,👤🟩,锈蚀的切制铜楼梯,weathered_cut_copper_stairs,生鏽的切製銅樓梯 (風化的切製銅階梯),,,,,,,
,,,,,,,,,,,,,,,,,,,,,,,,,,,,,,,,👤🟩,锈蚀的切制铜楼梯 [内角],weathered_cut_copper_stairs_inner,生鏽的切製銅樓梯 (風化的切製銅階梯) [內角],,,,,,,
,,,,,,,,,,,,,,,,,,,,,,,,,,,,,,,,👤🟩,锈蚀的切制铜楼梯 [外角],weathered_cut_copper_stairs_outer,生鏽的切製銅樓梯 (風化的切製銅階梯) [外角],,,,,,,
,,,,,,,,,,,,,,,,,,,,,,,,,,,,,,,,👤🟩,锈蚀的避雷针,weathered_lightning_rod,生鏽的避雷針 (風化的避雷針),,,,,,,
,,,,,,,,,,,,,,,,,,,,,,,,,,,,,,,,🟥,垂泪藤,weeping_vines,哭泣藤 (垂泣藤),,,,,,,
,,,,,,,,,,,,,,,,,,,,,,,,,,,,,,,,🟥,垂泪藤植株,weeping_vines_plant,哭泣藤植株 (垂泣藤植株),,,,,,,
,,,,,,,,,,,,,,,,,,,,,,,,,,,,,,,,🟩🌊,湿海绵,wet_sponge,濕海綿,,,,,,,
,,,,,,,,,,,,,,,,,,,,,,,,,,,,,,,,🟩,小麦植株 [阶段0],wheat_stage0,小麥植株 [階段0],,,,,,,
,,,,,,,,,,,,,,,,,,,,,,,,,,,,,,,,🟩,小麦植株 [阶段1],wheat_stage1,小麥植株 [階段1],,,,,,,
,,,,,,,,,,,,,,,,,,,,,,,,,,,,,,,,🟩,小麦植株 [阶段2],wheat_stage2,小麥植株 [階段2],,,,,,,
,,,,,,,,,,,,,,,,,,,,,,,,,,,,,,,,🟩,小麦植株 [阶段3],wheat_stage3,小麥植株 [階段3],,,,,,,
,,,,,,,,,,,,,,,,,,,,,,,,,,,,,,,,🟩,小麦植株 [阶段4],wheat_stage4,小麥植株 [階段4],,,,,,,
,,,,,,,,,,,,,,,,,,,,,,,,,,,,,,,,🟩,小麦植株 [阶段5],wheat_stage5,小麥植株 [階段5],,,,,,,
,,,,,,,,,,,,,,,,,,,,,,,,,,,,,,,,🟩,小麦植株 [阶段6],wheat_stage6,小麥植株 [階段6],,,,,,,
,,,,,,,,,,,,,,,,,,,,,,,,,,,,,,,,🟩,小麦植株 [阶段7],wheat_stage7,小麥植株 [階段7],,,,,,,
,,,,,,,,,,,,,,,,,,,,,,,,,,,,,,,,👤🟩,白色床 [尾],white_bed_foot,白色牀 (白色床) [尾],,,,,,,
,,,,,,,,,,,,,,,,,,,,,,,,,,,,,,,,👤🟩,白色床 [头],white_bed_head,白色牀 (白色床) [頭],,,,,,,
,,,,,,,,,,,,,,,,,,,,,,,,,,,,,,,,👤🟩💡,插上白色蜡烛的蛋糕,white_candle_cake,插上白色蠟燭的蛋糕,,,,,,,
,,,,,,,,,,,,,,,,,,,,,,,,,,,,,,,,👤🟩💡,插上白色蜡烛的蛋糕 [点燃],white_candle_cake_lit,插上白色蠟燭的蛋糕 [點燃],,,,,,,
,,,,,,,,,,,,,,,,,,,,,,,,,,,,,,,,👤🟩💡,白色蜡烛 [四支蜡烛],white_candle_four_candles,白色蠟燭 [四支蠟燭],,,,,,,
,,,,,,,,,,,,,,,,,,,,,,,,,,,,,,,,👤🟩💡,白色蜡烛 [四支蜡烛点燃],white_candle_four_candles_lit,白色蠟燭 [四支蠟燭點燃],,,,,,,
,,,,,,,,,,,,,,,,,,,,,,,,,,,,,,,,👤🟩💡,白色蜡烛 [一支蜡烛],white_candle_one_candle,白色蠟燭 [一支蠟燭],,,,,,,
,,,,,,,,,,,,,,,,,,,,,,,,,,,,,,,,👤🟩💡,白色蜡烛 [一支蜡烛点燃],white_candle_one_candle_lit,白色蠟燭 [一支蠟燭點燃],,,,,,,
,,,,,,,,,,,,,,,,,,,,,,,,,,,,,,,,👤🟩💡,白色蜡烛 [三支蜡烛],white_candle_three_candles,白色蠟燭 [三支蠟燭],,,,,,,
,,,,,,,,,,,,,,,,,,,,,,,,,,,,,,,,👤🟩💡,白色蜡烛 [三支蜡烛点燃],white_candle_three_candles_lit,白色蠟燭 [三支蠟燭點燃],,,,,,,
,,,,,,,,,,,,,,,,,,,,,,,,,,,,,,,,👤🟩💡,白色蜡烛 [两支蜡烛],white_candle_two_candles,白色蠟燭 [兩支蠟燭],,,,,,,
,,,,,,,,,,,,,,,,,,,,,,,,,,,,,,,,👤🟩💡,白色蜡烛 [两支蜡烛点燃],white_candle_two_candles_lit,白色蠟燭 [兩支蠟燭點燃],,,,,,,
,,,,,,,,,,,,,,,,,,,,,,,,,,,,,,,,👤🟩,白色地毯,white_carpet,白色地氈 (白色地毯),,,,,,,
,,,,,,,,,,,,,,,,,,,,,,,,,,,,,,,,👤🟩,白色混凝土,white_concrete,白色混凝土,,,,,,,
,,,,,,,,,,,,,,,,,,,,,,,,,,,,,,,,👤🟩,白色混凝土粉末,white_concrete_powder,白色混凝土粉末,,,,,,,
,,,,,,,,,,,,,,,,,,,,,,,,,,,,,,,,👤🟩,白色带釉陶瓦,white_glazed_terracotta,白色釉陶,,,,,,,
,,,,,,,,,,,,,,,,,,,,,,,,,,,,,,,,🟨,白色潜影盒,white_shulker_box,白色界伏盒,,,,,,,
,,,,,,,,,,,,,,,,,,,,,,,,,,,,,,,,👤🟩,白色染色玻璃,white_stained_glass,白色染色玻璃 (白色玻璃),,,,,,,
,,,,,,,,,,,,,,,,,,,,,,,,,,,,,,,,👤🟩,白色染色玻璃板 [无边],white_stained_glass_pane_noside,白色染色玻璃片 (白色玻璃片) [無邊],,,,,,,
,,,,,,,,,,,,,,,,,,,,,,,,,,,,,,,,👤🟩,白色染色玻璃板 [无边交替],white_stained_glass_pane_noside_alt,白色染色玻璃片 (白色玻璃片) [無邊交替],,,,,,,
,,,,,,,,,,,,,,,,,,,,,,,,,,,,,,,,👤🟩,白色染色玻璃板 [柱],white_stained_glass_pane_post,白色染色玻璃片 (白色玻璃片) [柱],,,,,,,
,,,,,,,,,,,,,,,,,,,,,,,,,,,,,,,,👤🟩,白色染色玻璃板 [边],white_stained_glass_pane_side,白色染色玻璃片 (白色玻璃片) [邊],,,,,,,
,,,,,,,,,,,,,,,,,,,,,,,,,,,,,,,,👤🟩,白色染色玻璃板 [边交替],white_stained_glass_pane_side_alt,白色染色玻璃片 (白色玻璃片) [邊交替],,,,,,,
,,,,,,,,,,,,,,,,,,,,,,,,,,,,,,,,👤🟩,白色陶瓦,white_terracotta,白色陶瓦 (白色陶土),,,,,,,
,,,,,,,,,,,,,,,,,,,,,,,,,,,,,,,,🟩,白色郁金香,white_tulip,白色鬱金香,,,,,,,
,,,,,,,,,,,,,,,,,,,,,,,,,,,,,,,,👤🟩,白色羊毛,white_wool,白色羊毛,,,,,,,
,,,,,,,,,,,,,,,,,,,,,,,,,,,,,,,,🟩,野花簇 [1],wildflowers_1,野花簇 [1],,,,,,,
,,,,,,,,,,,,,,,,,,,,,,,,,,,,,,,,🟩,野花簇 [2],wildflowers_2,野花簇 [2],,,,,,,
,,,,,,,,,,,,,,,,,,,,,,,,,,,,,,,,🟩,野花簇 [3],wildflowers_3,野花簇 [3],,,,,,,
,,,,,,,,,,,,,,,,,,,,,,,,,,,,,,,,🟩,野花簇 [4],wildflowers_4,野花簇 [4],,,,,,,
,,,,,,,,,,,,,,,,,,,,,,,,,,,,,,,,🟩,凋灵玫瑰,wither_rose,凋零玫瑰,,,,,,,
,,,,,,,,,,,,,,,,,,,,,,,,,,,,,,,,👤🟩,黄色床 [尾],yellow_bed_foot,黃色牀 (黃色床) [尾],,,,,,,
,,,,,,,,,,,,,,,,,,,,,,,,,,,,,,,,👤🟩,黄色床 [头],yellow_bed_head,黃色牀 (黃色床) [頭],,,,,,,
,,,,,,,,,,,,,,,,,,,,,,,,,,,,,,,,👤🟩💡,插上黄色蜡烛的蛋糕,yellow_candle_cake,插上黃色蠟燭的蛋糕,,,,,,,
,,,,,,,,,,,,,,,,,,,,,,,,,,,,,,,,👤🟩💡,插上黄色蜡烛的蛋糕 [点燃],yellow_candle_cake_lit,插上黃色蠟燭的蛋糕 [點燃],,,,,,,
,,,,,,,,,,,,,,,,,,,,,,,,,,,,,,,,👤🟩💡,黄色蜡烛 [四支蜡烛],yellow_candle_four_candles,黃色蠟燭 [四支蠟燭],,,,,,,
,,,,,,,,,,,,,,,,,,,,,,,,,,,,,,,,👤🟩💡,黄色蜡烛 [四支蜡烛点燃],yellow_candle_four_candles_lit,黃色蠟燭 [四支蠟燭點燃],,,,,,,
,,,,,,,,,,,,,,,,,,,,,,,,,,,,,,,,👤🟩💡,黄色蜡烛 [一支蜡烛],yellow_candle_one_candle,黃色蠟燭 [一支蠟燭],,,,,,,
,,,,,,,,,,,,,,,,,,,,,,,,,,,,,,,,👤🟩💡,黄色蜡烛 [一支蜡烛点燃],yellow_candle_one_candle_lit,黃色蠟燭 [一支蠟燭點燃],,,,,,,
,,,,,,,,,,,,,,,,,,,,,,,,,,,,,,,,👤🟩💡,黄色蜡烛 [三支蜡烛],yellow_candle_three_candles,黃色蠟燭 [三支蠟燭],,,,,,,
,,,,,,,,,,,,,,,,,,,,,,,,,,,,,,,,👤🟩💡,黄色蜡烛 [三支蜡烛点燃],yellow_candle_three_candles_lit,黃色蠟燭 [三支蠟燭點燃],,,,,,,
,,,,,,,,,,,,,,,,,,,,,,,,,,,,,,,,👤🟩💡,黄色蜡烛 [两支蜡烛],yellow_candle_two_candles,黃色蠟燭 [兩支蠟燭],,,,,,,
,,,,,,,,,,,,,,,,,,,,,,,,,,,,,,,,👤🟩💡,黄色蜡烛 [两支蜡烛点燃],yellow_candle_two_candles_lit,黃色蠟燭 [兩支蠟燭點燃],,,,,,,
,,,,,,,,,,,,,,,,,,,,,,,,,,,,,,,,👤🟩,黄色地毯,yellow_carpet,黃色地氈 (黃色地毯),,,,,,,
,,,,,,,,,,,,,,,,,,,,,,,,,,,,,,,,👤🟩,黄色混凝土,yellow_concrete,黃色混凝土,,,,,,,
,,,,,,,,,,,,,,,,,,,,,,,,,,,,,,,,👤🟩,黄色混凝土粉末,yellow_concrete_powder,黃色混凝土粉末,,,,,,,
,,,,,,,,,,,,,,,,,,,,,,,,,,,,,,,,👤🟩,黄色带釉陶瓦,yellow_glazed_terracotta,黃色釉陶,,,,,,,
,,,,,,,,,,,,,,,,,,,,,,,,,,,,,,,,🟨,黄色潜影盒,yellow_shulker_box,黃色界伏盒,,,,,,,
,,,,,,,,,,,,,,,,,,,,,,,,,,,,,,,,👤🟩,黄色染色玻璃,yellow_stained_glass,黃色染色玻璃 (黃色玻璃),,,,,,,
,,,,,,,,,,,,,,,,,,,,,,,,,,,,,,,,👤🟩,黄色染色玻璃板 [无边],yellow_stained_glass_pane_noside,黃色染色玻璃片 (黃色玻璃片) [無邊],,,,,,,
,,,,,,,,,,,,,,,,,,,,,,,,,,,,,,,,👤🟩,黄色染色玻璃板 [无边交替],yellow_stained_glass_pane_noside_alt,黃色染色玻璃片 (黃色玻璃片) [無邊交替],,,,,,,
,,,,,,,,,,,,,,,,,,,,,,,,,,,,,,,,👤🟩,黄色染色玻璃板 [柱],yellow_stained_glass_pane_post,黃色染色玻璃片 (黃色玻璃片) [柱],,,,,,,
,,,,,,,,,,,,,,,,,,,,,,,,,,,,,,,,👤🟩,黄色染色玻璃板 [边],yellow_stained_glass_pane_side,黃色染色玻璃片 (黃色玻璃片) [邊],,,,,,,
,,,,,,,,,,,,,,,,,,,,,,,,,,,,,,,,👤🟩,黄色染色玻璃板 [边交替],yellow_stained_glass_pane_side_alt,黃色染色玻璃片 (黃色玻璃片) [邊交替],,,,,,,
,,,,,,,,,,,,,,,,,,,,,,,,,,,,,,,,👤🟩,黄色陶瓦,yellow_terracotta,黃色陶瓦 (黃色陶土),,,,,,,
,,,,,,,,,,,,,,,,,,,,,,,,,,,,,,,,👤🟩,黄色羊毛,yellow_wool,黃色羊毛,,,,,,,
